RegNo,Name,Age,Gender,Branch,Year,Section,CollegeName,MentorName,SGPA_Sem1,SGPA_Sem2,SGPA_Sem3,SGPA_Sem4,SGPA_Sem5,SGPA_Sem6,SGPA_Sem7,SGPA_Sem8,CGPA,IAT1,IAT2,IAT3,Attendance,StudyHoursPerDay,Backlogs,FatherIncome,MotherIncome,HasSiblings,SiblingCount,StressScore,SleepHours,MentalHealthIndex,ExerciseHours,ScreenTime,RiskLevel
CMR2023078,Steve Sanchez,18,Female,AIML,4,B,CMRIT,Dr. Ramesh,7.79,8.36,6.54,5.11,6.27,5.02,6.09,5.37,6.32,26,25,21,89,6,5,146862,20795,True,3,24,6,0.59,12,3,Medium
CMR2023019,Carla Gray,20,Female,EEE,1,A,CMRIT,Prof. Meena,6.95,8.85,9.73,5.1,9.4,7.88,7.38,9.71,7.9,24,26,26,61,6,2,146091,148165,True,3,48,6,0.61,0,7,Medium
CMR2023086,Shirley Suarez,18,Male,MECH,4,A,CMRIT,Dr. Ramesh,7.65,6.37,9.89,5.09,9.07,8.37,9.03,9.55,8.13,21,21,28,65,7,3,44032,68168,True,2,65,6,0.86,1,6,Medium
CMR2023539,David Davis,19,Male,AIML,1,A,CMRIT,Dr. Ramesh,6.48,6.04,9.14,8.4,5.34,7.26,5.59,9.72,6.26,30,26,20,98,7,0,83699,94959,False,0,67,5,0.51,9,10,Medium
CMR2023637,Randy Cannon,20,Male,CSE,3,B,CMRIT,Dr. Arvind,7.89,9.77,7.49,8.58,5.58,9.47,8.02,9.24,8.13,29,27,20,69,8,7,53967,50699,False,0,28,5,0.34,3,10,High
CMR2023807,Robert Gonzales,19,Male,ECE,1,C,CMRIT,Dr. Arvind,9.46,5.78,9.24,8.51,8.47,8.1,9.33,7.89,7.62,24,28,24,78,1,0,136960,22290,True,0,21,6,0.94,11,7,Low
CMR2023365,Kenneth Lewis,21,Male,AIML,4,A,CMRIT,Dr. Ramesh,9.08,7.34,6.57,8.21,9.14,5.82,9.02,8.23,7.93,23,24,21,74,1,1,32367,25397,False,0,97,6,0.32,4,3,High
CMR2023676,Kristen Rowe,23,Female,CSE,1,C,CMRIT,Dr. Ramesh,9.09,5.95,6.92,5.46,5.31,8.62,9.49,6.45,7.52,25,30,23,81,2,3,27295,138781,True,3,55,7,0.85,12,9,Medium
CMR2023310,Dr. Paul Morgan,21,Female,MECH,1,B,CMRIT,Prof. Kavya,7.89,5.64,9.72,5.05,9.05,9.17,6.7,7.1,6.76,30,26,28,80,6,6,83548,90479,True,0,37,5,0.98,5,10,High
CMR2023941,Virginia Casey,20,Female,CSE,4,C,CMRIT,Prof. Kavya,6.13,6.43,8.9,8.63,9.89,5.68,6.17,9.81,7.71,30,30,27,93,3,7,127021,145109,True,2,62,7,0.5,11,5,High
CMR2023874,Jesse Lynch,20,Male,AIML,4,B,CMRIT,Prof. Meena,8.09,7.97,5.93,5.83,7.37,6.18,9.67,5.8,7.1,28,25,30,44,6,3,41881,17251,True,1,43,4,0.7,4,1,High
CMR2024063,Ralph Yoder,19,Male,MECH,3,B,CMRIT,Prof. Meena,7.83,5.06,6.1,9.04,9.31,7.27,7.46,7.46,7.43,27,20,23,59,1,2,13561,95544,False,0,84,7,0.94,14,10,High
CMR2023002,Angie Henderson,21,Female,EEE,3,A,CMRIT,Dr. Arvind,6.78,8.35,8.51,8.42,5.36,8.17,7.67,6.22,7.6,27,26,24,98,5,3,62570,90008,True,1,24,6,0.58,1,4,Low
CMR2023735,Laura Jackson,19,Female,EEE,1,A,CMRIT,Prof. Kavya,9.39,6.15,6.1,6.27,7.34,5.34,8.46,8.35,7.77,26,27,25,55,0,2,7806,119698,False,0,38,7,0.73,5,6,High
CMR2023630,Rhonda Chavez,20,Female,EEE,1,B,CMRIT,Prof. Meena,8.96,7.25,7.21,6.49,5.84,7.46,6.69,6.69,8.11,30,24,28,72,2,4,94007,115615,False,0,60,9,0.89,4,3,Medium
CMR2023861,Bonnie Valencia,20,Female,CSE,3,A,CMRIT,Prof. Kavya,8.02,8.94,7.73,5.89,9.02,5.12,6.05,6.91,7.45,22,20,23,82,7,8,139674,102451,False,0,55,9,0.98,11,1,High
CMR2023056,Timothy Duncan,18,Female,AIML,2,A,CMRIT,Dr. Arvind,9.59,7.36,9.16,8.79,7.35,8.08,9.53,5.1,8.72,23,22,28,80,7,1,143352,115953,True,2,50,6,0.39,3,7,Low
CMR2024088,Katherine Gallagher,19,Male,CIVIL,3,B,CMRIT,Prof. Meena,6.53,5.39,8.1,6.86,6.86,5.44,6.6,7.55,6.53,20,27,28,79,4,1,24757,28889,True,2,22,6,0.8,3,5,Medium
CMR2023089,Aimee Montoya,20,Female,ECE,1,C,CMRIT,Dr. Arvind,8.92,7.25,6.14,7.77,6.88,5.93,7.93,6.9,8.09,29,24,23,87,6,5,24269,26505,False,0,39,7,0.8,10,3,Low
CMR2023947,Ariel Sandoval,20,Female,CIVIL,3,A,CMRIT,Dr. Ramesh,6.53,8.13,6.57,9.79,7.89,9.85,7.09,6.92,8.13,25,21,22,87,5,0,19217,115546,True,3,73,9,0.64,9,4,Medium
CMR2023260,Katie Suarez,23,Male,CIVIL,4,A,CMRIT,Dr. Ramesh,9.3,5.42,8.01,9.34,9.5,7.04,6.82,8.29,7.96,21,26,22,61,6,3,66876,34342,True,2,83,4,0.47,1,6,High
CMR2024099,Steven Howard,19,Male,ECE,1,B,CMRIT,Prof. Meena,8.72,7.26,9.24,9.77,5.92,5.39,6.84,7.82,7.99,20,24,21,91,1,2,140419,48516,True,2,28,7,0.58,0,9,Low
CMR2023611,Michael Lopez,21,Male,EEE,1,B,CMRIT,Prof. Meena,9.86,5.15,7.21,8.75,6.55,9.72,8.62,7.6,7.5,23,25,30,49,6,5,99844,68953,True,0,56,4,0.93,6,2,High
CMR2023726,Christian Dawson,18,Female,AIML,3,B,CMRIT,Prof. Kavya,7.35,5.19,8.7,9.88,7.83,8.08,9.81,7.21,7.84,21,30,29,77,7,0,98872,41006,False,0,48,6,0.44,11,6,Low
CMR2023894,Dr. Andrea Marshall,23,Female,EEE,1,A,CMRIT,Prof. Kavya,7.97,8.41,5.9,9.68,8.93,8.01,8.16,6.67,8.19,21,28,28,81,7,0,31153,45550,False,0,32,8,0.84,13,1,Low
CMR2024018,Jimmy Marks,22,Female,AIML,3,A,CMRIT,Prof. Meena,8.75,8.94,9.39,9.35,9.81,8.92,7.38,7.33,9.19,28,27,24,78,7,5,11559,74504,True,0,81,7,0.63,1,5,High
CMR2023439,Jason Rhodes,21,Female,EEE,3,C,CMRIT,Dr. Ramesh,7.79,7.18,6.74,5.13,6.83,7.33,8.35,8.64,6.83,23,29,28,63,8,3,55065,105258,False,0,42,9,1.0,3,8,Medium
CMR2023467,William Jones,18,Male,ECE,1,A,CMRIT,Prof. Meena,5.58,5.42,5.99,7.71,6.07,7.44,7.85,7.91,5.5,21,27,30,61,8,7,56065,124604,True,2,72,8,0.49,10,3,High
CMR2023872,Michael Blair,23,Female,CSE,1,C,CMRIT,Prof. Meena,7.17,8.72,6.5,8.59,7.9,7.15,6.94,5.62,7.95,23,23,25,43,2,3,134734,74164,False,0,70,8,0.97,5,8,High
CMR2023371,Debra White,23,Female,CSE,1,A,CMRIT,Dr. Ramesh,9.59,9.61,8.84,6.0,6.64,6.59,9.98,7.43,9.6,27,21,24,78,6,0,124165,15035,True,3,38,9,0.45,9,1,Low
CMR2023517,Michael Cooper,19,Male,AIML,1,A,CMRIT,Dr. Arvind,5.32,7.86,6.18,5.44,5.38,8.62,8.68,6.71,6.59,29,21,22,51,1,1,125786,91743,True,0,27,9,0.4,14,2,High
CMR2023219,Bailey Duran DDS,21,Female,AIML,4,C,CMRIT,Prof. Kavya,6.05,8.67,6.73,8.21,8.78,5.58,5.84,6.99,7.11,24,27,28,40,4,7,66252,104562,False,0,80,6,0.4,13,7,High
CMR2024114,Dennis Mills,18,Male,CIVIL,2,C,CMRIT,Prof. Kavya,7.65,6.51,9.86,9.16,8.12,8.82,8.43,9.45,8.29,28,26,27,71,7,3,38516,56548,True,0,27,6,0.77,8,2,Medium
CMR2023516,William Day,21,Female,CSE,3,C,CMRIT,Prof. Meena,6.68,9.02,9.27,8.92,7.04,6.71,9.71,8.6,7.94,28,23,27,97,1,0,78830,74906,True,3,30,9,0.94,13,9,Low
CMR2023719,Jeffrey Roberson,23,Female,EEE,1,B,CMRIT,Prof. Kavya,9.11,8.09,9.97,6.06,8.28,9.5,6.21,9.49,8.6,27,23,21,92,3,0,35078,144348,True,2,70,9,0.86,4,2,Medium
CMR2023448,Ryan Rosales,20,Male,AIML,2,A,CMRIT,Prof. Meena,5.45,6.22,8.42,9.23,6.87,7.39,6.72,7.35,7.33,30,26,23,65,5,4,128812,103642,False,0,51,4,0.57,5,3,High
CMR2023710,Anthony Jones,21,Male,CSE,2,A,CMRIT,Prof. Meena,9.35,6.38,6.2,8.88,7.94,5.59,5.91,5.61,7.7,24,20,30,96,4,3,74408,147727,True,1,40,7,0.87,4,6,Low
CMR2023013,Michele Williams,19,Female,CSE,2,C,CMRIT,Dr. Arvind,8.91,7.06,8.35,8.68,6.24,5.8,8.51,6.91,8.25,20,27,23,65,5,4,57316,125665,False,0,59,5,0.46,10,4,Medium
CMR2023680,Suzanne Wood,22,Female,EEE,1,C,CMRIT,Prof. Kavya,5.63,9.72,5.66,9.41,8.82,6.79,9.25,8.16,7.68,29,28,22,63,2,1,104651,8851,False,0,30,8,0.9,12,10,Medium
CMR2023524,Krista Martinez,20,Female,CIVIL,2,A,CMRIT,Dr. Arvind,8.91,7.86,9.56,8.54,8.05,9.07,6.25,7.82,8.72,20,25,28,44,7,6,30056,105700,True,2,30,8,0.64,9,5,High
CMR2024039,Corey Whitaker,23,Female,ECE,4,B,CMRIT,Dr. Ramesh,9.83,5.32,8.18,9.85,6.93,9.44,9.64,7.14,8.29,25,21,30,62,5,1,35884,134242,False,0,52,6,0.46,9,7,Medium
CMR2023669,Michael Morrison,18,Female,MECH,3,C,CMRIT,Prof. Kavya,6.84,6.32,7.57,6.55,5.62,7.79,8.76,7.52,6.78,24,25,24,61,2,3,17359,13240,False,0,52,6,0.76,4,8,Medium
CMR2023979,David Rodriguez,23,Male,AIML,4,C,CMRIT,Dr. Arvind,5.94,8.99,8.62,5.5,5.71,8.28,7.88,6.37,7.16,22,26,25,97,2,5,53405,125774,False,0,39,8,0.6,10,7,Medium
CMR2023287,Carolyn Miller,21,Male,CIVIL,2,C,CMRIT,Dr. Arvind,9.61,5.59,9.26,5.55,6.85,6.45,7.61,5.59,7.5,24,25,24,96,4,3,82065,132382,True,1,38,8,0.6,14,5,Low
CMR2023102,Rebecca Valencia,23,Female,EEE,4,B,CMRIT,Dr. Ramesh,9.34,9.24,5.47,9.86,8.17,8.49,9.25,8.98,8.6,26,23,26,76,7,5,60535,134686,False,0,61,6,0.54,9,3,Medium
CMR2023988,Anna Wheeler,19,Female,MECH,4,B,CMRIT,Prof. Meena,5.24,8.24,5.24,5.04,8.9,8.94,6.37,8.42,7.05,27,30,25,96,3,8,83013,23037,True,1,74,8,0.65,0,2,High
CMR2024151,Robert West,23,Female,CSE,2,A,CMRIT,Prof. Meena,9.69,9.92,8.84,9.34,8.95,8.98,6.98,7.87,9.45,30,29,27,91,7,4,104436,144873,True,3,20,8,0.52,7,2,Low
CMR2023210,Christopher Smith,20,Female,AIML,1,B,CMRIT,Prof. Kavya,5.46,9.01,8.49,5.49,6.55,8.22,8.83,7.35,7.23,23,22,29,69,7,0,72646,100276,False,0,43,9,0.94,5,6,Medium
CMR2023391,Laura Mckinney,23,Female,AIML,3,A,CMRIT,Prof. Meena,5.88,6.38,8.04,7.59,5.55,5.25,6.24,5.56,6.45,21,20,20,65,6,1,74777,67591,True,0,55,5,0.92,11,7,Medium
CMR2023748,Jenna Wilson,21,Female,AIML,4,C,CMRIT,Dr. Arvind,7.88,7.63,8.26,7.57,6.0,8.68,5.1,6.1,7.15,26,26,26,74,5,3,10488,49064,True,0,20,6,0.96,11,3,Medium
CMR2023003,Daniel Wagner,23,Female,EEE,4,A,CMRIT,Dr. Arvind,5.7,8.72,7.69,8.74,7.14,7.92,6.81,9.99,7.84,22,28,27,44,6,6,28831,17351,True,1,100,5,0.85,6,10,High
CMR2023167,Alyssa Day,20,Male,EEE,1,C,CMRIT,Dr. Ramesh,7.52,6.7,5.59,7.57,6.29,7.69,8.97,6.25,7.11,27,26,29,70,1,4,131780,68772,False,0,78,9,0.62,9,1,High
CMR2023260,Katie Suarez,23,Male,CIVIL,4,A,CMRIT,Dr. Ramesh,9.3,5.42,8.01,9.34,9.5,7.04,6.82,8.29,7.96,21,26,22,61,6,3,66876,34342,True,2,83,4,0.47,1,6,High
CMR2023170,Jamie Walton,19,Female,EEE,2,C,CMRIT,Prof. Kavya,5.27,9.0,7.39,7.7,7.51,6.97,8.43,5.87,7.34,21,28,27,95,4,2,87746,7206,True,1,68,8,0.37,5,10,Medium
CMR2023614,Elizabeth Sharp,18,Male,EEE,1,C,CMRIT,Dr. Arvind,5.4,8.15,5.37,8.69,5.27,7.04,5.89,8.15,6.78,23,29,27,68,7,4,112776,42656,True,2,48,9,0.5,0,8,Medium
CMR2023001,Noah Rhodes,20,Female,AIML,2,B,CMRIT,Dr. Ramesh,5.46,5.48,9.24,8.02,9.04,8.65,7.68,9.87,7.05,26,21,28,94,3,1,81854,99800,True,0,25,9,0.46,4,2,Medium
CMR2023539,David Davis,19,Male,AIML,1,A,CMRIT,Dr. Ramesh,6.48,6.04,9.14,8.4,5.34,7.26,5.59,9.72,6.26,30,26,20,98,7,0,83699,94959,False,0,67,5,0.51,9,10,Medium
CMR2023220,Courtney Mills,21,Female,MECH,1,A,CMRIT,Dr. Arvind,9.78,7.16,9.59,9.29,6.67,6.34,5.49,8.27,8.47,26,27,30,93,1,0,68385,56098,False,0,43,6,0.68,10,1,Low
CMR2023185,Dr. Hannah Patterson,20,Male,AIML,1,A,CMRIT,Prof. Kavya,7.66,5.95,7.63,6.24,8.13,5.89,8.75,7.08,6.8,21,30,29,72,5,2,98837,125250,False,0,33,5,0.85,8,7,Medium
CMR2023938,Amy Ramirez,22,Female,AIML,1,B,CMRIT,Dr. Ramesh,9.56,5.7,7.18,5.92,9.41,8.09,5.45,5.79,7.63,27,24,22,97,1,5,41394,39346,True,2,31,7,0.62,14,3,Low
CMR2023056,Timothy Duncan,18,Female,AIML,2,A,CMRIT,Dr. Arvind,9.59,7.36,9.16,8.79,7.35,8.08,9.53,5.1,8.72,23,22,28,80,7,1,143352,115953,True,2,50,6,0.39,3,7,Low
CMR2024012,Peter Thompson,21,Female,EEE,4,C,CMRIT,Dr. Arvind,5.0,6.69,7.71,7.53,9.72,8.43,6.92,8.31,7.54,24,29,30,76,8,5,52369,58584,False,0,46,6,0.73,10,7,Low
CMR2023670,Chelsea Gill,18,Male,AIML,2,A,CMRIT,Prof. Meena,6.43,7.69,8.83,8.65,7.46,9.7,8.67,9.92,7.9,27,27,26,74,6,2,59075,68673,False,0,41,7,0.42,3,9,Medium
CMR2023616,Bryan Parker,19,Male,EEE,2,A,CMRIT,Prof. Kavya,9.77,6.57,8.57,5.86,6.72,9.81,5.54,7.72,7.69,21,27,20,88,6,3,58717,48063,True,0,97,5,0.3,1,4,High
CMR2023192,Debra Christian,19,Female,MECH,4,C,CMRIT,Prof. Kavya,8.48,8.34,6.88,9.53,7.63,6.28,5.3,6.0,7.3,29,24,20,95,1,0,126886,7184,True,3,54,9,0.9,10,6,Medium
CMR2023350,Ana Hill,18,Female,AIML,2,B,CMRIT,Dr. Ramesh,8.08,5.45,5.25,7.04,6.53,8.17,6.16,6.68,6.46,27,20,28,55,5,0,116954,18541,False,0,34,6,0.55,5,7,High
CMR2024025,Amanda Hill,19,Male,AIML,3,A,CMRIT,Prof. Kavya,5.04,6.78,6.87,6.34,9.72,7.09,6.59,9.07,6.97,25,23,29,60,5,0,143209,146024,False,0,41,9,0.38,8,10,Medium
CMR2023293,Margaret Coleman,22,Female,CIVIL,2,A,CMRIT,Dr. Ramesh,9.67,7.41,7.99,9.2,6.9,6.76,8.16,7.93,8.57,28,24,20,86,8,4,47314,145008,True,2,31,7,0.79,13,3,Low
CMR2023531,Mark Jimenez,18,Female,MECH,4,A,CMRIT,Prof. Kavya,5.56,6.94,5.53,9.67,6.03,8.8,8.68,6.49,7.21,30,23,29,53,8,0,84526,99617,False,0,26,9,0.74,9,5,High
CMR2023119,Jeffrey Chandler,23,Male,ECE,1,A,CMRIT,Prof. Kavya,7.93,9.59,8.87,9.23,9.3,9.8,6.87,9.71,8.76,26,29,21,81,5,2,93227,84105,False,0,37,5,0.81,6,8,Low
CMR2023827,Claudia Jordan,23,Female,CIVIL,1,C,CMRIT,Prof. Kavya,8.68,9.85,6.51,7.71,7.46,7.16,8.17,9.15,9.27,23,23,23,61,7,8,49605,117721,False,0,32,6,0.91,0,3,High
CMR2024024,James Washington,20,Male,ECE,4,B,CMRIT,Dr. Arvind,9.14,5.01,6.64,6.31,5.52,9.65,8.73,8.36,7.42,23,28,27,70,4,1,64155,98676,True,3,72,6,0.95,13,8,Medium
CMR2023322,Johnathan Davis,19,Female,AIML,2,B,CMRIT,Dr. Arvind,7.88,9.84,6.01,9.31,7.41,9.76,6.8,6.89,8.26,27,27,26,78,8,2,137459,118621,True,3,22,7,0.6,1,5,Low
CMR2023391,Laura Mckinney,23,Female,AIML,3,A,CMRIT,Prof. Meena,5.88,6.38,8.04,7.59,5.55,5.25,6.24,5.56,6.45,21,20,20,65,6,1,74777,67591,True,0,55,5,0.92,11,7,Medium
CMR2023719,Jeffrey Roberson,23,Female,EEE,1,B,CMRIT,Prof. Kavya,9.11,8.09,9.97,6.06,8.28,9.5,6.21,9.49,8.6,27,23,21,92,3,0,35078,144348,True,2,70,9,0.86,4,2,Medium
CMR2024147,Sarah Booth,19,Male,AIML,3,A,CMRIT,Dr. Arvind,6.19,6.87,8.43,5.42,6.99,5.09,7.88,5.43,6.5,29,28,30,89,6,7,73600,10169,False,0,20,9,0.38,0,9,High
CMR2023676,Kristen Rowe,23,Female,CSE,1,C,CMRIT,Dr. Ramesh,9.09,5.95,6.92,5.46,5.31,8.62,9.49,6.45,7.52,25,30,23,81,2,3,27295,138781,True,3,55,7,0.85,12,9,Medium
CMR2023498,Meghan Rush,20,Male,CSE,3,B,CMRIT,Prof. Kavya,8.54,9.4,7.5,5.92,7.01,6.13,9.93,8.17,7.42,25,27,21,40,8,0,142328,72572,True,0,91,4,0.78,1,3,High
CMR2023226,Kirk Carter,18,Female,CIVIL,1,B,CMRIT,Dr. Ramesh,6.06,8.27,7.62,9.7,9.35,7.68,8.71,6.16,7.16,21,20,22,40,2,0,133160,9997,False,0,99,4,0.47,10,3,High
CMR2023343,Nichole Alvarez,18,Female,CIVIL,2,C,CMRIT,Prof. Meena,8.53,5.92,9.93,8.99,7.51,6.38,7.14,9.71,8.34,23,24,30,100,1,2,27791,85127,False,0,60,4,0.74,1,4,High
CMR2023710,Anthony Jones,21,Male,CSE,2,A,CMRIT,Prof. Meena,9.35,6.38,6.2,8.88,7.94,5.59,5.91,5.61,7.7,24,20,30,96,4,3,74408,147727,True,1,40,7,0.87,4,6,Low
CMR2023979,David Rodriguez,23,Male,AIML,4,C,CMRIT,Dr. Arvind,5.94,8.99,8.62,5.5,5.71,8.28,7.88,6.37,7.16,22,26,25,97,2,5,53405,125774,False,0,39,8,0.6,10,7,Medium
CMR2023991,Brian Harris,18,Female,CIVIL,1,A,CMRIT,Prof. Meena,9.57,7.28,7.17,6.34,6.83,8.97,8.97,8.36,8.43,29,25,21,96,1,4,52265,61804,False,0,20,8,0.56,12,2,Low
CMR2023033,Nathan Maldonado,22,Female,ECE,3,C,CMRIT,Prof. Meena,7.28,6.61,5.94,8.49,7.86,6.17,8.88,5.22,7.06,27,26,26,46,8,7,44873,134847,True,1,84,8,0.53,1,8,High
CMR2023644,Edwin Nunez,21,Male,AIML,3,A,CMRIT,Prof. Meena,9.68,7.75,7.7,6.94,8.81,5.65,9.23,6.3,7.75,21,22,20,75,7,4,41921,131314,True,3,35,6,0.73,7,4,Low
CMR2023991,Brian Harris,18,Female,CIVIL,1,A,CMRIT,Prof. Meena,9.57,7.28,7.17,6.34,6.83,8.97,8.97,8.36,8.43,29,25,21,96,1,4,52265,61804,False,0,20,8,0.56,12,2,Low
CMR2023249,Kimberly Gutierrez,19,Male,MECH,1,A,CMRIT,Dr. Ramesh,7.64,8.58,9.82,5.86,8.77,5.02,8.63,9.62,8.11,28,27,25,66,1,5,53529,120255,True,1,65,7,0.6,8,4,Medium
CMR2023774,Carly Riggs,21,Male,EEE,1,A,CMRIT,Prof. Meena,9.98,8.25,7.05,6.72,6.25,5.89,5.41,9.04,9.12,24,21,30,61,8,4,113058,25065,True,0,99,9,0.62,5,4,High
CMR2023598,Kimberly Sharp,18,Female,AIML,2,B,CMRIT,Prof. Meena,8.09,8.93,5.08,8.12,8.18,9.69,9.62,5.92,7.55,21,20,24,87,0,4,17317,37089,False,0,52,8,0.39,8,9,Medium
CMR2023938,Amy Ramirez,22,Female,AIML,1,B,CMRIT,Dr. Ramesh,9.56,5.7,7.18,5.92,9.41,8.09,5.45,5.79,7.63,27,24,22,97,1,5,41394,39346,True,2,31,7,0.62,14,3,Low
CMR2023086,Shirley Suarez,18,Male,MECH,4,A,CMRIT,Dr. Ramesh,7.65,6.37,9.89,5.09,9.07,8.37,9.03,9.55,8.13,21,21,28,65,7,3,44032,68168,True,2,65,6,0.86,1,6,Medium
CMR2024077,David Carter,18,Female,CSE,1,C,CMRIT,Prof. Meena,7.48,9.91,9.88,8.35,5.14,5.65,5.37,5.65,8.7,21,28,22,93,0,4,149102,97492,True,1,49,9,0.4,9,8,Low
CMR2023970,Nicholas Rush,23,Male,EEE,3,C,CMRIT,Prof. Kavya,9.04,7.83,5.53,6.62,8.11,7.4,5.76,6.61,7.42,29,27,26,98,4,1,82695,11537,True,2,88,4,0.52,14,2,High
CMR2023109,Sharon Cochran,23,Female,CIVIL,1,A,CMRIT,Dr. Arvind,9.04,6.36,5.32,8.56,7.88,5.39,7.28,6.8,7.7,27,29,22,87,8,0,101387,46237,False,0,33,8,0.77,1,4,Low
CMR2023203,Joseph Coleman,23,Female,ECE,4,C,CMRIT,Prof. Kavya,8.48,8.06,5.55,8.65,8.14,9.94,7.42,8.44,8.09,24,26,29,71,2,3,87965,73068,False,0,36,8,0.69,8,8,Medium
CMR2023726,Christian Dawson,18,Female,AIML,3,B,CMRIT,Prof. Kavya,7.35,5.19,8.7,9.88,7.83,8.08,9.81,7.21,7.84,21,30,29,77,7,0,98872,41006,False,0,48,6,0.44,11,6,Low
CMR2023402,Mary Thompson,19,Male,EEE,4,B,CMRIT,Dr. Arvind,8.34,9.8,7.46,8.34,6.96,8.49,5.54,7.08,7.75,26,22,20,68,0,5,79297,124821,True,3,21,8,0.51,10,10,Medium
CMR2023500,Jennifer Banks,20,Male,ECE,2,C,CMRIT,Prof. Kavya,9.5,7.49,8.02,9.99,9.6,9.69,9.64,7.74,8.75,26,27,21,90,6,0,22160,93694,True,2,38,5,0.97,7,4,Low
CMR2023769,Todd Thomas,20,Male,ECE,2,B,CMRIT,Prof. Meena,8.8,5.8,9.97,9.91,5.52,5.91,6.09,5.15,8.62,28,28,25,45,4,5,118879,145607,True,0,93,5,0.73,7,9,High
CMR2023387,James Padilla,19,Female,MECH,1,C,CMRIT,Dr. Ramesh,6.3,8.92,5.55,9.74,5.38,6.65,8.06,9.06,7.61,24,22,22,80,7,1,125768,36431,True,2,38,8,0.92,14,7,Low
CMR2023034,Debra Davidson,18,Male,EEE,2,A,CMRIT,Prof. Meena,8.91,6.33,8.12,6.99,5.4,6.64,8.37,7.67,7.59,25,30,27,67,1,1,146824,14410,True,1,100,9,0.94,3,2,High
CMR2023851,Paul Lawrence,19,Male,EEE,1,B,CMRIT,Prof. Meena,9.03,8.02,8.12,7.64,6.42,5.37,6.86,6.55,8.52,27,30,22,66,2,0,40360,18237,False,0,43,8,0.67,2,3,Medium
CMR2023727,Nancy Stewart,19,Female,ECE,1,A,CMRIT,Prof. Kavya,7.31,8.37,7.13,6.17,5.39,6.57,6.45,7.62,7.84,28,29,25,88,4,4,108146,96404,False,0,72,9,0.6,4,6,Medium
CMR2023719,Jeffrey Roberson,23,Female,EEE,1,B,CMRIT,Prof. Kavya,9.11,8.09,9.97,6.06,8.28,9.5,6.21,9.49,8.6,27,23,21,92,3,0,35078,144348,True,2,70,9,0.86,4,2,Medium
CMR2023673,Timothy Hayden,18,Female,AIML,1,A,CMRIT,Prof. Meena,9.8,7.56,6.28,7.69,6.93,8.11,7.9,9.94,8.68,28,28,22,46,4,7,20970,85235,False,0,81,8,0.79,13,8,High
CMR2024180,Michelle Walls,19,Female,MECH,2,C,CMRIT,Dr. Arvind,7.75,6.69,6.37,6.58,9.35,6.06,8.85,9.47,6.85,26,20,23,75,7,3,86478,141152,True,1,74,7,0.68,14,4,Medium
CMR2024116,Jon Clark,19,Female,ECE,1,C,CMRIT,Prof. Meena,8.04,7.12,5.95,9.57,8.05,5.33,9.24,7.17,7.58,20,23,22,96,6,7,64068,22752,True,1,63,5,0.85,8,3,High
CMR2023064,Jessica Callahan,19,Female,MECH,1,A,CMRIT,Prof. Kavya,6.52,5.81,9.67,6.13,9.74,7.59,6.42,5.39,6.16,23,30,28,77,2,2,76945,37812,False,0,98,8,0.37,10,3,High
CMR2023667,Tammy Boone,18,Male,CSE,2,B,CMRIT,Dr. Ramesh,5.46,9.55,9.26,9.08,6.26,8.98,8.2,9.97,8.34,20,28,20,52,1,2,33402,129409,False,0,81,9,0.65,8,3,High
CMR2024052,Lindsay Smith,23,Male,ECE,2,B,CMRIT,Prof. Meena,10.0,6.84,8.37,6.78,7.64,7.04,7.45,7.27,8.0,22,28,28,79,0,1,61203,75802,True,1,49,6,0.87,12,4,Low
CMR2023516,William Day,21,Female,CSE,3,C,CMRIT,Prof. Meena,6.68,9.02,9.27,8.92,7.04,6.71,9.71,8.6,7.94,28,23,27,97,1,0,78830,74906,True,3,30,9,0.94,13,9,Low
CMR2023496,Austin Osborne,23,Female,CSE,3,C,CMRIT,Dr. Arvind,9.74,8.64,8.57,7.45,8.52,9.71,9.93,6.08,8.77,27,24,28,95,0,0,84865,91647,True,3,38,8,0.99,9,6,Low
CMR2023219,Bailey Duran DDS,21,Female,AIML,4,C,CMRIT,Prof. Kavya,6.05,8.67,6.73,8.21,8.78,5.58,5.84,6.99,7.11,24,27,28,40,4,7,66252,104562,False,0,80,6,0.4,13,7,High
CMR2024046,Nicole Barker,18,Female,ECE,3,C,CMRIT,Dr. Arvind,8.24,8.54,8.19,6.53,9.92,7.16,7.35,7.46,8.1,25,26,29,59,1,5,50802,41926,True,2,98,4,0.64,11,4,High
CMR2023575,Kelly Edwards,18,Male,CSE,1,A,CMRIT,Dr. Ramesh,8.89,8.97,9.72,9.83,5.57,7.26,5.61,8.83,8.93,28,27,28,64,3,8,37007,131154,False,0,30,6,0.85,5,3,High
CMR2023846,Brandi Haney,21,Male,AIML,1,C,CMRIT,Dr. Ramesh,7.59,9.49,9.8,5.33,5.8,5.75,5.83,9.73,8.54,28,22,30,73,8,5,82590,83419,False,0,23,9,0.9,7,3,Medium
CMR2023532,Donna Frye,20,Male,AIML,2,B,CMRIT,Prof. Kavya,7.5,8.6,8.6,7.29,6.95,8.77,9.6,7.4,8.0,29,24,30,99,0,4,70147,25361,True,0,23,8,0.34,0,5,Low
CMR2023927,Jacqueline Mccoy,23,Female,CSE,1,A,CMRIT,Dr. Arvind,6.41,8.6,5.33,8.54,7.92,7.99,8.07,7.6,7.5,25,26,26,67,7,5,79010,137824,True,0,23,6,0.37,10,6,Medium
CMR2023119,Jeffrey Chandler,23,Male,ECE,1,A,CMRIT,Prof. Kavya,7.93,9.59,8.87,9.23,9.3,9.8,6.87,9.71,8.76,26,29,21,81,5,2,93227,84105,False,0,37,5,0.81,6,8,Low
CMR2023400,Robin Young,18,Female,CIVIL,1,B,CMRIT,Dr. Ramesh,9.11,7.83,8.45,9.32,5.61,7.92,7.55,8.58,8.47,23,28,22,91,7,3,134841,40757,True,1,58,9,0.52,14,1,Medium
CMR2023093,Christina Walters,18,Female,CIVIL,2,B,CMRIT,Dr. Arvind,9.16,5.35,9.24,8.98,8.36,5.7,6.51,6.26,8.18,22,26,26,74,0,5,24389,122720,False,0,94,7,0.67,14,7,High
CMR2024088,Katherine Gallagher,19,Male,CIVIL,3,B,CMRIT,Prof. Meena,6.53,5.39,8.1,6.86,6.86,5.44,6.6,7.55,6.53,20,27,28,79,4,1,24757,28889,True,2,22,6,0.8,3,5,Medium
CMR2023244,Shannon Rivera,22,Female,AIML,1,A,CMRIT,Prof. Kavya,6.31,9.78,9.17,7.36,8.27,9.46,7.09,7.46,8.04,30,23,20,76,6,4,36288,77670,False,0,28,8,0.82,9,8,Low
CMR2023010,Monica Herrera,23,Female,EEE,3,A,CMRIT,Dr. Ramesh,7.29,9.99,9.98,5.37,6.07,6.33,9.67,9.4,7.5,23,25,24,59,1,2,46352,119867,False,0,98,9,0.67,10,9,High
CMR2023249,Kimberly Gutierrez,19,Male,MECH,1,A,CMRIT,Dr. Ramesh,7.64,8.58,9.82,5.86,8.77,5.02,8.63,9.62,8.11,28,27,25,66,1,5,53529,120255,True,1,65,7,0.6,8,4,Medium
CMR2024195,Cynthia Mueller,20,Male,CIVIL,4,B,CMRIT,Dr. Arvind,7.7,9.33,9.67,5.88,7.05,5.3,7.37,6.43,7.34,24,25,26,89,8,2,88011,120773,True,3,80,7,0.55,4,2,High
CMR2023414,Erica Alvarez,21,Female,MECH,4,B,CMRIT,Dr. Arvind,5.81,6.91,8.73,9.62,5.66,5.08,9.0,9.75,7.57,21,23,28,90,0,1,82548,93482,False,0,24,8,0.49,4,5,Low
CMR2023372,Ellen Morgan,20,Female,EEE,2,A,CMRIT,Prof. Kavya,9.34,9.76,8.42,6.35,8.18,5.42,5.35,7.03,8.47,24,27,26,61,4,2,142567,61126,False,0,43,4,0.36,14,7,High
CMR2023625,Michael Miller,23,Male,AIML,3,C,CMRIT,Prof. Kavya,8.89,6.71,6.87,6.26,9.67,6.97,7.97,5.98,7.56,25,29,24,97,1,5,53677,69651,True,2,70,5,0.91,3,9,Medium
CMR2023865,Antonio Mccormick,23,Male,CIVIL,2,A,CMRIT,Prof. Meena,8.75,6.45,8.73,9.11,7.86,8.65,7.88,7.11,8.26,27,26,26,63,3,0,39673,111809,True,1,61,9,0.83,6,1,Medium
CMR2023220,Courtney Mills,21,Female,MECH,1,A,CMRIT,Dr. Arvind,9.78,7.16,9.59,9.29,6.67,6.34,5.49,8.27,8.47,26,27,30,93,1,0,68385,56098,False,0,43,6,0.68,10,1,Low
CMR2023241,Matthew Moon,20,Male,CIVIL,4,A,CMRIT,Prof. Kavya,8.39,5.58,5.12,8.09,6.1,6.79,6.63,8.04,6.84,23,29,28,72,6,3,63233,77856,True,0,30,8,0.89,10,2,Medium
CMR2023364,Tracy Burke,23,Male,ECE,1,A,CMRIT,Dr. Ramesh,9.41,5.16,8.76,7.52,5.05,9.16,8.4,9.38,7.29,28,24,29,100,2,3,136562,85224,True,3,40,6,0.98,8,7,Medium
CMR2024128,Anna Briggs,22,Female,AIML,4,B,CMRIT,Prof. Kavya,7.01,6.11,9.92,6.38,7.94,9.85,5.1,9.54,7.73,25,28,28,78,3,5,6833,128440,True,3,28,6,0.88,2,3,Low
CMR2023119,Jeffrey Chandler,23,Male,ECE,1,A,CMRIT,Prof. Kavya,7.93,9.59,8.87,9.23,9.3,9.8,6.87,9.71,8.76,26,29,21,81,5,2,93227,84105,False,0,37,5,0.81,6,8,Low
CMR2023430,Maria Henderson,19,Female,ECE,4,A,CMRIT,Prof. Kavya,9.7,5.18,5.1,9.7,5.51,6.99,7.42,5.78,6.92,24,20,23,95,1,1,69830,13854,False,0,35,7,0.76,2,5,Medium
CMR2023128,Cameron Fisher,20,Female,ECE,3,C,CMRIT,Prof. Meena,8.02,5.45,7.21,9.57,7.04,7.42,7.58,6.87,7.45,20,28,22,52,3,0,22201,86559,False,0,37,8,0.92,0,3,High
CMR2023271,Veronica Simpson,23,Female,ECE,1,C,CMRIT,Dr. Ramesh,7.74,8.01,5.46,6.28,6.2,8.85,6.99,5.1,7.88,23,22,26,97,2,5,110485,79694,True,0,58,7,0.86,11,5,Medium
CMR2023552,Diana Hays,22,Female,AIML,2,A,CMRIT,Dr. Arvind,8.81,5.86,9.83,6.92,7.71,5.09,5.8,7.86,7.86,29,24,27,98,3,4,37653,30082,True,3,48,5,0.62,2,3,Low
CMR2023500,Jennifer Banks,20,Male,ECE,2,C,CMRIT,Prof. Kavya,9.5,7.49,8.02,9.99,9.6,9.69,9.64,7.74,8.75,26,27,21,90,6,0,22160,93694,True,2,38,5,0.97,7,4,Low
CMR2024020,Jason Hernandez,20,Female,ECE,2,B,CMRIT,Prof. Kavya,9.57,9.32,5.65,7.06,9.92,8.16,9.58,8.36,7.9,20,20,24,88,5,6,127267,12576,True,0,27,9,0.47,4,10,High
CMR2023313,Tracy Ballard,19,Female,CSE,4,C,CMRIT,Prof. Kavya,7.63,9.55,9.4,7.3,7.88,8.69,6.44,9.4,8.29,27,25,24,69,6,2,107521,50908,False,0,51,5,0.93,11,7,Medium
CMR2024151,Robert West,23,Female,CSE,2,A,CMRIT,Prof. Meena,9.69,9.92,8.84,9.34,8.95,8.98,6.98,7.87,9.45,30,29,27,91,7,4,104436,144873,True,3,20,8,0.52,7,2,Low
CMR2023661,Emma Butler,23,Female,CIVIL,1,C,CMRIT,Prof. Kavya,8.5,7.97,7.87,7.73,5.21,7.71,9.54,5.01,8.23,26,27,28,90,3,5,43131,30401,False,0,30,7,0.49,8,2,Low
CMR2024185,John Duncan,23,Male,EEE,2,C,CMRIT,Dr. Arvind,8.29,9.37,9.71,6.62,8.4,7.25,9.9,7.93,8.5,24,20,29,91,4,0,27291,111532,False,0,24,8,0.38,3,7,Low
CMR2023644,Edwin Nunez,21,Male,AIML,3,A,CMRIT,Prof. Meena,9.68,7.75,7.7,6.94,8.81,5.65,9.23,6.3,7.75,21,22,20,75,7,4,41921,131314,True,3,35,6,0.73,7,4,Low
CMR2023410,Angela Lin,19,Male,EEE,1,C,CMRIT,Dr. Arvind,6.76,6.72,9.59,6.19,5.46,5.05,7.07,8.76,6.74,28,29,20,60,5,3,8905,70515,True,0,27,5,0.61,4,1,Medium
CMR2023644,Edwin Nunez,21,Male,AIML,3,A,CMRIT,Prof. Meena,9.68,7.75,7.7,6.94,8.81,5.65,9.23,6.3,7.75,21,22,20,75,7,4,41921,131314,True,3,35,6,0.73,7,4,Low
CMR2024129,James Rivers,23,Female,CIVIL,3,C,CMRIT,Dr. Arvind,7.98,5.91,6.63,8.97,7.82,7.21,7.22,8.0,7.42,21,21,30,95,4,5,54379,122758,True,0,59,6,0.63,2,8,Medium
CMR2024093,Michael Sims,18,Female,EEE,2,C,CMRIT,Prof. Kavya,7.29,6.76,6.41,7.33,6.12,8.62,8.91,9.8,6.95,23,20,26,75,3,6,121246,141427,False,0,33,9,0.48,4,10,High
CMR2024151,Robert West,23,Female,CSE,2,A,CMRIT,Prof. Meena,9.69,9.92,8.84,9.34,8.95,8.98,6.98,7.87,9.45,30,29,27,91,7,4,104436,144873,True,3,20,8,0.52,7,2,Low
CMR2023580,William Evans,23,Female,MECH,3,A,CMRIT,Prof. Meena,8.76,5.2,9.59,7.1,8.29,6.35,5.26,5.34,7.55,29,20,21,77,8,3,130036,16147,False,0,66,7,0.68,4,3,Medium
CMR2023851,Paul Lawrence,19,Male,EEE,1,B,CMRIT,Prof. Meena,9.03,8.02,8.12,7.64,6.42,5.37,6.86,6.55,8.52,27,30,22,66,2,0,40360,18237,False,0,43,8,0.67,2,3,Medium
CMR2023387,James Padilla,19,Female,MECH,1,C,CMRIT,Dr. Ramesh,6.3,8.92,5.55,9.74,5.38,6.65,8.06,9.06,7.61,24,22,22,80,7,1,125768,36431,True,2,38,8,0.92,14,7,Low
CMR2023242,Kevin Walters,21,Female,MECH,1,C,CMRIT,Dr. Arvind,6.99,8.58,7.14,6.93,5.06,6.72,6.54,7.23,7.79,28,21,23,86,6,2,121449,113949,False,0,56,5,0.86,14,7,Medium
CMR2023496,Austin Osborne,23,Female,CSE,3,C,CMRIT,Dr. Arvind,9.74,8.64,8.57,7.45,8.52,9.71,9.93,6.08,8.77,27,24,28,95,0,0,84865,91647,True,3,38,8,0.99,9,6,Low
CMR2023425,Gregory Ponce,20,Male,MECH,3,B,CMRIT,Prof. Meena,8.15,7.56,8.89,8.53,6.57,9.62,7.17,9.66,8.22,28,25,23,56,7,2,14341,7089,True,1,95,7,0.91,3,4,High
CMR2023552,Diana Hays,22,Female,AIML,2,A,CMRIT,Dr. Arvind,8.81,5.86,9.83,6.92,7.71,5.09,5.8,7.86,7.86,29,24,27,98,3,4,37653,30082,True,3,48,5,0.62,2,3,Low
CMR2024024,James Washington,20,Male,ECE,4,B,CMRIT,Dr. Arvind,9.14,5.01,6.64,6.31,5.52,9.65,8.73,8.36,7.42,23,28,27,70,4,1,64155,98676,True,3,72,6,0.95,13,8,Medium
CMR2023914,Dale Chan,21,Female,CIVIL,4,C,CMRIT,Prof. Kavya,6.38,7.86,8.18,6.8,8.11,9.15,6.78,9.17,7.8,21,25,22,88,6,2,105571,110980,False,0,62,8,0.89,4,8,Medium
CMR2023760,Mary Kelly,22,Female,EEE,2,B,CMRIT,Prof. Meena,8.84,5.92,9.28,5.62,5.04,6.18,9.66,8.24,7.42,24,27,20,63,3,6,72795,135784,False,0,81,7,0.51,4,6,High
CMR2023802,Reginald Morrow,22,Male,CSE,1,B,CMRIT,Dr. Ramesh,9.69,6.05,9.59,7.37,5.58,5.53,8.45,8.74,7.87,29,27,30,86,8,4,113774,16950,True,3,39,6,0.78,9,1,Low
CMR2023983,Sean Curtis,20,Female,CSE,3,C,CMRIT,Prof. Kavya,9.59,5.63,8.39,8.62,7.2,8.38,5.5,5.87,7.97,23,24,23,81,2,0,144202,144091,True,2,84,6,0.9,1,5,High
CMR2023351,Kimberly Nguyen,19,Male,CSE,1,C,CMRIT,Dr. Arvind,6.06,7.36,9.54,5.5,5.92,9.74,6.82,6.52,6.71,21,30,20,73,5,3,149642,39159,False,0,66,9,0.87,11,10,Medium
CMR2024111,Breanna Rivas,20,Male,CSE,4,C,CMRIT,Prof. Meena,7.2,5.17,5.03,6.82,8.21,7.39,6.14,6.6,6.57,29,22,21,79,3,5,36833,106864,True,2,23,7,0.79,9,9,Medium
CMR2023266,Kimberly Gibson,20,Male,EEE,2,B,CMRIT,Prof. Kavya,5.14,9.88,6.18,7.25,6.24,7.91,8.24,5.43,7.11,27,22,25,75,0,0,109216,60631,False,0,74,9,0.72,1,2,Medium
CMR2023580,William Evans,23,Female,MECH,3,A,CMRIT,Prof. Meena,8.76,5.2,9.59,7.1,8.29,6.35,5.26,5.34,7.55,29,20,21,77,8,3,130036,16147,False,0,66,7,0.68,4,3,Medium
CMR2023938,Amy Ramirez,22,Female,AIML,1,B,CMRIT,Dr. Ramesh,9.56,5.7,7.18,5.92,9.41,8.09,5.45,5.79,7.63,27,24,22,97,1,5,41394,39346,True,2,31,7,0.62,14,3,Low
CMR2023496,Austin Osborne,23,Female,CSE,3,C,CMRIT,Dr. Arvind,9.74,8.64,8.57,7.45,8.52,9.71,9.93,6.08,8.77,27,24,28,95,0,0,84865,91647,True,3,38,8,0.99,9,6,Low
CMR2023135,Jose Schultz,18,Male,MECH,4,C,CMRIT,Prof. Meena,7.02,9.83,6.92,5.19,6.0,6.87,5.07,6.61,6.69,28,23,20,59,2,1,6081,70227,True,2,59,5,0.37,8,10,High
CMR2023182,Angela Vaughn,18,Female,ECE,2,B,CMRIT,Dr. Ramesh,7.43,7.19,6.47,8.49,5.95,5.93,6.74,8.66,7.39,24,29,28,89,8,6,47033,23055,True,3,57,6,0.68,7,1,High
CMR2023213,Katherine Salas,21,Male,CSE,2,A,CMRIT,Dr. Ramesh,8.79,8.3,7.26,6.46,8.08,7.24,6.03,9.39,7.7,24,29,30,94,2,4,84835,118961,False,0,31,8,0.31,8,7,Low
CMR2024151,Robert West,23,Female,CSE,2,A,CMRIT,Prof. Meena,9.69,9.92,8.84,9.34,8.95,8.98,6.98,7.87,9.45,30,29,27,91,7,4,104436,144873,True,3,20,8,0.52,7,2,Low
CMR2023293,Margaret Coleman,22,Female,CIVIL,2,A,CMRIT,Dr. Ramesh,9.67,7.41,7.99,9.2,6.9,6.76,8.16,7.93,8.57,28,24,20,86,8,4,47314,145008,True,2,31,7,0.79,13,3,Low
CMR2023725,Rebecca Marquez,21,Male,CIVIL,1,A,CMRIT,Prof. Kavya,7.1,7.81,6.98,6.55,8.33,7.18,7.0,7.86,7.46,29,27,24,94,5,0,28337,115045,True,3,64,7,0.78,0,5,Medium
CMR2023932,Joel Jackson,22,Female,MECH,2,A,CMRIT,Prof. Kavya,9.63,5.09,5.36,9.47,5.51,6.44,9.33,9.72,7.39,23,24,21,58,2,8,92272,38095,True,2,56,7,0.69,12,8,High
CMR2024099,Steven Howard,19,Male,ECE,1,B,CMRIT,Prof. Meena,8.72,7.26,9.24,9.77,5.92,5.39,6.84,7.82,7.99,20,24,21,91,1,2,140419,48516,True,2,28,7,0.58,0,9,Low
CMR2023259,Mrs. Kristen Reyes,20,Male,CIVIL,2,B,CMRIT,Dr. Arvind,9.12,8.23,6.28,8.01,7.03,5.57,5.96,6.23,7.91,24,27,27,82,8,2,119329,115629,True,1,40,6,0.4,4,5,Low
CMR2023600,Casey Gillespie,18,Male,EEE,2,B,CMRIT,Prof. Meena,6.07,6.55,8.89,5.41,9.37,9.11,6.46,9.91,6.73,26,22,25,74,2,4,102954,81182,True,1,71,5,0.8,5,6,Medium
CMR2023315,Jordan Chambers,18,Female,EEE,3,C,CMRIT,Prof. Meena,9.28,6.98,5.05,5.57,9.59,6.64,8.74,7.42,7.18,21,21,28,46,2,4,68515,119746,True,3,55,5,0.42,0,10,High
CMR2023232,Christopher Parker,19,Male,CIVIL,1,B,CMRIT,Prof. Kavya,5.56,7.33,7.09,8.8,6.1,6.48,5.78,8.97,6.45,29,22,29,70,7,4,149901,65215,True,3,86,7,0.9,3,10,High
CMR2023773,Samuel Wong,22,Female,EEE,1,B,CMRIT,Dr. Arvind,7.25,6.23,8.25,9.3,9.1,6.2,7.44,5.93,6.74,25,21,21,98,3,7,104570,81068,True,3,98,4,0.76,13,9,High
CMR2023214,Julie Alexander,18,Female,MECH,1,A,CMRIT,Dr. Arvind,5.55,6.41,5.16,7.16,7.95,8.13,8.56,7.03,5.98,26,28,23,49,4,2,50458,129484,True,1,91,7,0.89,5,7,High
CMR2023462,Riley Bryant,21,Female,EEE,1,A,CMRIT,Prof. Kavya,9.24,8.79,7.9,8.96,8.61,6.83,8.28,5.71,9.02,23,27,23,88,4,5,74339,30460,False,0,29,7,0.93,7,4,Low
CMR2024151,Robert West,23,Female,CSE,2,A,CMRIT,Prof. Meena,9.69,9.92,8.84,9.34,8.95,8.98,6.98,7.87,9.45,30,29,27,91,7,4,104436,144873,True,3,20,8,0.52,7,2,Low
CMR2023826,Heather Brown,18,Female,CSE,3,A,CMRIT,Prof. Kavya,5.5,8.2,6.5,8.33,5.25,9.26,7.43,7.96,7.17,30,22,24,74,3,4,127195,38252,False,0,52,5,0.41,1,9,Medium
CMR2023091,Brian Rodriguez,19,Female,AIML,2,B,CMRIT,Dr. Arvind,6.34,5.73,5.84,6.38,6.5,8.91,6.81,9.72,6.07,30,27,29,64,5,7,56261,125025,True,1,58,4,0.96,5,10,High
CMR2023465,Jeffrey Mendez,21,Male,CIVIL,1,B,CMRIT,Prof. Kavya,6.55,6.12,6.39,8.89,8.95,8.25,6.78,7.3,6.33,30,20,28,44,4,8,64866,58092,False,0,24,7,0.74,5,9,High
CMR2023465,Jeffrey Mendez,21,Male,CIVIL,1,B,CMRIT,Prof. Kavya,6.55,6.12,6.39,8.89,8.95,8.25,6.78,7.3,6.33,30,20,28,44,4,8,64866,58092,False,0,24,7,0.74,5,9,High
CMR2023556,Kathryn Williams,20,Male,MECH,3,B,CMRIT,Prof. Kavya,6.47,9.29,6.39,9.58,6.15,6.56,7.6,6.16,7.41,21,29,20,78,1,1,51122,80561,False,0,74,5,0.47,12,4,Medium
CMR2023685,Mr. Michael Scott PhD,19,Female,CSE,1,C,CMRIT,Dr. Arvind,6.14,9.08,8.97,5.27,7.85,6.0,5.16,5.35,7.61,26,29,25,96,8,4,8855,6206,False,0,52,9,0.88,10,2,Medium
CMR2023522,Hannah Everett,21,Female,AIML,3,C,CMRIT,Dr. Arvind,6.14,7.43,8.62,7.16,9.74,5.8,9.85,5.3,7.48,21,21,25,40,4,2,129964,80843,True,1,86,7,0.86,6,8,High
CMR2023991,Brian Harris,18,Female,CIVIL,1,A,CMRIT,Prof. Meena,9.57,7.28,7.17,6.34,6.83,8.97,8.97,8.36,8.43,29,25,21,96,1,4,52265,61804,False,0,20,8,0.56,12,2,Low
CMR2023385,Chad Scott,21,Male,CSE,4,A,CMRIT,Dr. Arvind,7.96,6.18,5.11,5.09,8.92,7.88,5.02,7.31,6.68,22,26,20,86,4,4,144845,143284,True,2,22,4,0.63,13,7,High
CMR2023056,Timothy Duncan,18,Female,AIML,2,A,CMRIT,Dr. Arvind,9.59,7.36,9.16,8.79,7.35,8.08,9.53,5.1,8.72,23,22,28,80,7,1,143352,115953,True,2,50,6,0.39,3,7,Low
CMR2023491,Heather Bolton,22,Female,CIVIL,4,B,CMRIT,Prof. Kavya,9.22,9.28,6.67,8.08,8.7,9.18,6.14,9.14,8.3,21,21,30,62,5,7,111447,87031,False,0,43,7,0.44,13,8,High
CMR2023414,Erica Alvarez,21,Female,MECH,4,B,CMRIT,Dr. Arvind,5.81,6.91,8.73,9.62,5.66,5.08,9.0,9.75,7.57,21,23,28,90,0,1,82548,93482,False,0,24,8,0.49,4,5,Low
CMR2023414,Erica Alvarez,21,Female,MECH,4,B,CMRIT,Dr. Arvind,5.81,6.91,8.73,9.62,5.66,5.08,9.0,9.75,7.57,21,23,28,90,0,1,82548,93482,False,0,24,8,0.49,4,5,Low
CMR2023002,Angie Henderson,21,Female,EEE,3,A,CMRIT,Dr. Arvind,6.78,8.35,8.51,8.42,5.36,8.17,7.67,6.22,7.6,27,26,24,98,5,3,62570,90008,True,1,24,6,0.58,1,4,Low
CMR2023128,Cameron Fisher,20,Female,ECE,3,C,CMRIT,Prof. Meena,8.02,5.45,7.21,9.57,7.04,7.42,7.58,6.87,7.45,20,28,22,52,3,0,22201,86559,False,0,37,8,0.92,0,3,High
CMR2023460,Kelsey Rodriguez,18,Female,MECH,2,A,CMRIT,Prof. Meena,6.85,9.37,5.88,9.69,9.61,6.61,6.46,9.47,7.95,23,29,27,91,5,2,125374,69237,False,0,50,5,0.98,8,2,Low
CMR2023272,Jonathan Lawrence,23,Male,ECE,2,B,CMRIT,Prof. Meena,9.43,7.38,7.82,7.12,8.78,9.05,8.07,7.17,7.94,26,21,20,73,8,1,139569,94586,False,0,48,9,0.78,2,8,Medium
CMR2023696,Joseph Hill,23,Female,CIVIL,1,B,CMRIT,Prof. Kavya,5.03,8.82,7.71,9.57,7.55,6.21,5.76,9.51,6.93,21,26,26,61,8,8,121410,62657,True,0,56,9,0.53,14,8,High
CMR2024025,Amanda Hill,19,Male,AIML,3,A,CMRIT,Prof. Kavya,5.04,6.78,6.87,6.34,9.72,7.09,6.59,9.07,6.97,25,23,29,60,5,0,143209,146024,False,0,41,9,0.38,8,10,Medium
CMR2023681,Justin Walker,21,Female,ECE,3,A,CMRIT,Prof. Meena,7.43,6.45,5.45,8.74,7.44,6.93,5.92,5.37,7.07,28,30,30,67,4,2,149552,42920,False,0,31,8,0.8,6,3,Medium
CMR2023611,Michael Lopez,21,Male,EEE,1,B,CMRIT,Prof. Meena,9.86,5.15,7.21,8.75,6.55,9.72,8.62,7.6,7.5,23,25,30,49,6,5,99844,68953,True,0,56,4,0.93,6,2,High
CMR2023500,Jennifer Banks,20,Male,ECE,2,C,CMRIT,Prof. Kavya,9.5,7.49,8.02,9.99,9.6,9.69,9.64,7.74,8.75,26,27,21,90,6,0,22160,93694,True,2,38,5,0.97,7,4,Low
CMR2024099,Steven Howard,19,Male,ECE,1,B,CMRIT,Prof. Meena,8.72,7.26,9.24,9.77,5.92,5.39,6.84,7.82,7.99,20,24,21,91,1,2,140419,48516,True,2,28,7,0.58,0,9,Low
CMR2023338,Scott Thomas,21,Male,EEE,4,A,CMRIT,Dr. Ramesh,8.77,6.04,8.29,5.59,9.31,8.48,5.03,7.24,7.34,25,21,20,47,8,4,38768,59061,True,0,91,6,0.9,0,2,High
CMR2023474,Robin Thompson,18,Female,CSE,3,C,CMRIT,Prof. Meena,6.41,6.67,5.34,5.38,5.46,7.79,5.56,5.79,6.17,28,21,29,81,5,1,127800,55040,True,3,55,7,0.62,14,3,Medium
CMR2024012,Peter Thompson,21,Female,EEE,4,C,CMRIT,Dr. Arvind,5.0,6.69,7.71,7.53,9.72,8.43,6.92,8.31,7.54,24,29,30,76,8,5,52369,58584,False,0,46,6,0.73,10,7,Low
CMR2023516,William Day,21,Female,CSE,3,C,CMRIT,Prof. Meena,6.68,9.02,9.27,8.92,7.04,6.71,9.71,8.6,7.94,28,23,27,97,1,0,78830,74906,True,3,30,9,0.94,13,9,Low
CMR2023930,Jill Anderson,23,Male,CSE,3,C,CMRIT,Prof. Kavya,5.7,5.71,5.74,5.87,5.78,5.07,6.39,6.63,5.65,22,28,23,57,7,1,98825,82898,True,0,54,4,0.33,12,9,High
CMR2024061,Shannon Green,22,Male,CIVIL,4,C,CMRIT,Prof. Kavya,8.9,6.7,5.86,8.98,5.7,5.57,7.86,9.65,7.4,20,28,28,54,3,5,124405,101164,False,0,85,4,0.4,13,10,High
CMR2023802,Reginald Morrow,22,Male,CSE,1,B,CMRIT,Dr. Ramesh,9.69,6.05,9.59,7.37,5.58,5.53,8.45,8.74,7.87,29,27,30,86,8,4,113774,16950,True,3,39,6,0.78,9,1,Low
CMR2023820,Debra Perry,23,Female,ECE,2,C,CMRIT,Prof. Meena,6.32,8.74,7.93,5.12,8.61,7.53,7.73,6.51,7.03,20,26,27,76,2,0,100259,113208,True,1,25,8,0.31,11,2,Medium
CMR2023532,Donna Frye,20,Male,AIML,2,B,CMRIT,Prof. Kavya,7.5,8.6,8.6,7.29,6.95,8.77,9.6,7.4,8.0,29,24,30,99,0,4,70147,25361,True,0,23,8,0.34,0,5,Low
CMR2023332,Jordan Bates,19,Male,ECE,1,B,CMRIT,Dr. Ramesh,5.56,6.7,7.96,5.94,9.71,7.86,5.64,6.57,6.13,26,29,20,73,3,1,86474,21222,True,3,74,6,0.84,12,3,Medium
CMR2023643,Courtney Smith,23,Male,ECE,1,C,CMRIT,Dr. Arvind,9.91,5.75,6.43,5.64,9.2,7.96,8.5,6.83,7.83,25,26,21,89,1,3,5324,61260,False,0,36,9,0.71,13,1,Low
CMR2023807,Robert Gonzales,19,Male,ECE,1,C,CMRIT,Dr. Arvind,9.46,5.78,9.24,8.51,8.47,8.1,9.33,7.89,7.62,24,28,24,78,1,0,136960,22290,True,0,21,6,0.94,11,7,Low
CMR2023562,Robert Richardson,20,Male,MECH,1,B,CMRIT,Prof. Meena,7.17,7.57,8.33,7.74,8.74,7.53,9.99,5.77,7.37,26,25,30,54,0,0,120307,75020,True,1,45,4,0.73,4,7,High
CMR2023643,Courtney Smith,23,Male,ECE,1,C,CMRIT,Dr. Arvind,9.91,5.75,6.43,5.64,9.2,7.96,8.5,6.83,7.83,25,26,21,89,1,3,5324,61260,False,0,36,9,0.71,13,1,Low
CMR2023392,Brian Smith,19,Female,EEE,2,A,CMRIT,Prof. Kavya,6.74,6.44,7.98,8.67,5.47,7.52,8.5,7.38,7.46,24,23,22,67,5,0,87604,23207,True,1,62,7,0.4,0,8,Medium
CMR2023532,Donna Frye,20,Male,AIML,2,B,CMRIT,Prof. Kavya,7.5,8.6,8.6,7.29,6.95,8.77,9.6,7.4,8.0,29,24,30,99,0,4,70147,25361,True,0,23,8,0.34,0,5,Low
CMR2023496,Austin Osborne,23,Female,CSE,3,C,CMRIT,Dr. Arvind,9.74,8.64,8.57,7.45,8.52,9.71,9.93,6.08,8.77,27,24,28,95,0,0,84865,91647,True,3,38,8,0.99,9,6,Low
CMR2023594,Tanya Russell,22,Male,AIML,1,B,CMRIT,Dr. Ramesh,6.3,6.66,5.68,5.89,7.14,9.25,6.03,9.01,6.48,23,30,21,87,5,7,140778,43750,False,0,29,7,0.8,8,2,High
CMR2023119,Jeffrey Chandler,23,Male,ECE,1,A,CMRIT,Prof. Kavya,7.93,9.59,8.87,9.23,9.3,9.8,6.87,9.71,8.76,26,29,21,81,5,2,93227,84105,False,0,37,5,0.81,6,8,Low
CMR2023706,Adam Jackson,20,Male,ECE,2,B,CMRIT,Prof. Kavya,9.6,8.69,9.7,7.77,6.6,8.37,5.51,7.57,8.94,28,30,20,82,6,4,144932,134234,True,3,38,9,0.47,4,2,Low
CMR2023802,Reginald Morrow,22,Male,CSE,1,B,CMRIT,Dr. Ramesh,9.69,6.05,9.59,7.37,5.58,5.53,8.45,8.74,7.87,29,27,30,86,8,4,113774,16950,True,3,39,6,0.78,9,1,Low
CMR2023256,Susan Murray MD,18,Female,MECH,1,B,CMRIT,Prof. Meena,7.85,6.61,5.49,7.44,8.45,6.03,7.48,9.06,7.23,30,25,22,93,8,3,83517,100245,False,0,45,7,0.74,12,2,Medium
CMR2023878,Michelle Jackson,20,Male,EEE,4,B,CMRIT,Prof. Kavya,6.86,9.63,9.21,7.15,5.8,9.21,6.23,7.02,7.64,28,30,25,78,7,3,110785,73779,False,0,29,6,0.7,4,6,Low
CMR2023463,Taylor Carlson,20,Female,ECE,4,C,CMRIT,Dr. Arvind,7.84,7.97,8.81,5.74,6.44,6.11,6.85,6.81,7.07,24,24,22,49,4,6,84886,129593,False,0,57,5,0.82,11,3,High
CMR2023387,James Padilla,19,Female,MECH,1,C,CMRIT,Dr. Ramesh,6.3,8.92,5.55,9.74,5.38,6.65,8.06,9.06,7.61,24,22,22,80,7,1,125768,36431,True,2,38,8,0.92,14,7,Low
CMR2023462,Riley Bryant,21,Female,EEE,1,A,CMRIT,Prof. Kavya,9.24,8.79,7.9,8.96,8.61,6.83,8.28,5.71,9.02,23,27,23,88,4,5,74339,30460,False,0,29,7,0.93,7,4,Low
CMR2023204,Erin Warner,23,Female,AIML,1,A,CMRIT,Dr. Ramesh,7.32,8.98,8.69,6.04,8.08,7.07,5.23,6.75,8.15,30,23,20,89,0,1,57740,78826,False,0,28,6,0.51,8,6,Low
CMR2023462,Riley Bryant,21,Female,EEE,1,A,CMRIT,Prof. Kavya,9.24,8.79,7.9,8.96,8.61,6.83,8.28,5.71,9.02,23,27,23,88,4,5,74339,30460,False,0,29,7,0.93,7,4,Low
CMR2023445,Tracy Montoya,22,Female,CSE,2,B,CMRIT,Prof. Kavya,7.34,5.16,5.58,8.29,5.93,5.7,7.93,6.86,6.59,26,30,29,81,1,2,13873,89507,True,2,21,5,0.59,5,6,Medium
CMR2023882,Laura Jones,21,Female,EEE,3,B,CMRIT,Dr. Ramesh,8.77,6.62,7.14,7.22,6.35,8.88,6.93,9.42,7.5,28,23,20,96,2,6,121594,45413,True,3,35,4,0.89,0,10,High
CMR2023820,Debra Perry,23,Female,ECE,2,C,CMRIT,Prof. Meena,6.32,8.74,7.93,5.12,8.61,7.53,7.73,6.51,7.03,20,26,27,76,2,0,100259,113208,True,1,25,8,0.31,11,2,Medium
CMR2024151,Robert West,23,Female,CSE,2,A,CMRIT,Prof. Meena,9.69,9.92,8.84,9.34,8.95,8.98,6.98,7.87,9.45,30,29,27,91,7,4,104436,144873,True,3,20,8,0.52,7,2,Low
CMR2023119,Jeffrey Chandler,23,Male,ECE,1,A,CMRIT,Prof. Kavya,7.93,9.59,8.87,9.23,9.3,9.8,6.87,9.71,8.76,26,29,21,81,5,2,93227,84105,False,0,37,5,0.81,6,8,Low
CMR2023403,Kathleen Webster,19,Female,CIVIL,4,B,CMRIT,Dr. Ramesh,9.91,6.79,9.28,7.52,6.74,8.53,6.95,5.31,7.63,30,22,25,64,7,2,93943,125450,True,2,58,7,0.35,13,8,Medium
CMR2023801,Krista Wilson,19,Female,ECE,2,C,CMRIT,Dr. Arvind,5.41,8.63,6.24,5.15,8.54,5.25,8.06,9.76,6.36,26,20,23,46,7,8,135199,42297,True,3,26,4,0.44,0,4,High
CMR2023227,Michael Warner,20,Male,EEE,2,C,CMRIT,Dr. Ramesh,9.09,5.53,7.49,9.0,6.1,9.02,7.13,9.06,7.78,30,26,25,47,4,2,36667,148100,True,2,47,4,0.72,5,2,High
CMR2023605,Todd Rosales MD,18,Male,ECE,1,A,CMRIT,Dr. Arvind,5.54,6.46,6.16,7.65,6.71,5.13,5.7,9.98,6.0,23,22,22,44,1,4,61514,137606,True,0,50,7,0.49,5,7,High
CMR2023686,Maria Henry,22,Female,CIVIL,3,A,CMRIT,Prof. Kavya,8.99,7.61,7.07,7.78,6.07,9.29,6.72,7.98,7.8,24,27,21,97,1,0,113375,28092,True,3,45,6,0.87,1,4,Low
CMR2023759,Margaret Miller,21,Female,CIVIL,1,A,CMRIT,Prof. Kavya,6.36,6.48,9.75,6.26,8.01,9.69,6.97,6.37,6.42,25,26,28,47,5,5,110085,103100,True,2,24,7,0.4,12,3,High
CMR2023601,Jennifer Simpson DVM,19,Male,CIVIL,1,B,CMRIT,Prof. Meena,6.54,8.96,9.32,7.56,9.8,7.65,9.58,5.11,7.75,23,21,25,93,0,5,68292,136326,True,2,62,9,0.98,7,10,Medium
CMR2023925,Brenda Smith,22,Female,CIVIL,3,B,CMRIT,Prof. Kavya,9.54,9.67,5.38,9.65,6.07,7.18,9.25,6.84,7.92,26,24,26,82,6,1,54157,23808,True,0,24,9,0.65,9,2,Low
CMR2023852,Victor Edwards,21,Female,EEE,1,B,CMRIT,Prof. Meena,5.88,9.46,6.88,9.93,9.54,9.74,8.29,5.77,7.67,29,28,23,68,2,5,61449,89047,False,0,71,8,0.66,11,8,Medium
CMR2023677,Joseph Howard,20,Female,EEE,3,C,CMRIT,Dr. Ramesh,5.17,5.99,8.87,5.08,9.18,7.02,5.91,6.85,6.89,24,25,29,67,4,1,104402,119697,True,2,22,9,0.33,6,7,Medium
CMR2023624,Shelley Miller,21,Male,AIML,3,C,CMRIT,Prof. Kavya,7.47,8.75,8.95,7.66,8.41,5.0,8.22,8.41,7.71,23,25,20,76,0,0,75602,12837,False,0,69,7,0.81,5,8,Medium
CMR2023235,Kathryn Snyder,18,Female,EEE,3,C,CMRIT,Prof. Kavya,8.94,5.4,9.4,8.68,5.27,9.73,8.37,9.44,7.9,21,26,25,75,3,2,126989,15714,False,0,66,5,0.75,11,2,Medium
CMR2023377,Paula Bradley,20,Male,MECH,3,B,CMRIT,Dr. Arvind,6.54,9.51,9.55,8.37,5.02,9.55,5.16,5.13,8.09,25,28,29,81,6,0,88223,92841,True,3,50,8,0.98,3,10,Low
CMR2023325,Patrick Moore,20,Male,MECH,2,A,CMRIT,Dr. Ramesh,8.85,8.22,9.58,6.99,7.93,9.5,7.59,5.94,8.41,26,22,26,46,5,2,71288,84225,False,0,95,6,0.81,12,2,High
CMR2023201,Ricky Davis II,18,Female,AIML,2,C,CMRIT,Prof. Meena,7.27,7.21,8.01,5.03,9.41,6.39,8.14,9.1,6.88,23,20,22,93,4,5,43864,19434,False,0,24,5,0.9,10,10,Medium
CMR2023933,Samantha Foster,18,Male,CSE,2,A,CMRIT,Prof. Meena,6.11,6.72,9.91,7.8,8.55,5.12,9.98,7.32,7.63,29,21,30,76,0,5,43249,30518,True,3,52,5,0.88,6,10,Medium
CMR2023604,Mrs. Virginia Daniels,19,Male,CSE,1,C,CMRIT,Dr. Ramesh,6.67,7.08,7.75,9.19,7.62,5.07,8.44,6.67,6.88,30,27,24,79,5,2,79356,36378,False,0,20,8,0.78,6,6,Medium
CMR2023262,Timothy Romero,23,Male,ECE,4,B,CMRIT,Dr. Arvind,9.52,8.43,7.67,6.18,7.21,5.04,9.8,9.64,7.94,24,24,21,90,0,4,66724,82967,True,1,76,9,0.52,12,7,High
CMR2023410,Angela Lin,19,Male,EEE,1,C,CMRIT,Dr. Arvind,6.76,6.72,9.59,6.19,5.46,5.05,7.07,8.76,6.74,28,29,20,60,5,3,8905,70515,True,0,27,5,0.61,4,1,Medium
CMR2023357,Jeffery Ortega,23,Female,CSE,3,A,CMRIT,Prof. Kavya,9.09,8.44,5.94,5.72,7.13,7.28,8.23,7.01,7.27,28,22,20,48,3,1,31143,104057,False,0,22,4,0.88,12,1,High
CMR2023921,David Kelly,23,Male,MECH,3,C,CMRIT,Dr. Ramesh,8.81,5.41,6.13,6.36,6.36,7.38,8.33,9.17,6.74,30,23,30,45,0,1,76730,144848,True,2,25,8,0.68,11,5,High
CMR2023526,Todd Moore,19,Female,EEE,1,B,CMRIT,Dr. Arvind,6.02,6.48,5.14,8.22,7.11,6.84,8.88,9.96,6.25,27,30,26,69,4,2,46150,121428,False,0,33,6,0.62,3,10,Medium
CMR2023031,James Ferrell,22,Female,MECH,4,C,CMRIT,Prof. Meena,8.8,6.02,7.75,9.64,7.19,8.49,5.61,9.87,7.92,29,23,22,69,1,2,86461,149399,True,3,31,5,0.99,14,2,Medium
CMR2023460,Kelsey Rodriguez,18,Female,MECH,2,A,CMRIT,Prof. Meena,6.85,9.37,5.88,9.69,9.61,6.61,6.46,9.47,7.95,23,29,27,91,5,2,125374,69237,False,0,50,5,0.98,8,2,Low
CMR2023424,Felicia Aguilar,22,Male,CSE,4,A,CMRIT,Dr. Arvind,6.02,9.71,7.86,8.66,7.6,9.16,6.47,5.55,7.63,21,27,26,87,3,1,134303,73958,True,1,55,9,0.77,5,2,Medium
CMR2023056,Timothy Duncan,18,Female,AIML,2,A,CMRIT,Dr. Arvind,9.59,7.36,9.16,8.79,7.35,8.08,9.53,5.1,8.72,23,22,28,80,7,1,143352,115953,True,2,50,6,0.39,3,7,Low
CMR2023496,Austin Osborne,23,Female,CSE,3,C,CMRIT,Dr. Arvind,9.74,8.64,8.57,7.45,8.52,9.71,9.93,6.08,8.77,27,24,28,95,0,0,84865,91647,True,3,38,8,0.99,9,6,Low
CMR2023496,Austin Osborne,23,Female,CSE,3,C,CMRIT,Dr. Arvind,9.74,8.64,8.57,7.45,8.52,9.71,9.93,6.08,8.77,27,24,28,95,0,0,84865,91647,True,3,38,8,0.99,9,6,Low
CMR2023370,Allison Hickman,20,Male,CIVIL,4,C,CMRIT,Prof. Meena,6.31,9.38,8.41,8.1,8.22,8.71,6.22,9.11,8.06,20,22,21,62,7,7,81194,103519,True,3,29,5,0.57,7,2,High
CMR2023288,Lisa Allen,19,Female,CSE,1,C,CMRIT,Dr. Arvind,5.34,5.22,7.41,6.55,7.26,6.69,6.89,9.17,5.28,29,22,22,91,6,6,137320,125831,False,0,77,5,0.91,5,2,High
CMR2023496,Austin Osborne,23,Female,CSE,3,C,CMRIT,Dr. Arvind,9.74,8.64,8.57,7.45,8.52,9.71,9.93,6.08,8.77,27,24,28,95,0,0,84865,91647,True,3,38,8,0.99,9,6,Low
CMR2023482,Evelyn Martinez,23,Female,CIVIL,3,A,CMRIT,Dr. Arvind,7.11,8.31,7.9,9.67,5.17,9.53,6.93,5.24,7.95,23,22,20,94,5,3,42474,13942,True,1,70,6,0.31,7,8,Medium
CMR2023878,Michelle Jackson,20,Male,EEE,4,B,CMRIT,Prof. Kavya,6.86,9.63,9.21,7.15,5.8,9.21,6.23,7.02,7.64,28,30,25,78,7,3,110785,73779,False,0,29,6,0.7,4,6,Low
CMR2023119,Jeffrey Chandler,23,Male,ECE,1,A,CMRIT,Prof. Kavya,7.93,9.59,8.87,9.23,9.3,9.8,6.87,9.71,8.76,26,29,21,81,5,2,93227,84105,False,0,37,5,0.81,6,8,Low
CMR2023299,Amber Obrien,20,Male,CSE,4,A,CMRIT,Dr. Arvind,9.16,9.11,7.6,6.18,5.36,8.0,7.19,5.48,7.26,27,29,21,98,7,0,27422,20908,True,3,60,9,0.35,2,1,Medium
CMR2023776,Tina Hall,18,Female,MECH,1,B,CMRIT,Prof. Meena,7.01,8.48,9.3,8.3,8.03,9.83,9.6,7.85,7.75,22,28,28,94,3,5,77933,138469,False,0,54,6,0.83,5,2,Medium
CMR2023364,Tracy Burke,23,Male,ECE,1,A,CMRIT,Dr. Ramesh,9.41,5.16,8.76,7.52,5.05,9.16,8.4,9.38,7.29,28,24,29,100,2,3,136562,85224,True,3,40,6,0.98,8,7,Medium
CMR2023435,Sophia Johnson,21,Female,CIVIL,3,C,CMRIT,Dr. Arvind,8.08,6.86,8.25,5.71,7.62,6.02,8.07,8.57,7.09,28,29,24,40,5,6,128760,126341,True,2,37,5,0.67,13,8,High
CMR2023637,Randy Cannon,20,Male,CSE,3,B,CMRIT,Dr. Arvind,7.89,9.77,7.49,8.58,5.58,9.47,8.02,9.24,8.13,29,27,20,69,8,7,53967,50699,False,0,28,5,0.34,3,10,High
CMR2023939,Curtis Wilkerson,23,Male,MECH,2,B,CMRIT,Prof. Meena,8.02,7.37,9.95,5.02,6.11,5.63,6.77,5.17,7.59,23,21,23,66,1,0,46128,136101,True,2,88,6,0.31,2,1,High
CMR2023641,Martha Bailey,22,Male,AIML,4,A,CMRIT,Prof. Kavya,8.66,5.58,5.79,9.33,9.62,9.8,7.05,8.76,8.07,22,20,21,47,0,7,28392,35391,True,3,71,4,0.39,2,1,High
CMR2023688,Katherine Stark,19,Female,ECE,2,C,CMRIT,Dr. Arvind,9.84,6.59,6.14,9.61,8.99,8.15,9.25,7.03,8.04,22,28,20,68,5,5,91729,92554,True,3,76,6,0.79,6,6,High
CMR2023747,Dana Bennett,22,Female,CIVIL,2,A,CMRIT,Dr. Arvind,8.29,5.56,5.7,9.65,9.04,5.9,5.97,5.09,7.3,21,20,24,89,1,1,47754,71305,True,0,56,9,0.64,8,10,Medium
CMR2023089,Aimee Montoya,20,Female,ECE,1,C,CMRIT,Dr. Arvind,8.92,7.25,6.14,7.77,6.88,5.93,7.93,6.9,8.09,29,24,23,87,6,5,24269,26505,False,0,39,7,0.8,10,3,Low
CMR2023087,Christopher Bass,23,Male,ECE,1,C,CMRIT,Dr. Ramesh,5.47,6.9,7.76,5.28,5.05,5.86,7.5,7.17,6.19,25,29,21,83,4,8,143453,16154,True,1,92,7,0.49,14,2,High
CMR2023167,Alyssa Day,20,Male,EEE,1,C,CMRIT,Dr. Ramesh,7.52,6.7,5.59,7.57,6.29,7.69,8.97,6.25,7.11,27,26,29,70,1,4,131780,68772,False,0,78,9,0.62,9,1,High
CMR2023745,Vincent Novak,18,Male,AIML,2,A,CMRIT,Prof. Kavya,8.91,6.86,6.48,8.31,9.42,8.56,7.69,9.35,7.64,28,26,28,60,4,8,135941,110241,False,0,21,4,0.83,1,9,High
CMR2023552,Diana Hays,22,Female,AIML,2,A,CMRIT,Dr. Arvind,8.81,5.86,9.83,6.92,7.71,5.09,5.8,7.86,7.86,29,24,27,98,3,4,37653,30082,True,3,48,5,0.62,2,3,Low
CMR2023123,Michelle Harmon,20,Female,ECE,2,A,CMRIT,Dr. Ramesh,6.96,7.75,7.45,5.27,5.02,5.44,9.12,8.13,6.86,27,23,21,70,7,4,11746,59251,True,2,30,7,0.89,4,7,Medium
CMR2023277,Marie Christian,20,Male,EEE,4,B,CMRIT,Prof. Meena,6.16,5.3,5.1,7.88,7.77,6.34,8.24,9.45,7.03,21,27,29,62,7,3,95902,122525,False,0,22,5,0.5,3,8,Medium
CMR2023322,Johnathan Davis,19,Female,AIML,2,B,CMRIT,Dr. Arvind,7.88,9.84,6.01,9.31,7.41,9.76,6.8,6.89,8.26,27,27,26,78,8,2,137459,118621,True,3,22,7,0.6,1,5,Low
CMR2023460,Kelsey Rodriguez,18,Female,MECH,2,A,CMRIT,Prof. Meena,6.85,9.37,5.88,9.69,9.61,6.61,6.46,9.47,7.95,23,29,27,91,5,2,125374,69237,False,0,50,5,0.98,8,2,Low
CMR2023398,Ashley Hicks,20,Female,MECH,3,A,CMRIT,Prof. Meena,8.39,6.61,7.89,8.42,6.0,5.68,7.77,6.51,7.17,21,24,29,72,5,7,125888,148086,True,3,75,4,0.4,7,6,High
CMR2024024,James Washington,20,Male,ECE,4,B,CMRIT,Dr. Arvind,9.14,5.01,6.64,6.31,5.52,9.65,8.73,8.36,7.42,23,28,27,70,4,1,64155,98676,True,3,72,6,0.95,13,8,Medium
CMR2023753,Jennifer Porter,21,Female,CIVIL,4,C,CMRIT,Prof. Meena,8.82,8.06,6.77,9.15,5.69,7.24,6.54,7.54,7.48,29,22,25,87,4,2,90498,63593,False,0,75,9,0.75,12,8,Medium
CMR2024052,Lindsay Smith,23,Male,ECE,2,B,CMRIT,Prof. Meena,10.0,6.84,8.37,6.78,7.64,7.04,7.45,7.27,8.0,22,28,28,79,0,1,61203,75802,True,1,49,6,0.87,12,4,Low
CMR2024182,Gregory Chambers,19,Female,EEE,4,A,CMRIT,Dr. Ramesh,6.3,7.57,5.02,5.52,8.75,6.35,9.0,6.85,6.92,22,28,21,46,4,6,86685,61144,False,0,28,4,0.59,6,2,High
CMR2023827,Claudia Jordan,23,Female,CIVIL,1,C,CMRIT,Prof. Kavya,8.68,9.85,6.51,7.71,7.46,7.16,8.17,9.15,9.27,23,23,23,61,7,8,49605,117721,False,0,32,6,0.91,0,3,High
CMR2023241,Matthew Moon,20,Male,CIVIL,4,A,CMRIT,Prof. Kavya,8.39,5.58,5.12,8.09,6.1,6.79,6.63,8.04,6.84,23,29,28,72,6,3,63233,77856,True,0,30,8,0.89,10,2,Medium
CMR2023906,Michelle Davis DVM,23,Female,EEE,3,A,CMRIT,Dr. Arvind,8.04,5.13,9.64,9.84,9.6,7.74,5.01,5.89,8.33,25,25,21,74,8,3,59600,76063,False,0,52,8,0.58,2,3,Medium
CMR2024008,Karen Keith,18,Female,EEE,2,C,CMRIT,Prof. Kavya,6.35,5.96,9.03,8.37,7.69,6.15,6.19,6.04,7.43,25,21,28,91,4,2,104942,119341,False,0,24,8,0.6,12,6,Medium
CMR2023974,Taylor Taylor,19,Female,CIVIL,3,A,CMRIT,Dr. Arvind,7.47,8.91,5.46,8.21,6.39,6.96,8.32,7.99,7.23,26,30,27,56,5,3,72033,18028,False,0,89,7,0.85,5,5,High
CMR2023516,William Day,21,Female,CSE,3,C,CMRIT,Prof. Meena,6.68,9.02,9.27,8.92,7.04,6.71,9.71,8.6,7.94,28,23,27,97,1,0,78830,74906,True,3,30,9,0.94,13,9,Low
CMR2023604,Mrs. Virginia Daniels,19,Male,CSE,1,C,CMRIT,Dr. Ramesh,6.67,7.08,7.75,9.19,7.62,5.07,8.44,6.67,6.88,30,27,24,79,5,2,79356,36378,False,0,20,8,0.78,6,6,Medium
CMR2023302,Megan Le,20,Male,MECH,2,A,CMRIT,Prof. Kavya,7.54,9.18,9.29,7.11,5.98,6.0,9.54,8.93,8.28,25,23,30,66,5,2,129708,127526,False,0,94,8,0.97,9,5,High
CMR2023460,Kelsey Rodriguez,18,Female,MECH,2,A,CMRIT,Prof. Meena,6.85,9.37,5.88,9.69,9.61,6.61,6.46,9.47,7.95,23,29,27,91,5,2,125374,69237,False,0,50,5,0.98,8,2,Low
CMR2023377,Paula Bradley,20,Male,MECH,3,B,CMRIT,Dr. Arvind,6.54,9.51,9.55,8.37,5.02,9.55,5.16,5.13,8.09,25,28,29,81,6,0,88223,92841,True,3,50,8,0.98,3,10,Low
CMR2023197,Spencer Haynes,19,Male,EEE,1,B,CMRIT,Prof. Meena,6.11,8.36,6.01,6.02,5.89,9.77,7.2,8.09,7.23,25,27,23,78,8,8,117081,111133,True,3,60,7,0.73,11,10,High
CMR2023686,Maria Henry,22,Female,CIVIL,3,A,CMRIT,Prof. Kavya,8.99,7.61,7.07,7.78,6.07,9.29,6.72,7.98,7.8,24,27,21,97,1,0,113375,28092,True,3,45,6,0.87,1,4,Low
CMR2023460,Kelsey Rodriguez,18,Female,MECH,2,A,CMRIT,Prof. Meena,6.85,9.37,5.88,9.69,9.61,6.61,6.46,9.47,7.95,23,29,27,91,5,2,125374,69237,False,0,50,5,0.98,8,2,Low
CMR2024092,Frank Whitaker,22,Female,CIVIL,3,A,CMRIT,Dr. Arvind,9.66,9.65,5.23,6.75,5.18,7.96,6.67,7.0,7.41,28,28,22,50,0,8,104665,130470,True,0,21,7,0.96,11,8,High
CMR2023802,Reginald Morrow,22,Male,CSE,1,B,CMRIT,Dr. Ramesh,9.69,6.05,9.59,7.37,5.58,5.53,8.45,8.74,7.87,29,27,30,86,8,4,113774,16950,True,3,39,6,0.78,9,1,Low
CMR2023190,Debra Morton,18,Female,MECH,4,C,CMRIT,Prof. Kavya,8.81,7.4,5.99,6.98,7.86,7.81,9.99,7.62,7.81,23,21,24,62,0,4,117739,89780,True,0,72,7,0.56,3,6,Medium
CMR2023981,Stacey Snyder,23,Male,CIVIL,4,C,CMRIT,Dr. Ramesh,9.62,7.09,7.37,7.72,5.54,7.28,6.24,6.25,7.14,21,22,21,88,6,4,88220,129682,False,0,74,9,0.81,13,3,Medium
CMR2023526,Todd Moore,19,Female,EEE,1,B,CMRIT,Dr. Arvind,6.02,6.48,5.14,8.22,7.11,6.84,8.88,9.96,6.25,27,30,26,69,4,2,46150,121428,False,0,33,6,0.62,3,10,Medium
CMR2024031,Annette Melton,19,Male,MECH,2,C,CMRIT,Dr. Arvind,7.48,9.0,8.54,8.73,5.06,7.84,5.7,9.0,8.44,30,30,25,42,7,4,134047,38949,True,3,26,9,0.44,2,1,High
CMR2023643,Courtney Smith,23,Male,ECE,1,C,CMRIT,Dr. Arvind,9.91,5.75,6.43,5.64,9.2,7.96,8.5,6.83,7.83,25,26,21,89,1,3,5324,61260,False,0,36,9,0.71,13,1,Low
CMR2023532,Donna Frye,20,Male,AIML,2,B,CMRIT,Prof. Kavya,7.5,8.6,8.6,7.29,6.95,8.77,9.6,7.4,8.0,29,24,30,99,0,4,70147,25361,True,0,23,8,0.34,0,5,Low
CMR2023414,Erica Alvarez,21,Female,MECH,4,B,CMRIT,Dr. Arvind,5.81,6.91,8.73,9.62,5.66,5.08,9.0,9.75,7.57,21,23,28,90,0,1,82548,93482,False,0,24,8,0.49,4,5,Low
CMR2023469,Jeanette Harrison,19,Male,AIML,2,B,CMRIT,Dr. Arvind,6.6,7.65,5.51,6.5,8.05,7.86,5.77,5.78,6.56,26,22,22,99,4,7,46191,90375,False,0,96,7,0.85,4,4,High
CMR2023844,Ashley Edwards,18,Female,MECH,4,A,CMRIT,Dr. Ramesh,6.84,9.98,7.65,9.79,6.36,7.81,7.56,8.88,8.11,30,23,20,64,6,4,43456,24751,False,0,88,4,0.59,8,1,High
CMR2023203,Joseph Coleman,23,Female,ECE,4,C,CMRIT,Prof. Kavya,8.48,8.06,5.55,8.65,8.14,9.94,7.42,8.44,8.09,24,26,29,71,2,3,87965,73068,False,0,36,8,0.69,8,8,Medium
CMR2023220,Courtney Mills,21,Female,MECH,1,A,CMRIT,Dr. Arvind,9.78,7.16,9.59,9.29,6.67,6.34,5.49,8.27,8.47,26,27,30,93,1,0,68385,56098,False,0,43,6,0.68,10,1,Low
CMR2023540,James Gilbert,23,Female,CSE,4,B,CMRIT,Dr. Arvind,5.16,8.5,9.31,6.92,7.7,5.49,8.44,8.1,7.45,25,30,27,55,1,7,12163,104606,True,3,31,7,0.48,1,2,High
CMR2023030,Rebecca Henderson,18,Female,ECE,4,B,CMRIT,Dr. Arvind,8.35,9.29,6.65,8.47,6.44,9.73,9.07,7.75,8.22,27,21,25,66,0,3,71164,89744,True,3,85,4,0.76,8,8,High
CMR2023003,Daniel Wagner,23,Female,EEE,4,A,CMRIT,Dr. Arvind,5.7,8.72,7.69,8.74,7.14,7.92,6.81,9.99,7.84,22,28,27,44,6,6,28831,17351,True,1,100,5,0.85,6,10,High
CMR2023878,Michelle Jackson,20,Male,EEE,4,B,CMRIT,Prof. Kavya,6.86,9.63,9.21,7.15,5.8,9.21,6.23,7.02,7.64,28,30,25,78,7,3,110785,73779,False,0,29,6,0.7,4,6,Low
CMR2023517,Michael Cooper,19,Male,AIML,1,A,CMRIT,Dr. Arvind,5.32,7.86,6.18,5.44,5.38,8.62,8.68,6.71,6.59,29,21,22,51,1,1,125786,91743,True,0,27,9,0.4,14,2,High
CMR2023975,Cynthia Haas,20,Female,CIVIL,1,B,CMRIT,Prof. Meena,8.28,9.48,9.88,8.31,7.09,9.64,7.57,8.33,8.88,24,28,23,93,7,3,82771,64936,False,0,90,7,0.74,13,7,High
CMR2024052,Lindsay Smith,23,Male,ECE,2,B,CMRIT,Prof. Meena,10.0,6.84,8.37,6.78,7.64,7.04,7.45,7.27,8.0,22,28,28,79,0,1,61203,75802,True,1,49,6,0.87,12,4,Low
CMR2023109,Sharon Cochran,23,Female,CIVIL,1,A,CMRIT,Dr. Arvind,9.04,6.36,5.32,8.56,7.88,5.39,7.28,6.8,7.7,27,29,22,87,8,0,101387,46237,False,0,33,8,0.77,1,4,Low
CMR2023152,Denise Jones,18,Female,CIVIL,3,A,CMRIT,Dr. Ramesh,5.37,5.89,6.26,5.35,9.11,9.55,7.04,7.26,6.92,26,26,25,84,1,5,9427,107105,True,0,99,4,0.83,9,1,High
CMR2023878,Michelle Jackson,20,Male,EEE,4,B,CMRIT,Prof. Kavya,6.86,9.63,9.21,7.15,5.8,9.21,6.23,7.02,7.64,28,30,25,78,7,3,110785,73779,False,0,29,6,0.7,4,6,Low
CMR2023710,Anthony Jones,21,Male,CSE,2,A,CMRIT,Prof. Meena,9.35,6.38,6.2,8.88,7.94,5.59,5.91,5.61,7.7,24,20,30,96,4,3,74408,147727,True,1,40,7,0.87,4,6,Low
CMR2023462,Riley Bryant,21,Female,EEE,1,A,CMRIT,Prof. Kavya,9.24,8.79,7.9,8.96,8.61,6.83,8.28,5.71,9.02,23,27,23,88,4,5,74339,30460,False,0,29,7,0.93,7,4,Low
CMR2023046,John Pierce,19,Female,CSE,2,C,CMRIT,Dr. Ramesh,5.46,7.65,6.88,7.27,5.79,6.56,6.62,9.71,6.81,29,21,20,68,6,4,45784,46264,True,0,54,7,0.76,7,10,Medium
CMR2024021,Olivia Ayers,18,Male,MECH,4,B,CMRIT,Dr. Ramesh,5.43,5.51,9.43,7.51,8.74,7.24,9.65,7.01,7.56,21,24,24,72,7,0,128308,122618,False,0,31,8,0.75,10,7,Medium
CMR2023878,Michelle Jackson,20,Male,EEE,4,B,CMRIT,Prof. Kavya,6.86,9.63,9.21,7.15,5.8,9.21,6.23,7.02,7.64,28,30,25,78,7,3,110785,73779,False,0,29,6,0.7,4,6,Low
CMR2023021,Patty Perez,18,Male,AIML,1,C,CMRIT,Prof. Kavya,6.19,7.37,5.57,9.74,7.33,6.28,6.84,8.03,6.78,21,22,24,100,3,1,33337,11731,False,0,93,9,0.94,6,7,High
CMR2023527,Michelle Jacobs,22,Male,ECE,1,A,CMRIT,Dr. Ramesh,9.34,7.76,6.84,6.58,8.6,7.75,8.14,8.23,8.55,26,22,25,86,2,7,14052,79162,False,0,92,8,0.33,8,1,High
CMR2023669,Michael Morrison,18,Female,MECH,3,C,CMRIT,Prof. Kavya,6.84,6.32,7.57,6.55,5.62,7.79,8.76,7.52,6.78,24,25,24,61,2,3,17359,13240,False,0,52,6,0.76,4,8,Medium
CMR2023852,Victor Edwards,21,Female,EEE,1,B,CMRIT,Prof. Meena,5.88,9.46,6.88,9.93,9.54,9.74,8.29,5.77,7.67,29,28,23,68,2,5,61449,89047,False,0,71,8,0.66,11,8,Medium
CMR2023265,Joshua Reed,21,Male,ECE,2,A,CMRIT,Prof. Meena,8.09,8.0,5.75,9.79,5.85,7.84,5.07,7.63,7.91,27,30,27,67,3,3,36067,63847,True,1,54,6,0.82,6,3,Medium
CMR2023995,Brittany Ward,22,Female,CSE,2,B,CMRIT,Prof. Kavya,5.01,6.39,6.1,8.41,9.6,6.14,8.64,8.45,6.48,21,25,29,57,1,0,52480,43002,True,1,81,4,0.57,9,4,High
CMR2024026,Lee Steele,22,Female,CIVIL,1,A,CMRIT,Prof. Meena,6.65,9.04,9.2,9.87,5.55,7.3,8.79,5.89,7.84,28,23,21,95,6,3,62760,86539,True,0,27,5,0.97,1,5,Low
CMR2023500,Jennifer Banks,20,Male,ECE,2,C,CMRIT,Prof. Kavya,9.5,7.49,8.02,9.99,9.6,9.69,9.64,7.74,8.75,26,27,21,90,6,0,22160,93694,True,2,38,5,0.97,7,4,Low
CMR2023399,Hannah Luna,20,Female,EEE,4,B,CMRIT,Prof. Meena,5.14,7.79,9.79,7.1,8.78,8.08,6.51,6.21,7.42,28,25,22,69,0,1,147414,81898,True,3,36,7,0.77,7,9,Medium
CMR2023888,Chris Velazquez,18,Male,CIVIL,3,B,CMRIT,Prof. Kavya,8.25,9.04,5.22,6.17,5.45,9.56,8.0,8.81,7.28,25,28,24,82,7,7,9603,127852,True,2,39,4,0.46,9,8,High
CMR2023385,Chad Scott,21,Male,CSE,4,A,CMRIT,Dr. Arvind,7.96,6.18,5.11,5.09,8.92,7.88,5.02,7.31,6.68,22,26,20,86,4,4,144845,143284,True,2,22,4,0.63,13,7,High
CMR2023201,Ricky Davis II,18,Female,AIML,2,C,CMRIT,Prof. Meena,7.27,7.21,8.01,5.03,9.41,6.39,8.14,9.1,6.88,23,20,22,93,4,5,43864,19434,False,0,24,5,0.9,10,10,Medium
CMR2023111,Shannon Walker,21,Male,EEE,3,B,CMRIT,Dr. Arvind,5.43,7.28,6.84,6.46,8.92,8.7,6.21,6.84,7.27,27,23,28,100,5,0,69258,44470,True,3,23,5,0.68,10,1,Medium
CMR2023878,Michelle Jackson,20,Male,EEE,4,B,CMRIT,Prof. Kavya,6.86,9.63,9.21,7.15,5.8,9.21,6.23,7.02,7.64,28,30,25,78,7,3,110785,73779,False,0,29,6,0.7,4,6,Low
CMR2024152,Jillian Wilson,22,Male,ECE,3,C,CMRIT,Prof. Meena,7.58,5.39,6.36,8.06,7.58,6.06,9.1,6.69,6.84,26,22,24,76,8,6,16831,98188,False,0,52,6,0.53,9,10,High
CMR2023108,Evelyn Galvan,20,Female,MECH,1,B,CMRIT,Prof. Meena,8.65,9.23,5.29,5.43,7.17,7.27,8.04,6.55,8.94,30,22,21,50,5,2,8320,40969,True,1,83,6,0.67,12,5,High
CMR2023051,Danny Morgan,22,Male,ECE,4,C,CMRIT,Prof. Kavya,9.79,7.25,9.05,9.19,9.91,5.42,8.23,5.2,8.01,27,27,28,83,0,5,142035,46614,False,0,67,6,0.57,12,6,Medium
CMR2023270,Jasmin Alvarado,20,Male,ECE,1,B,CMRIT,Dr. Arvind,7.95,9.76,9.18,5.77,5.41,9.15,8.3,7.27,8.86,24,29,30,48,3,0,6521,91357,True,3,61,9,1.0,14,10,High
CMR2023119,Jeffrey Chandler,23,Male,ECE,1,A,CMRIT,Prof. Kavya,7.93,9.59,8.87,9.23,9.3,9.8,6.87,9.71,8.76,26,29,21,81,5,2,93227,84105,False,0,37,5,0.81,6,8,Low
CMR2023204,Erin Warner,23,Female,AIML,1,A,CMRIT,Dr. Ramesh,7.32,8.98,8.69,6.04,8.08,7.07,5.23,6.75,8.15,30,23,20,89,0,1,57740,78826,False,0,28,6,0.51,8,6,Low
CMR2023661,Emma Butler,23,Female,CIVIL,1,C,CMRIT,Prof. Kavya,8.5,7.97,7.87,7.73,5.21,7.71,9.54,5.01,8.23,26,27,28,90,3,5,43131,30401,False,0,30,7,0.49,8,2,Low
CMR2023184,Lindsay Martinez,18,Male,MECH,4,C,CMRIT,Prof. Meena,7.63,8.51,6.28,6.83,8.03,5.35,9.65,6.04,7.29,27,21,27,73,0,1,20912,99614,False,0,67,9,0.34,9,5,Medium
CMR2023644,Edwin Nunez,21,Male,AIML,3,A,CMRIT,Prof. Meena,9.68,7.75,7.7,6.94,8.81,5.65,9.23,6.3,7.75,21,22,20,75,7,4,41921,131314,True,3,35,6,0.73,7,4,Low
CMR2023643,Courtney Smith,23,Male,ECE,1,C,CMRIT,Dr. Arvind,9.91,5.75,6.43,5.64,9.2,7.96,8.5,6.83,7.83,25,26,21,89,1,3,5324,61260,False,0,36,9,0.71,13,1,Low
CMR2023525,Joseph Shaw,19,Female,CIVIL,2,B,CMRIT,Dr. Ramesh,7.37,6.12,5.02,6.78,8.1,7.81,8.92,9.78,6.32,27,25,29,73,8,4,145590,57444,True,0,57,9,0.34,14,4,Medium
CMR2023925,Brenda Smith,22,Female,CIVIL,3,B,CMRIT,Prof. Kavya,9.54,9.67,5.38,9.65,6.07,7.18,9.25,6.84,7.92,26,24,26,82,6,1,54157,23808,True,0,24,9,0.65,9,2,Low
CMR2024133,Caitlin Perry,21,Female,ECE,3,A,CMRIT,Dr. Ramesh,7.26,7.91,9.14,8.72,5.68,8.2,9.63,6.42,7.82,23,24,27,81,8,3,97971,33606,False,0,23,9,0.48,5,10,Low
CMR2023515,Dr. Kelly Hammond DVM,20,Male,MECH,3,C,CMRIT,Dr. Ramesh,7.45,9.53,5.26,6.19,6.53,7.24,7.16,5.2,7.03,30,27,30,64,3,7,26035,92272,True,1,99,4,0.81,0,5,High
CMR2024133,Caitlin Perry,21,Female,ECE,3,A,CMRIT,Dr. Ramesh,7.26,7.91,9.14,8.72,5.68,8.2,9.63,6.42,7.82,23,24,27,81,8,3,97971,33606,False,0,23,9,0.48,5,10,Low
CMR2023387,James Padilla,19,Female,MECH,1,C,CMRIT,Dr. Ramesh,6.3,8.92,5.55,9.74,5.38,6.65,8.06,9.06,7.61,24,22,22,80,7,1,125768,36431,True,2,38,8,0.92,14,7,Low
CMR2023199,Nathan Freeman,19,Female,CIVIL,4,A,CMRIT,Dr. Ramesh,5.9,7.93,9.47,7.73,6.97,6.62,5.12,7.27,7.13,23,27,21,45,8,6,70557,89954,True,0,31,4,0.79,10,6,High
CMR2023208,Dr. William Warren,18,Male,ECE,4,A,CMRIT,Dr. Ramesh,7.6,8.29,6.56,7.89,6.56,9.46,6.6,5.96,7.37,24,28,25,75,8,1,120635,35841,False,0,39,5,0.49,0,10,Medium
CMR2023552,Diana Hays,22,Female,AIML,2,A,CMRIT,Dr. Arvind,8.81,5.86,9.83,6.92,7.71,5.09,5.8,7.86,7.86,29,24,27,98,3,4,37653,30082,True,3,48,5,0.62,2,3,Low
CMR2023433,Chad Jones,21,Male,CSE,2,B,CMRIT,Prof. Meena,7.62,9.2,8.8,5.29,7.47,7.06,8.7,9.17,7.73,20,25,29,60,3,5,111570,6460,False,0,46,8,0.86,8,8,Medium
CMR2023255,Kristen Davis,23,Male,CIVIL,3,B,CMRIT,Dr. Ramesh,7.14,9.96,7.06,5.28,6.22,6.17,6.56,5.42,6.97,21,24,21,72,6,4,93498,49506,True,2,24,7,0.76,6,10,Medium
CMR2023237,David Davis,20,Female,MECH,3,C,CMRIT,Dr. Ramesh,5.94,9.42,5.44,6.95,5.89,9.79,5.38,5.82,7.24,21,22,27,62,6,7,44452,58544,True,2,73,9,0.68,2,8,High
CMR2023825,Monica Ellis,23,Female,ECE,4,A,CMRIT,Prof. Kavya,8.51,9.45,7.13,7.24,8.83,5.13,7.86,5.79,7.49,28,24,25,95,5,5,41026,75905,True,1,41,9,0.37,5,4,Medium
CMR2023109,Sharon Cochran,23,Female,CIVIL,1,A,CMRIT,Dr. Arvind,9.04,6.36,5.32,8.56,7.88,5.39,7.28,6.8,7.7,27,29,22,87,8,0,101387,46237,False,0,33,8,0.77,1,4,Low
CMR2023710,Anthony Jones,21,Male,CSE,2,A,CMRIT,Prof. Meena,9.35,6.38,6.2,8.88,7.94,5.59,5.91,5.61,7.7,24,20,30,96,4,3,74408,147727,True,1,40,7,0.87,4,6,Low
CMR2023220,Courtney Mills,21,Female,MECH,1,A,CMRIT,Dr. Arvind,9.78,7.16,9.59,9.29,6.67,6.34,5.49,8.27,8.47,26,27,30,93,1,0,68385,56098,False,0,43,6,0.68,10,1,Low
CMR2023141,David Douglas Jr.,21,Female,CSE,1,B,CMRIT,Dr. Arvind,5.06,9.34,7.62,8.72,8.62,6.12,9.78,9.37,7.2,28,28,29,93,8,0,29967,118468,True,3,64,9,0.77,6,3,Medium
CMR2023196,Daniel Salinas,23,Female,AIML,2,A,CMRIT,Prof. Kavya,5.92,8.81,8.06,6.33,7.84,6.15,6.16,8.44,7.28,25,21,27,48,2,3,40150,136681,False,0,67,5,0.9,7,8,High
CMR2023684,James Whitaker,19,Female,CIVIL,4,A,CMRIT,Dr. Ramesh,5.68,7.1,6.95,9.67,9.62,8.97,6.87,7.41,7.78,20,25,28,92,1,5,20466,28977,True,2,20,8,0.42,7,2,Low
CMR2023251,Olivia Harris,18,Female,CIVIL,1,B,CMRIT,Prof. Meena,7.61,8.38,5.6,6.97,8.48,9.89,8.71,9.46,8.0,22,21,25,57,4,6,57189,93770,True,3,35,5,0.89,11,8,High
CMR2023135,Jose Schultz,18,Male,MECH,4,C,CMRIT,Prof. Meena,7.02,9.83,6.92,5.19,6.0,6.87,5.07,6.61,6.69,28,23,20,59,2,1,6081,70227,True,2,59,5,0.37,8,10,High
CMR2024163,Amber Martin,22,Female,CIVIL,4,A,CMRIT,Prof. Kavya,5.75,7.53,9.56,7.24,6.13,6.34,9.85,9.78,7.77,20,26,22,61,6,2,145756,64652,True,2,64,9,0.79,7,4,Medium
CMR2024012,Peter Thompson,21,Female,EEE,4,C,CMRIT,Dr. Arvind,5.0,6.69,7.71,7.53,9.72,8.43,6.92,8.31,7.54,24,29,30,76,8,5,52369,58584,False,0,46,6,0.73,10,7,Low
CMR2023748,Jenna Wilson,21,Female,AIML,4,C,CMRIT,Dr. Arvind,7.88,7.63,8.26,7.57,6.0,8.68,5.1,6.1,7.15,26,26,26,74,5,3,10488,49064,True,0,20,6,0.96,11,3,Medium
CMR2023309,Dawn Summers,20,Male,ECE,3,B,CMRIT,Prof. Meena,9.73,9.11,8.79,5.06,8.27,9.95,9.76,9.33,8.48,23,23,23,67,6,3,129371,66269,False,0,79,6,0.85,5,4,High
CMR2024050,Alejandro Deleon,23,Male,ECE,1,C,CMRIT,Dr. Arvind,8.57,7.86,9.97,7.59,6.08,9.69,6.86,8.83,8.21,20,21,27,83,0,0,11658,55059,False,0,32,4,0.35,5,10,High
CMR2023710,Anthony Jones,21,Male,CSE,2,A,CMRIT,Prof. Meena,9.35,6.38,6.2,8.88,7.94,5.59,5.91,5.61,7.7,24,20,30,96,4,3,74408,147727,True,1,40,7,0.87,4,6,Low
CMR2024077,David Carter,18,Female,CSE,1,C,CMRIT,Prof. Meena,7.48,9.91,9.88,8.35,5.14,5.65,5.37,5.65,8.7,21,28,22,93,0,4,149102,97492,True,1,49,9,0.4,9,8,Low
CMR2023460,Kelsey Rodriguez,18,Female,MECH,2,A,CMRIT,Prof. Meena,6.85,9.37,5.88,9.69,9.61,6.61,6.46,9.47,7.95,23,29,27,91,5,2,125374,69237,False,0,50,5,0.98,8,2,Low
CMR2023065,Amber Kidd,23,Female,MECH,1,A,CMRIT,Dr. Ramesh,5.23,8.21,7.88,8.26,8.83,7.08,8.19,7.49,6.72,30,28,24,68,6,7,84192,131601,True,3,58,7,0.35,0,3,High
CMR2023322,Johnathan Davis,19,Female,AIML,2,B,CMRIT,Dr. Arvind,7.88,9.84,6.01,9.31,7.41,9.76,6.8,6.89,8.26,27,27,26,78,8,2,137459,118621,True,3,22,7,0.6,1,5,Low
CMR2023109,Sharon Cochran,23,Female,CIVIL,1,A,CMRIT,Dr. Arvind,9.04,6.36,5.32,8.56,7.88,5.39,7.28,6.8,7.7,27,29,22,87,8,0,101387,46237,False,0,33,8,0.77,1,4,Low
CMR2023516,William Day,21,Female,CSE,3,C,CMRIT,Prof. Meena,6.68,9.02,9.27,8.92,7.04,6.71,9.71,8.6,7.94,28,23,27,97,1,0,78830,74906,True,3,30,9,0.94,13,9,Low
CMR2023938,Amy Ramirez,22,Female,AIML,1,B,CMRIT,Dr. Ramesh,9.56,5.7,7.18,5.92,9.41,8.09,5.45,5.79,7.63,27,24,22,97,1,5,41394,39346,True,2,31,7,0.62,14,3,Low
CMR2023123,Michelle Harmon,20,Female,ECE,2,A,CMRIT,Dr. Ramesh,6.96,7.75,7.45,5.27,5.02,5.44,9.12,8.13,6.86,27,23,21,70,7,4,11746,59251,True,2,30,7,0.89,4,7,Medium
CMR2023947,Ariel Sandoval,20,Female,CIVIL,3,A,CMRIT,Dr. Ramesh,6.53,8.13,6.57,9.79,7.89,9.85,7.09,6.92,8.13,25,21,22,87,5,0,19217,115546,True,3,73,9,0.64,9,4,Medium
CMR2023816,Tamara Riddle,18,Female,AIML,1,B,CMRIT,Prof. Kavya,8.08,7.72,5.57,6.34,7.76,7.89,6.16,6.87,7.9,21,26,29,40,1,4,7061,59350,True,1,23,5,0.82,9,9,High
CMR2023886,Jordan Williams,23,Female,CIVIL,1,C,CMRIT,Prof. Kavya,5.15,8.04,9.36,8.73,6.06,8.34,5.06,8.85,6.59,30,21,29,57,1,3,129683,132085,False,0,37,6,0.54,2,9,High
CMR2023537,Bianca Wood,20,Male,MECH,3,C,CMRIT,Prof. Kavya,9.26,7.87,9.89,8.96,9.12,6.98,9.12,9.4,8.68,28,28,20,83,5,7,141201,32214,True,2,90,9,0.96,11,4,High
CMR2024075,Brandon Kelly,18,Female,EEE,4,A,CMRIT,Prof. Meena,6.6,8.7,8.9,6.78,7.03,8.4,7.24,6.38,7.5,20,23,26,52,0,5,19523,131165,False,0,57,9,0.68,12,4,High
CMR2023241,Matthew Moon,20,Male,CIVIL,4,A,CMRIT,Prof. Kavya,8.39,5.58,5.12,8.09,6.1,6.79,6.63,8.04,6.84,23,29,28,72,6,3,63233,77856,True,0,30,8,0.89,10,2,Medium
CMR2023447,Shelly Spencer,20,Female,MECH,1,A,CMRIT,Prof. Kavya,9.61,9.43,9.83,9.71,5.99,9.86,8.76,5.65,9.52,25,20,21,52,2,4,86074,42083,False,0,78,7,0.42,0,3,High
CMR2023712,Timothy Edwards,19,Female,CIVIL,3,C,CMRIT,Prof. Kavya,7.16,9.53,8.99,6.3,9.22,8.25,8.39,5.24,8.24,27,23,30,69,7,2,47886,11636,False,0,63,9,0.87,3,8,Medium
CMR2023177,Michael Wang,18,Female,ECE,2,A,CMRIT,Dr. Arvind,5.94,9.41,7.19,6.25,8.57,8.23,9.14,6.1,7.2,21,26,30,66,3,1,67799,140426,False,0,56,9,0.82,12,5,Medium
CMR2023002,Angie Henderson,21,Female,EEE,3,A,CMRIT,Dr. Arvind,6.78,8.35,8.51,8.42,5.36,8.17,7.67,6.22,7.6,27,26,24,98,5,3,62570,90008,True,1,24,6,0.58,1,4,Low
CMR2023577,Raymond Le,23,Female,MECH,4,B,CMRIT,Dr. Arvind,8.21,6.0,5.21,7.26,5.02,6.78,9.94,9.67,7.26,30,25,26,75,1,2,6949,87619,False,0,30,5,0.89,9,9,Medium
CMR2024077,David Carter,18,Female,CSE,1,C,CMRIT,Prof. Meena,7.48,9.91,9.88,8.35,5.14,5.65,5.37,5.65,8.7,21,28,22,93,0,4,149102,97492,True,1,49,9,0.4,9,8,Low
CMR2023407,Jeremy Turner,20,Male,CSE,4,A,CMRIT,Dr. Ramesh,8.01,6.65,6.12,9.7,9.61,6.26,8.52,5.34,7.53,22,24,21,77,7,4,145095,68281,False,0,71,8,0.34,11,2,Medium
CMR2024106,Martha Smith,21,Male,CSE,1,A,CMRIT,Dr. Ramesh,9.98,8.01,8.22,6.48,8.93,5.83,6.13,5.19,9.0,24,20,20,64,8,4,78635,120556,False,0,86,7,0.62,4,9,High
CMR2023515,Dr. Kelly Hammond DVM,20,Male,MECH,3,C,CMRIT,Dr. Ramesh,7.45,9.53,5.26,6.19,6.53,7.24,7.16,5.2,7.03,30,27,30,64,3,7,26035,92272,True,1,99,4,0.81,0,5,High
CMR2023518,Penny Bowman,18,Female,CIVIL,2,A,CMRIT,Dr. Ramesh,8.58,6.93,8.13,5.96,9.09,8.54,7.48,8.53,7.4,27,24,30,96,8,3,21060,121003,True,0,30,5,0.98,4,3,Medium
CMR2023244,Shannon Rivera,22,Female,AIML,1,A,CMRIT,Prof. Kavya,6.31,9.78,9.17,7.36,8.27,9.46,7.09,7.46,8.04,30,23,20,76,6,4,36288,77670,False,0,28,8,0.82,9,8,Low
CMR2024194,Sharon Newton,18,Male,CIVIL,4,A,CMRIT,Dr. Ramesh,7.24,9.05,7.44,8.88,7.64,7.56,8.67,9.6,8.26,26,29,23,55,4,8,48049,14590,False,0,24,8,0.97,14,9,High
CMR2023861,Bonnie Valencia,20,Female,CSE,3,A,CMRIT,Prof. Kavya,8.02,8.94,7.73,5.89,9.02,5.12,6.05,6.91,7.45,22,20,23,82,7,8,139674,102451,False,0,55,9,0.98,11,1,High
CMR2023968,Courtney Chapman,19,Male,MECH,1,C,CMRIT,Dr. Arvind,5.7,7.11,6.16,9.99,8.67,6.78,5.14,8.64,6.41,26,27,26,74,3,6,130550,30767,False,0,81,7,0.91,2,9,High
CMR2023413,Joanna Pacheco,21,Male,EEE,4,B,CMRIT,Dr. Ramesh,6.12,6.9,8.3,7.66,8.3,5.16,8.81,9.69,7.62,29,25,24,91,1,8,61765,12168,False,0,99,7,0.91,12,1,High
CMR2023885,Kenneth Sharp,18,Male,AIML,2,C,CMRIT,Prof. Meena,9.56,9.99,5.08,8.88,9.18,9.1,9.34,8.65,8.38,27,20,23,43,2,0,112009,55852,True,2,54,5,0.94,8,7,High
CMR2023186,Jonathan Peterson,22,Female,ECE,3,C,CMRIT,Dr. Arvind,9.22,7.06,8.17,9.13,6.62,6.2,7.73,6.88,7.73,28,24,25,41,8,2,123594,122309,False,0,20,9,0.32,4,10,High
CMR2024168,Timothy Monroe,19,Female,EEE,1,B,CMRIT,Dr. Ramesh,5.19,8.37,9.73,6.83,6.09,7.29,9.19,5.99,6.78,26,27,20,99,6,5,38895,122925,False,0,41,8,0.84,1,6,Medium
CMR2023878,Michelle Jackson,20,Male,EEE,4,B,CMRIT,Prof. Kavya,6.86,9.63,9.21,7.15,5.8,9.21,6.23,7.02,7.64,28,30,25,78,7,3,110785,73779,False,0,29,6,0.7,4,6,Low
CMR2023057,Richard Aguirre,18,Female,MECH,1,C,CMRIT,Prof. Kavya,8.59,6.46,5.01,6.76,7.85,5.94,8.34,7.62,7.53,25,21,28,87,0,5,147627,137992,True,3,80,4,0.74,5,5,High
CMR2023643,Courtney Smith,23,Male,ECE,1,C,CMRIT,Dr. Arvind,9.91,5.75,6.43,5.64,9.2,7.96,8.5,6.83,7.83,25,26,21,89,1,3,5324,61260,False,0,36,9,0.71,13,1,Low
CMR2024151,Robert West,23,Female,CSE,2,A,CMRIT,Prof. Meena,9.69,9.92,8.84,9.34,8.95,8.98,6.98,7.87,9.45,30,29,27,91,7,4,104436,144873,True,3,20,8,0.52,7,2,Low
CMR2023283,Shelia Wallace,20,Male,ECE,2,C,CMRIT,Prof. Meena,7.23,6.03,7.72,8.94,8.26,8.49,9.44,8.91,7.48,26,23,24,73,8,4,27093,14691,False,0,69,9,0.8,14,3,Medium
CMR2023176,Michael Elliott,23,Male,MECH,4,C,CMRIT,Prof. Meena,7.62,8.2,6.55,6.74,7.7,9.02,7.21,6.83,7.48,24,22,24,100,7,4,7767,5024,True,2,56,7,0.67,11,8,Medium
CMR2023324,Natalie Bautista,18,Male,EEE,2,A,CMRIT,Prof. Meena,9.79,8.86,8.76,6.74,8.55,8.17,6.84,5.29,8.54,26,26,23,56,7,2,68531,130232,True,2,100,9,0.77,11,3,High
CMR2023133,Daniel Kennedy,21,Male,CIVIL,3,C,CMRIT,Prof. Kavya,9.73,9.5,8.27,6.11,6.12,9.36,7.1,9.43,8.18,25,24,29,70,3,8,82083,126572,True,3,26,9,0.71,9,2,High
CMR2023201,Ricky Davis II,18,Female,AIML,2,C,CMRIT,Prof. Meena,7.27,7.21,8.01,5.03,9.41,6.39,8.14,9.1,6.88,23,20,22,93,4,5,43864,19434,False,0,24,5,0.9,10,10,Medium
CMR2023027,Stephanie Ross,21,Female,EEE,3,C,CMRIT,Prof. Meena,6.53,8.11,8.05,8.7,9.74,6.04,6.06,8.3,7.86,22,23,22,42,3,4,149701,24677,True,0,72,7,0.78,7,5,High
CMR2024012,Peter Thompson,21,Female,EEE,4,C,CMRIT,Dr. Arvind,5.0,6.69,7.71,7.53,9.72,8.43,6.92,8.31,7.54,24,29,30,76,8,5,52369,58584,False,0,46,6,0.73,10,7,Low
CMR2023680,Suzanne Wood,22,Female,EEE,1,C,CMRIT,Prof. Kavya,5.63,9.72,5.66,9.41,8.82,6.79,9.25,8.16,7.68,29,28,22,63,2,1,104651,8851,False,0,30,8,0.9,12,10,Medium
CMR2024052,Lindsay Smith,23,Male,ECE,2,B,CMRIT,Prof. Meena,10.0,6.84,8.37,6.78,7.64,7.04,7.45,7.27,8.0,22,28,28,79,0,1,61203,75802,True,1,49,6,0.87,12,4,Low
CMR2023120,Larry Dixon,23,Female,AIML,2,B,CMRIT,Dr. Arvind,8.67,6.47,5.89,5.01,8.51,7.86,9.25,8.85,6.51,29,20,22,60,2,1,88418,62906,True,3,38,6,0.82,3,6,Medium
CMR2023297,William Barrett,19,Female,MECH,2,C,CMRIT,Dr. Arvind,5.96,8.39,9.96,8.46,7.66,6.26,7.8,7.27,8.19,26,30,30,71,5,8,18595,89672,False,0,72,6,0.39,8,8,High
CMR2023482,Evelyn Martinez,23,Female,CIVIL,3,A,CMRIT,Dr. Arvind,7.11,8.31,7.9,9.67,5.17,9.53,6.93,5.24,7.95,23,22,20,94,5,3,42474,13942,True,1,70,6,0.31,7,8,Medium
CMR2023825,Monica Ellis,23,Female,ECE,4,A,CMRIT,Prof. Kavya,8.51,9.45,7.13,7.24,8.83,5.13,7.86,5.79,7.49,28,24,25,95,5,5,41026,75905,True,1,41,9,0.37,5,4,Medium
CMR2023146,Victoria Larson,20,Female,CIVIL,2,A,CMRIT,Prof. Kavya,8.12,6.45,6.73,8.36,9.91,8.25,9.79,7.52,7.42,30,25,21,73,1,0,97337,130926,False,0,88,6,0.91,6,1,High
CMR2023723,Todd Reynolds,19,Male,AIML,4,B,CMRIT,Prof. Meena,6.16,8.99,9.93,5.93,7.19,6.95,8.82,7.3,7.66,25,29,28,100,4,3,145185,129558,False,0,65,5,0.89,14,4,Medium
CMR2023109,Sharon Cochran,23,Female,CIVIL,1,A,CMRIT,Dr. Arvind,9.04,6.36,5.32,8.56,7.88,5.39,7.28,6.8,7.7,27,29,22,87,8,0,101387,46237,False,0,33,8,0.77,1,4,Low
CMR2023517,Michael Cooper,19,Male,AIML,1,A,CMRIT,Dr. Arvind,5.32,7.86,6.18,5.44,5.38,8.62,8.68,6.71,6.59,29,21,22,51,1,1,125786,91743,True,0,27,9,0.4,14,2,High
CMR2023295,John Young,18,Male,MECH,1,C,CMRIT,Prof. Meena,8.36,6.76,9.06,9.14,6.79,5.89,8.84,8.49,7.56,20,21,27,83,5,3,102119,55591,False,0,21,5,0.82,12,5,Low
CMR2024077,David Carter,18,Female,CSE,1,C,CMRIT,Prof. Meena,7.48,9.91,9.88,8.35,5.14,5.65,5.37,5.65,8.7,21,28,22,93,0,4,149102,97492,True,1,49,9,0.4,9,8,Low
CMR2023726,Christian Dawson,18,Female,AIML,3,B,CMRIT,Prof. Kavya,7.35,5.19,8.7,9.88,7.83,8.08,9.81,7.21,7.84,21,30,29,77,7,0,98872,41006,False,0,48,6,0.44,11,6,Low
CMR2024008,Karen Keith,18,Female,EEE,2,C,CMRIT,Prof. Kavya,6.35,5.96,9.03,8.37,7.69,6.15,6.19,6.04,7.43,25,21,28,91,4,2,104942,119341,False,0,24,8,0.6,12,6,Medium
CMR2023984,Carla Jones,19,Female,MECH,2,B,CMRIT,Dr. Arvind,6.83,9.3,5.72,5.88,8.61,5.54,6.28,7.36,6.93,25,27,26,80,4,3,127305,53445,True,0,62,6,0.71,11,5,Medium
CMR2023802,Reginald Morrow,22,Male,CSE,1,B,CMRIT,Dr. Ramesh,9.69,6.05,9.59,7.37,5.58,5.53,8.45,8.74,7.87,29,27,30,86,8,4,113774,16950,True,3,39,6,0.78,9,1,Low
CMR2024187,Donna Boone,22,Female,ECE,2,A,CMRIT,Prof. Meena,9.21,8.49,6.77,7.18,7.37,5.84,5.04,5.06,7.91,26,21,30,84,5,2,122133,58659,False,0,59,7,0.71,12,5,Medium
CMR2023387,James Padilla,19,Female,MECH,1,C,CMRIT,Dr. Ramesh,6.3,8.92,5.55,9.74,5.38,6.65,8.06,9.06,7.61,24,22,22,80,7,1,125768,36431,True,2,38,8,0.92,14,7,Low
CMR2023376,Glen Wood,23,Male,MECH,4,A,CMRIT,Prof. Meena,8.75,8.12,7.72,8.17,7.52,9.03,8.34,9.26,8.36,23,23,27,66,6,0,149595,104897,True,1,80,4,0.55,12,8,High
CMR2023661,Emma Butler,23,Female,CIVIL,1,C,CMRIT,Prof. Kavya,8.5,7.97,7.87,7.73,5.21,7.71,9.54,5.01,8.23,26,27,28,90,3,5,43131,30401,False,0,30,7,0.49,8,2,Low
CMR2023829,Kenneth Knight,23,Female,CIVIL,3,A,CMRIT,Prof. Meena,5.84,5.8,5.92,6.75,8.77,7.67,6.76,8.98,6.79,30,26,22,81,0,1,83610,122236,True,3,44,8,0.83,14,3,Medium
CMR2023661,Emma Butler,23,Female,CIVIL,1,C,CMRIT,Prof. Kavya,8.5,7.97,7.87,7.73,5.21,7.71,9.54,5.01,8.23,26,27,28,90,3,5,43131,30401,False,0,30,7,0.49,8,2,Low
CMR2023552,Diana Hays,22,Female,AIML,2,A,CMRIT,Dr. Arvind,8.81,5.86,9.83,6.92,7.71,5.09,5.8,7.86,7.86,29,24,27,98,3,4,37653,30082,True,3,48,5,0.62,2,3,Low
CMR2023457,Brenda Thornton,20,Female,CIVIL,4,A,CMRIT,Prof. Kavya,8.12,5.83,6.76,7.16,9.98,5.12,9.87,7.78,7.58,27,23,26,47,4,2,145926,39523,False,0,97,4,0.37,3,4,High
CMR2023888,Chris Velazquez,18,Male,CIVIL,3,B,CMRIT,Prof. Kavya,8.25,9.04,5.22,6.17,5.45,9.56,8.0,8.81,7.28,25,28,24,82,7,7,9603,127852,True,2,39,4,0.46,9,8,High
CMR2023580,William Evans,23,Female,MECH,3,A,CMRIT,Prof. Meena,8.76,5.2,9.59,7.1,8.29,6.35,5.26,5.34,7.55,29,20,21,77,8,3,130036,16147,False,0,66,7,0.68,4,3,Medium
CMR2023913,Emily Nelson,20,Female,CIVIL,3,B,CMRIT,Prof. Kavya,6.08,5.93,7.0,8.86,6.49,7.21,8.97,5.87,6.93,29,28,26,100,5,3,117564,55679,False,0,42,9,0.34,12,10,Medium
CMR2023863,Tiffany Townsend,21,Female,CSE,4,A,CMRIT,Prof. Kavya,5.21,8.4,5.59,8.5,5.46,9.2,9.11,8.15,7.45,24,23,21,75,5,8,29084,57348,True,3,68,4,0.37,8,5,High
CMR2023991,Brian Harris,18,Female,CIVIL,1,A,CMRIT,Prof. Meena,9.57,7.28,7.17,6.34,6.83,8.97,8.97,8.36,8.43,29,25,21,96,1,4,52265,61804,False,0,20,8,0.56,12,2,Low
CMR2023494,Meghan Cisneros,22,Male,EEE,2,C,CMRIT,Prof. Meena,8.14,9.44,9.9,8.73,8.53,9.91,9.02,6.32,9.05,25,25,23,90,8,2,88926,146654,False,0,29,9,0.39,13,4,Low
CMR2023726,Christian Dawson,18,Female,AIML,3,B,CMRIT,Prof. Kavya,7.35,5.19,8.7,9.88,7.83,8.08,9.81,7.21,7.84,21,30,29,77,7,0,98872,41006,False,0,48,6,0.44,11,6,Low
CMR2023500,Jennifer Banks,20,Male,ECE,2,C,CMRIT,Prof. Kavya,9.5,7.49,8.02,9.99,9.6,9.69,9.64,7.74,8.75,26,27,21,90,6,0,22160,93694,True,2,38,5,0.97,7,4,Low
CMR2023154,Brenda Hall,22,Male,ECE,2,C,CMRIT,Dr. Arvind,6.06,9.53,9.26,5.71,5.92,8.08,6.26,5.57,7.64,30,29,20,71,5,5,148878,125917,True,2,28,6,0.37,11,10,Medium
CMR2023900,Danielle Smith,22,Male,ECE,3,C,CMRIT,Dr. Arvind,8.21,9.98,6.13,5.88,5.45,9.27,8.68,5.34,7.49,25,30,24,59,4,6,145913,69864,False,0,69,4,0.96,14,4,High
CMR2024122,John Garcia,19,Male,AIML,4,A,CMRIT,Prof. Meena,9.91,8.81,6.45,6.74,5.92,7.36,5.03,8.09,7.29,20,28,24,71,6,3,41104,147808,False,0,52,9,0.35,10,3,Medium
CMR2023697,Alicia Li,21,Female,MECH,2,A,CMRIT,Prof. Kavya,7.97,7.97,7.12,5.84,5.23,9.77,6.2,8.36,7.22,22,20,22,96,0,2,124950,102004,False,0,86,5,0.35,7,8,High
CMR2024038,Samuel Suarez,22,Male,MECH,4,B,CMRIT,Dr. Arvind,9.01,6.09,9.87,8.67,7.87,9.15,7.37,5.73,7.97,23,25,30,78,2,8,57603,26275,False,0,61,6,0.78,11,6,High
CMR2023287,Carolyn Miller,21,Male,CIVIL,2,C,CMRIT,Dr. Arvind,9.61,5.59,9.26,5.55,6.85,6.45,7.61,5.59,7.5,24,25,24,96,4,3,82065,132382,True,1,38,8,0.6,14,5,Low
CMR2023371,Debra White,23,Female,CSE,1,A,CMRIT,Dr. Ramesh,9.59,9.61,8.84,6.0,6.64,6.59,9.98,7.43,9.6,27,21,24,78,6,0,124165,15035,True,3,38,9,0.45,9,1,Low
CMR2024026,Lee Steele,22,Female,CIVIL,1,A,CMRIT,Prof. Meena,6.65,9.04,9.2,9.87,5.55,7.3,8.79,5.89,7.84,28,23,21,95,6,3,62760,86539,True,0,27,5,0.97,1,5,Low
CMR2023898,Kevin Snyder,22,Male,CIVIL,1,C,CMRIT,Prof. Meena,9.39,7.25,7.23,5.27,9.41,6.16,9.87,9.02,8.32,30,24,25,41,3,6,116765,139316,False,0,53,7,0.98,9,5,High
CMR2023259,Mrs. Kristen Reyes,20,Male,CIVIL,2,B,CMRIT,Dr. Arvind,9.12,8.23,6.28,8.01,7.03,5.57,5.96,6.23,7.91,24,27,27,82,8,2,119329,115629,True,1,40,6,0.4,4,5,Low
CMR2023557,Gary Wells,18,Female,AIML,1,B,CMRIT,Dr. Arvind,8.62,5.76,9.66,6.23,5.04,9.28,8.83,7.57,7.19,20,28,28,95,5,4,19902,108233,True,1,26,7,0.41,2,4,Medium
CMR2023493,Mark Cox,23,Female,MECH,1,B,CMRIT,Prof. Kavya,7.21,5.2,7.74,8.34,6.37,7.47,9.17,9.92,6.21,23,23,27,66,8,8,61614,43109,True,2,51,4,0.9,7,8,High
CMR2023878,Michelle Jackson,20,Male,EEE,4,B,CMRIT,Prof. Kavya,6.86,9.63,9.21,7.15,5.8,9.21,6.23,7.02,7.64,28,30,25,78,7,3,110785,73779,False,0,29,6,0.7,4,6,Low
CMR2023966,Marie Thompson,19,Male,ECE,3,A,CMRIT,Dr. Arvind,7.72,9.72,8.78,8.12,5.25,8.7,5.25,6.31,8.05,23,30,27,72,1,2,114355,116331,True,1,73,7,0.42,14,1,Medium
CMR2023160,Paul Castaneda,23,Female,CSE,2,A,CMRIT,Prof. Kavya,7.87,5.81,8.15,5.2,7.86,5.28,6.29,5.9,6.76,26,29,29,50,3,6,9881,79305,True,1,77,8,0.99,13,8,High
CMR2023878,Michelle Jackson,20,Male,EEE,4,B,CMRIT,Prof. Kavya,6.86,9.63,9.21,7.15,5.8,9.21,6.23,7.02,7.64,28,30,25,78,7,3,110785,73779,False,0,29,6,0.7,4,6,Low
CMR2023295,John Young,18,Male,MECH,1,C,CMRIT,Prof. Meena,8.36,6.76,9.06,9.14,6.79,5.89,8.84,8.49,7.56,20,21,27,83,5,3,102119,55591,False,0,21,5,0.82,12,5,Low
CMR2023120,Larry Dixon,23,Female,AIML,2,B,CMRIT,Dr. Arvind,8.67,6.47,5.89,5.01,8.51,7.86,9.25,8.85,6.51,29,20,22,60,2,1,88418,62906,True,3,38,6,0.82,3,6,Medium
CMR2023738,Mr. David Wright,18,Female,ECE,2,C,CMRIT,Prof. Meena,5.77,8.39,8.14,6.7,9.36,5.32,5.78,7.99,7.25,29,25,26,71,3,3,108337,144926,False,0,52,8,0.81,2,4,Medium
CMR2023868,Lisa Ramirez,22,Male,EEE,1,A,CMRIT,Prof. Meena,5.21,9.32,7.32,9.59,9.74,9.67,8.31,6.29,7.27,24,30,29,84,4,5,40930,16493,False,0,56,9,0.69,9,5,Medium
CMR2023926,Vickie Anderson,22,Female,AIML,2,C,CMRIT,Prof. Kavya,5.59,6.42,5.24,8.55,5.41,6.68,6.66,7.05,6.45,30,26,30,60,2,7,53639,106852,True,3,90,6,0.87,5,3,High
CMR2023244,Shannon Rivera,22,Female,AIML,1,A,CMRIT,Prof. Kavya,6.31,9.78,9.17,7.36,8.27,9.46,7.09,7.46,8.04,30,23,20,76,6,4,36288,77670,False,0,28,8,0.82,9,8,Low
CMR2023278,Shannon James,22,Male,MECH,3,C,CMRIT,Prof. Meena,5.66,6.47,8.56,9.8,9.17,8.37,8.67,8.98,8.01,22,29,23,46,6,7,79044,27594,False,0,36,5,0.44,9,8,High
CMR2024026,Lee Steele,22,Female,CIVIL,1,A,CMRIT,Prof. Meena,6.65,9.04,9.2,9.87,5.55,7.3,8.79,5.89,7.84,28,23,21,95,6,3,62760,86539,True,0,27,5,0.97,1,5,Low
CMR2024143,Matthew Wright,21,Male,MECH,2,A,CMRIT,Prof. Meena,5.97,5.79,8.3,9.15,8.74,5.13,5.4,9.98,7.3,26,29,28,60,2,4,18897,81319,False,0,73,9,0.59,8,10,Medium
CMR2023244,Shannon Rivera,22,Female,AIML,1,A,CMRIT,Prof. Kavya,6.31,9.78,9.17,7.36,8.27,9.46,7.09,7.46,8.04,30,23,20,76,6,4,36288,77670,False,0,28,8,0.82,9,8,Low
CMR2023377,Paula Bradley,20,Male,MECH,3,B,CMRIT,Dr. Arvind,6.54,9.51,9.55,8.37,5.02,9.55,5.16,5.13,8.09,25,28,29,81,6,0,88223,92841,True,3,50,8,0.98,3,10,Low
CMR2023222,Elizabeth Oliver DDS,23,Male,ECE,3,B,CMRIT,Dr. Ramesh,8.19,9.61,6.38,7.13,9.52,8.85,6.62,5.81,8.28,21,24,20,68,1,7,105348,106866,False,0,27,6,0.97,4,3,High
CMR2023384,Aimee Turner,23,Female,AIML,4,C,CMRIT,Dr. Arvind,9.49,7.81,6.93,8.01,7.64,5.51,6.39,8.04,7.48,30,21,29,71,0,4,115559,119086,False,0,60,5,0.44,12,8,Medium
CMR2023395,Dana Chapman,20,Male,CIVIL,1,A,CMRIT,Prof. Meena,8.19,9.83,9.39,8.39,9.5,7.25,9.79,7.63,9.01,24,30,25,84,5,1,91820,107505,False,0,55,6,0.43,9,9,Medium
CMR2023516,William Day,21,Female,CSE,3,C,CMRIT,Prof. Meena,6.68,9.02,9.27,8.92,7.04,6.71,9.71,8.6,7.94,28,23,27,97,1,0,78830,74906,True,3,30,9,0.94,13,9,Low
CMR2023699,Brent Hernandez,21,Male,MECH,3,B,CMRIT,Dr. Ramesh,8.65,9.4,7.84,7.32,9.86,5.84,8.45,6.91,8.15,28,20,20,75,6,2,94042,66953,False,0,88,9,0.72,3,2,High
CMR2023925,Brenda Smith,22,Female,CIVIL,3,B,CMRIT,Prof. Kavya,9.54,9.67,5.38,9.65,6.07,7.18,9.25,6.84,7.92,26,24,26,82,6,1,54157,23808,True,0,24,9,0.65,9,2,Low
CMR2024028,Patrick Mccall,19,Male,CSE,3,C,CMRIT,Dr. Arvind,6.81,9.24,9.76,6.6,5.19,5.29,6.54,5.05,7.15,27,28,21,60,7,6,31164,17439,False,0,66,8,0.68,10,6,High
CMR2024070,Susan Powers,18,Female,CIVIL,1,B,CMRIT,Dr. Arvind,8.54,8.4,5.01,8.06,8.27,5.95,7.19,9.4,8.47,25,22,29,90,6,4,85090,28683,True,2,51,7,0.8,0,1,Medium
CMR2023192,Debra Christian,19,Female,MECH,4,C,CMRIT,Prof. Kavya,8.48,8.34,6.88,9.53,7.63,6.28,5.3,6.0,7.3,29,24,20,95,1,0,126886,7184,True,3,54,9,0.9,10,6,Medium
CMR2024066,Yolanda Green,23,Male,CSE,1,B,CMRIT,Prof. Meena,5.1,6.7,6.45,7.42,7.28,8.9,7.92,9.7,5.9,29,24,27,65,4,7,113411,35767,True,0,26,7,0.97,9,8,High
CMR2024064,Rebekah Greene,20,Female,CSE,3,A,CMRIT,Prof. Meena,6.27,9.05,8.8,8.16,7.95,6.04,7.24,7.79,7.71,21,28,27,59,5,7,110830,124932,False,0,75,4,0.31,4,4,High
CMR2023639,Janet Kane DVM,22,Female,ECE,2,C,CMRIT,Dr. Arvind,8.34,6.79,6.18,7.67,9.62,8.99,9.61,8.95,7.25,20,23,20,47,7,1,77910,84194,True,3,30,8,0.9,9,6,High
CMR2023684,James Whitaker,19,Female,CIVIL,4,A,CMRIT,Dr. Ramesh,5.68,7.1,6.95,9.67,9.62,8.97,6.87,7.41,7.78,20,25,28,92,1,5,20466,28977,True,2,20,8,0.42,7,2,Low
CMR2023494,Meghan Cisneros,22,Male,EEE,2,C,CMRIT,Prof. Meena,8.14,9.44,9.9,8.73,8.53,9.91,9.02,6.32,9.05,25,25,23,90,8,2,88926,146654,False,0,29,9,0.39,13,4,Low
CMR2024077,David Carter,18,Female,CSE,1,C,CMRIT,Prof. Meena,7.48,9.91,9.88,8.35,5.14,5.65,5.37,5.65,8.7,21,28,22,93,0,4,149102,97492,True,1,49,9,0.4,9,8,Low
CMR2023894,Dr. Andrea Marshall,23,Female,EEE,1,A,CMRIT,Prof. Kavya,7.97,8.41,5.9,9.68,8.93,8.01,8.16,6.67,8.19,21,28,28,81,7,0,31153,45550,False,0,32,8,0.84,13,1,Low
CMR2023460,Kelsey Rodriguez,18,Female,MECH,2,A,CMRIT,Prof. Meena,6.85,9.37,5.88,9.69,9.61,6.61,6.46,9.47,7.95,23,29,27,91,5,2,125374,69237,False,0,50,5,0.98,8,2,Low
CMR2024190,Candace Mitchell,23,Female,MECH,1,C,CMRIT,Prof. Kavya,5.24,5.69,9.43,6.89,8.19,9.75,7.36,9.14,5.46,25,28,28,57,1,0,39051,21973,False,0,24,9,0.92,12,10,High
CMR2023067,Carol Tucker,19,Male,EEE,4,B,CMRIT,Dr. Arvind,7.49,5.45,6.97,7.29,6.2,7.92,5.24,6.41,6.62,29,30,30,88,6,5,128361,79907,True,0,75,5,0.92,11,6,Medium
CMR2023213,Katherine Salas,21,Male,CSE,2,A,CMRIT,Dr. Ramesh,8.79,8.3,7.26,6.46,8.08,7.24,6.03,9.39,7.7,24,29,30,94,2,4,84835,118961,False,0,31,8,0.31,8,7,Low
CMR2023060,Victoria Garcia,22,Female,ECE,1,A,CMRIT,Dr. Arvind,8.3,6.53,8.01,7.13,8.45,6.76,5.21,9.35,7.42,25,29,26,100,0,2,76973,20036,True,3,66,8,0.86,10,3,Medium
CMR2023228,Michael Bradshaw,21,Male,CIVIL,3,C,CMRIT,Prof. Kavya,7.19,9.63,5.2,5.5,9.24,8.06,8.89,5.08,7.47,27,21,20,84,2,3,6893,52032,True,2,73,9,0.87,12,8,Medium
CMR2023039,Brittany Farmer,23,Female,CSE,2,B,CMRIT,Dr. Ramesh,8.1,9.72,6.64,8.05,8.24,8.18,7.32,8.51,8.13,30,26,21,48,6,7,41641,16887,True,2,83,4,0.37,14,9,High
CMR2023661,Emma Butler,23,Female,CIVIL,1,C,CMRIT,Prof. Kavya,8.5,7.97,7.87,7.73,5.21,7.71,9.54,5.01,8.23,26,27,28,90,3,5,43131,30401,False,0,30,7,0.49,8,2,Low
CMR2023978,Derek Wright,23,Female,CIVIL,1,A,CMRIT,Dr. Ramesh,5.32,5.69,7.8,6.76,6.77,8.38,8.45,8.18,5.51,24,25,20,98,7,4,53494,29697,False,0,46,6,0.46,1,3,High
CMR2023039,Brittany Farmer,23,Female,CSE,2,B,CMRIT,Dr. Ramesh,8.1,9.72,6.64,8.05,8.24,8.18,7.32,8.51,8.13,30,26,21,48,6,7,41641,16887,True,2,83,4,0.37,14,9,High
CMR2023945,Paula Brown,21,Male,AIML,4,C,CMRIT,Dr. Arvind,5.52,8.3,6.01,8.42,7.06,7.85,9.41,6.7,7.41,23,28,22,65,4,2,15811,29706,True,2,23,7,0.86,2,7,Medium
CMR2023287,Carolyn Miller,21,Male,CIVIL,2,C,CMRIT,Dr. Arvind,9.61,5.59,9.26,5.55,6.85,6.45,7.61,5.59,7.5,24,25,24,96,4,3,82065,132382,True,1,38,8,0.6,14,5,Low
CMR2023455,Marie Moody,22,Male,MECH,4,A,CMRIT,Dr. Arvind,6.36,7.04,5.09,7.07,5.65,6.34,8.0,9.88,6.93,25,21,23,92,7,6,63936,9737,False,0,48,4,0.73,11,10,High
CMR2024180,Michelle Walls,19,Female,MECH,2,C,CMRIT,Dr. Arvind,7.75,6.69,6.37,6.58,9.35,6.06,8.85,9.47,6.85,26,20,23,75,7,3,86478,141152,True,1,74,7,0.68,14,4,Medium
CMR2023619,Elizabeth Mendez,19,Female,CIVIL,4,C,CMRIT,Prof. Meena,6.17,7.13,9.13,9.37,7.7,9.38,9.24,5.89,8.0,30,25,26,86,6,6,12643,93728,True,3,22,7,0.85,9,9,High
CMR2023119,Jeffrey Chandler,23,Male,ECE,1,A,CMRIT,Prof. Kavya,7.93,9.59,8.87,9.23,9.3,9.8,6.87,9.71,8.76,26,29,21,81,5,2,93227,84105,False,0,37,5,0.81,6,8,Low
CMR2024027,Steve Rivera,20,Male,CIVIL,2,B,CMRIT,Prof. Kavya,5.51,8.04,6.85,7.32,9.21,9.89,9.23,9.2,6.93,21,22,21,86,6,1,140006,87416,True,3,44,6,0.36,1,5,Medium
CMR2023621,Lisa Perry,18,Female,MECH,4,A,CMRIT,Dr. Arvind,7.02,5.75,5.36,8.26,9.69,5.36,7.85,6.64,6.99,26,27,29,90,8,0,15337,145052,False,0,50,7,0.74,8,5,Medium
CMR2023318,Stephen Hoffman,21,Male,AIML,2,A,CMRIT,Dr. Arvind,6.62,5.07,8.27,5.06,6.06,6.1,8.29,6.39,6.25,29,25,20,90,2,4,22650,62294,False,0,58,8,0.65,1,9,Medium
CMR2023661,Emma Butler,23,Female,CIVIL,1,C,CMRIT,Prof. Kavya,8.5,7.97,7.87,7.73,5.21,7.71,9.54,5.01,8.23,26,27,28,90,3,5,43131,30401,False,0,30,7,0.49,8,2,Low
CMR2023453,Cynthia Vang,23,Female,AIML,2,A,CMRIT,Dr. Ramesh,5.63,5.72,7.47,9.46,6.73,7.29,8.09,9.59,7.07,28,29,27,64,8,1,15653,25063,False,0,67,4,0.4,11,2,High
CMR2023753,Jennifer Porter,21,Female,CIVIL,4,C,CMRIT,Prof. Meena,8.82,8.06,6.77,9.15,5.69,7.24,6.54,7.54,7.48,29,22,25,87,4,2,90498,63593,False,0,75,9,0.75,12,8,Medium
CMR2024128,Anna Briggs,22,Female,AIML,4,B,CMRIT,Prof. Kavya,7.01,6.11,9.92,6.38,7.94,9.85,5.1,9.54,7.73,25,28,28,78,3,5,6833,128440,True,3,28,6,0.88,2,3,Low
CMR2023494,Meghan Cisneros,22,Male,EEE,2,C,CMRIT,Prof. Meena,8.14,9.44,9.9,8.73,8.53,9.91,9.02,6.32,9.05,25,25,23,90,8,2,88926,146654,False,0,29,9,0.39,13,4,Low
CMR2023943,Kathryn Price,21,Male,EEE,1,C,CMRIT,Dr. Ramesh,5.78,6.23,8.38,6.95,8.13,8.4,7.21,6.93,6.01,27,30,26,62,2,1,58607,92896,True,1,39,5,0.78,1,9,Medium
CMR2023402,Mary Thompson,19,Male,EEE,4,B,CMRIT,Dr. Arvind,8.34,9.8,7.46,8.34,6.96,8.49,5.54,7.08,7.75,26,22,20,68,0,5,79297,124821,True,3,21,8,0.51,10,10,Medium
CMR2023149,Stephanie Manning,21,Male,EEE,3,C,CMRIT,Dr. Arvind,5.65,7.92,6.28,6.65,8.55,5.77,5.77,6.61,6.8,20,30,29,73,1,8,83945,133594,False,0,29,9,0.52,3,3,High
CMR2023643,Courtney Smith,23,Male,ECE,1,C,CMRIT,Dr. Arvind,9.91,5.75,6.43,5.64,9.2,7.96,8.5,6.83,7.83,25,26,21,89,1,3,5324,61260,False,0,36,9,0.71,13,1,Low
CMR2024177,Tracy Chavez,21,Female,CIVIL,2,B,CMRIT,Prof. Meena,5.76,5.38,6.89,8.73,5.59,5.13,5.98,7.49,6.69,30,28,21,79,6,3,29332,19383,False,0,76,4,0.97,12,10,High
CMR2024077,David Carter,18,Female,CSE,1,C,CMRIT,Prof. Meena,7.48,9.91,9.88,8.35,5.14,5.65,5.37,5.65,8.7,21,28,22,93,0,4,149102,97492,True,1,49,9,0.4,9,8,Low
CMR2023977,Margaret Tanner,20,Male,CIVIL,3,B,CMRIT,Dr. Ramesh,6.81,8.6,7.98,7.66,7.0,5.83,9.11,5.26,7.31,23,24,22,94,5,4,56419,16974,False,0,77,5,0.94,7,3,High
CMR2023403,Kathleen Webster,19,Female,CIVIL,4,B,CMRIT,Dr. Ramesh,9.91,6.79,9.28,7.52,6.74,8.53,6.95,5.31,7.63,30,22,25,64,7,2,93943,125450,True,2,58,7,0.35,13,8,Medium
CMR2023356,Jesse Perry,23,Female,CIVIL,3,C,CMRIT,Prof. Kavya,9.08,6.1,6.34,7.91,9.04,8.76,5.78,6.16,7.87,26,25,22,52,7,2,130568,29560,False,0,43,7,0.43,13,3,High
CMR2023227,Michael Warner,20,Male,EEE,2,C,CMRIT,Dr. Ramesh,9.09,5.53,7.49,9.0,6.1,9.02,7.13,9.06,7.78,30,26,25,47,4,2,36667,148100,True,2,47,4,0.72,5,2,High
CMR2023228,Michael Bradshaw,21,Male,CIVIL,3,C,CMRIT,Prof. Kavya,7.19,9.63,5.2,5.5,9.24,8.06,8.89,5.08,7.47,27,21,20,84,2,3,6893,52032,True,2,73,9,0.87,12,8,Medium
CMR2023182,Angela Vaughn,18,Female,ECE,2,B,CMRIT,Dr. Ramesh,7.43,7.19,6.47,8.49,5.95,5.93,6.74,8.66,7.39,24,29,28,89,8,6,47033,23055,True,3,57,6,0.68,7,1,High
CMR2024187,Donna Boone,22,Female,ECE,2,A,CMRIT,Prof. Meena,9.21,8.49,6.77,7.18,7.37,5.84,5.04,5.06,7.91,26,21,30,84,5,2,122133,58659,False,0,59,7,0.71,12,5,Medium
CMR2023388,Sandra Drake,22,Male,MECH,4,C,CMRIT,Prof. Meena,9.88,6.61,8.65,6.13,6.32,6.48,5.41,7.79,7.16,23,30,30,92,6,3,58973,25451,True,3,27,5,0.31,3,8,Medium
CMR2023964,Eric Taylor,23,Female,CIVIL,2,B,CMRIT,Dr. Ramesh,5.2,5.17,9.4,8.38,5.71,7.73,8.32,5.43,7.04,30,26,20,65,3,0,88788,27548,True,2,55,5,0.88,7,2,Medium
CMR2023413,Joanna Pacheco,21,Male,EEE,4,B,CMRIT,Dr. Ramesh,6.12,6.9,8.3,7.66,8.3,5.16,8.81,9.69,7.62,29,25,24,91,1,8,61765,12168,False,0,99,7,0.91,12,1,High
CMR2023802,Reginald Morrow,22,Male,CSE,1,B,CMRIT,Dr. Ramesh,9.69,6.05,9.59,7.37,5.58,5.53,8.45,8.74,7.87,29,27,30,86,8,4,113774,16950,True,3,39,6,0.78,9,1,Low
CMR2023925,Brenda Smith,22,Female,CIVIL,3,B,CMRIT,Prof. Kavya,9.54,9.67,5.38,9.65,6.07,7.18,9.25,6.84,7.92,26,24,26,82,6,1,54157,23808,True,0,24,9,0.65,9,2,Low
CMR2023893,Cassie Brock,22,Male,EEE,2,B,CMRIT,Dr. Ramesh,6.76,5.32,7.47,5.29,7.91,6.85,9.94,8.81,6.21,30,26,22,41,2,0,111164,149160,True,2,90,8,0.61,3,9,High
CMR2023989,Karen Johnson,23,Male,EEE,2,A,CMRIT,Dr. Ramesh,9.36,6.57,6.22,6.4,5.3,7.73,5.8,5.01,7.14,23,28,30,83,1,6,148367,49317,False,0,50,5,0.32,8,4,High
CMR2023624,Shelley Miller,21,Male,AIML,3,C,CMRIT,Prof. Kavya,7.47,8.75,8.95,7.66,8.41,5.0,8.22,8.41,7.71,23,25,20,76,0,0,75602,12837,False,0,69,7,0.81,5,8,Medium
CMR2023727,Nancy Stewart,19,Female,ECE,1,A,CMRIT,Prof. Kavya,7.31,8.37,7.13,6.17,5.39,6.57,6.45,7.62,7.84,28,29,25,88,4,4,108146,96404,False,0,72,9,0.6,4,6,Medium
CMR2024128,Anna Briggs,22,Female,AIML,4,B,CMRIT,Prof. Kavya,7.01,6.11,9.92,6.38,7.94,9.85,5.1,9.54,7.73,25,28,28,78,3,5,6833,128440,True,3,28,6,0.88,2,3,Low
CMR2023698,Renee Browning,18,Female,CSE,1,B,CMRIT,Prof. Kavya,6.13,8.76,5.03,5.95,8.5,5.84,8.24,8.04,7.45,30,22,21,46,1,8,97424,142476,True,3,20,9,0.56,1,7,High
CMR2023970,Nicholas Rush,23,Male,EEE,3,C,CMRIT,Prof. Kavya,9.04,7.83,5.53,6.62,8.11,7.4,5.76,6.61,7.42,29,27,26,98,4,1,82695,11537,True,2,88,4,0.52,14,2,High
CMR2023204,Erin Warner,23,Female,AIML,1,A,CMRIT,Dr. Ramesh,7.32,8.98,8.69,6.04,8.08,7.07,5.23,6.75,8.15,30,23,20,89,0,1,57740,78826,False,0,28,6,0.51,8,6,Low
CMR2023904,Ashley Moreno,23,Male,ECE,1,A,CMRIT,Prof. Kavya,8.63,9.86,7.77,9.46,7.44,8.09,5.08,7.37,9.25,27,29,21,79,2,3,90825,44248,False,0,55,7,0.38,4,1,Medium
CMR2023203,Joseph Coleman,23,Female,ECE,4,C,CMRIT,Prof. Kavya,8.48,8.06,5.55,8.65,8.14,9.94,7.42,8.44,8.09,24,26,29,71,2,3,87965,73068,False,0,36,8,0.69,8,8,Medium
CMR2023916,Jason Herrera,23,Male,AIML,3,A,CMRIT,Prof. Meena,7.47,7.96,6.49,6.69,5.41,8.2,9.32,8.49,7.04,26,23,30,75,5,8,148406,63878,False,0,54,5,0.96,4,7,High
CMR2023002,Angie Henderson,21,Female,EEE,3,A,CMRIT,Dr. Arvind,6.78,8.35,8.51,8.42,5.36,8.17,7.67,6.22,7.6,27,26,24,98,5,3,62570,90008,True,1,24,6,0.58,1,4,Low
CMR2023127,Jason Powell,22,Female,CSE,2,B,CMRIT,Prof. Meena,5.72,8.04,8.47,5.19,9.45,6.66,6.19,8.73,6.86,24,25,20,95,3,2,93569,84444,False,0,55,7,0.9,10,2,Medium
CMR2023991,Brian Harris,18,Female,CIVIL,1,A,CMRIT,Prof. Meena,9.57,7.28,7.17,6.34,6.83,8.97,8.97,8.36,8.43,29,25,21,96,1,4,52265,61804,False,0,20,8,0.56,12,2,Low
CMR2023983,Sean Curtis,20,Female,CSE,3,C,CMRIT,Prof. Kavya,9.59,5.63,8.39,8.62,7.2,8.38,5.5,5.87,7.97,23,24,23,81,2,0,144202,144091,True,2,84,6,0.9,1,5,High
CMR2023661,Emma Butler,23,Female,CIVIL,1,C,CMRIT,Prof. Kavya,8.5,7.97,7.87,7.73,5.21,7.71,9.54,5.01,8.23,26,27,28,90,3,5,43131,30401,False,0,30,7,0.49,8,2,Low
CMR2023661,Emma Butler,23,Female,CIVIL,1,C,CMRIT,Prof. Kavya,8.5,7.97,7.87,7.73,5.21,7.71,9.54,5.01,8.23,26,27,28,90,3,5,43131,30401,False,0,30,7,0.49,8,2,Low
CMR2023610,Samantha Robertson,22,Female,AIML,3,C,CMRIT,Prof. Meena,8.18,7.84,5.73,7.83,6.47,8.86,9.44,7.85,7.48,23,22,23,66,0,8,33404,53484,True,2,38,7,0.58,8,1,High
CMR2023192,Debra Christian,19,Female,MECH,4,C,CMRIT,Prof. Kavya,8.48,8.34,6.88,9.53,7.63,6.28,5.3,6.0,7.3,29,24,20,95,1,0,126886,7184,True,3,54,9,0.9,10,6,Medium
CMR2024135,James Howard,23,Female,EEE,4,A,CMRIT,Prof. Kavya,6.58,5.13,8.13,7.46,7.67,6.94,5.78,5.95,6.71,28,25,24,61,0,2,8579,66943,True,3,94,8,0.72,2,9,High
CMR2023384,Aimee Turner,23,Female,AIML,4,C,CMRIT,Dr. Arvind,9.49,7.81,6.93,8.01,7.64,5.51,6.39,8.04,7.48,30,21,29,71,0,4,115559,119086,False,0,60,5,0.44,12,8,Medium
CMR2023753,Jennifer Porter,21,Female,CIVIL,4,C,CMRIT,Prof. Meena,8.82,8.06,6.77,9.15,5.69,7.24,6.54,7.54,7.48,29,22,25,87,4,2,90498,63593,False,0,75,9,0.75,12,8,Medium
CMR2023807,Robert Gonzales,19,Male,ECE,1,C,CMRIT,Dr. Arvind,9.46,5.78,9.24,8.51,8.47,8.1,9.33,7.89,7.62,24,28,24,78,1,0,136960,22290,True,0,21,6,0.94,11,7,Low
CMR2023613,David Molina,21,Male,AIML,3,C,CMRIT,Dr. Arvind,8.13,5.2,5.15,9.8,7.39,6.12,5.03,9.26,6.96,26,29,26,92,5,0,107049,21411,True,0,69,8,0.44,1,4,Medium
CMR2023984,Carla Jones,19,Female,MECH,2,B,CMRIT,Dr. Arvind,6.83,9.3,5.72,5.88,8.61,5.54,6.28,7.36,6.93,25,27,26,80,4,3,127305,53445,True,0,62,6,0.71,11,5,Medium
CMR2023051,Danny Morgan,22,Male,ECE,4,C,CMRIT,Prof. Kavya,9.79,7.25,9.05,9.19,9.91,5.42,8.23,5.2,8.01,27,27,28,83,0,5,142035,46614,False,0,67,6,0.57,12,6,Medium
CMR2023539,David Davis,19,Male,AIML,1,A,CMRIT,Dr. Ramesh,6.48,6.04,9.14,8.4,5.34,7.26,5.59,9.72,6.26,30,26,20,98,7,0,83699,94959,False,0,67,5,0.51,9,10,Medium
CMR2023056,Timothy Duncan,18,Female,AIML,2,A,CMRIT,Dr. Arvind,9.59,7.36,9.16,8.79,7.35,8.08,9.53,5.1,8.72,23,22,28,80,7,1,143352,115953,True,2,50,6,0.39,3,7,Low
CMR2023695,Mr. Aaron Arnold,20,Male,AIML,2,C,CMRIT,Dr. Arvind,9.14,5.36,6.06,6.9,6.28,9.49,5.92,5.53,6.87,28,24,22,40,0,0,21029,53960,True,1,48,6,0.53,1,2,High
CMR2023532,Donna Frye,20,Male,AIML,2,B,CMRIT,Prof. Kavya,7.5,8.6,8.6,7.29,6.95,8.77,9.6,7.4,8.0,29,24,30,99,0,4,70147,25361,True,0,23,8,0.34,0,5,Low
CMR2023599,Susan Thompson,23,Female,CIVIL,2,C,CMRIT,Prof. Meena,7.49,9.65,7.58,6.89,8.82,7.64,5.32,6.34,7.9,22,30,21,66,4,2,42093,109879,False,0,41,8,0.7,10,5,Medium
CMR2024114,Dennis Mills,18,Male,CIVIL,2,C,CMRIT,Prof. Kavya,7.65,6.51,9.86,9.16,8.12,8.82,8.43,9.45,8.29,28,26,27,71,7,3,38516,56548,True,0,27,6,0.77,8,2,Medium
CMR2023128,Cameron Fisher,20,Female,ECE,3,C,CMRIT,Prof. Meena,8.02,5.45,7.21,9.57,7.04,7.42,7.58,6.87,7.45,20,28,22,52,3,0,22201,86559,False,0,37,8,0.92,0,3,High
CMR2023129,Megan Orr,19,Male,EEE,1,B,CMRIT,Prof. Kavya,6.37,9.12,7.53,8.18,5.62,5.15,6.86,7.97,7.74,22,27,29,58,0,6,149528,96687,False,0,40,6,0.82,11,2,High
CMR2024196,Donna Beck,22,Male,EEE,3,B,CMRIT,Prof. Meena,7.89,5.02,9.6,5.2,6.54,8.82,8.77,5.31,7.18,26,22,26,50,5,7,64183,20295,True,1,69,9,0.97,4,6,High
CMR2024052,Lindsay Smith,23,Male,ECE,2,B,CMRIT,Prof. Meena,10.0,6.84,8.37,6.78,7.64,7.04,7.45,7.27,8.0,22,28,28,79,0,1,61203,75802,True,1,49,6,0.87,12,4,Low
CMR2023259,Mrs. Kristen Reyes,20,Male,CIVIL,2,B,CMRIT,Dr. Arvind,9.12,8.23,6.28,8.01,7.03,5.57,5.96,6.23,7.91,24,27,27,82,8,2,119329,115629,True,1,40,6,0.4,4,5,Low
CMR2023322,Johnathan Davis,19,Female,AIML,2,B,CMRIT,Dr. Arvind,7.88,9.84,6.01,9.31,7.41,9.76,6.8,6.89,8.26,27,27,26,78,8,2,137459,118621,True,3,22,7,0.6,1,5,Low
CMR2023377,Paula Bradley,20,Male,MECH,3,B,CMRIT,Dr. Arvind,6.54,9.51,9.55,8.37,5.02,9.55,5.16,5.13,8.09,25,28,29,81,6,0,88223,92841,True,3,50,8,0.98,3,10,Low
CMR2023425,Gregory Ponce,20,Male,MECH,3,B,CMRIT,Prof. Meena,8.15,7.56,8.89,8.53,6.57,9.62,7.17,9.66,8.22,28,25,23,56,7,2,14341,7089,True,1,95,7,0.91,3,4,High
CMR2023270,Jasmin Alvarado,20,Male,ECE,1,B,CMRIT,Dr. Arvind,7.95,9.76,9.18,5.77,5.41,9.15,8.3,7.27,8.86,24,29,30,48,3,0,6521,91357,True,3,61,9,1.0,14,10,High
CMR2023886,Jordan Williams,23,Female,CIVIL,1,C,CMRIT,Prof. Kavya,5.15,8.04,9.36,8.73,6.06,8.34,5.06,8.85,6.59,30,21,29,57,1,3,129683,132085,False,0,37,6,0.54,2,9,High
CMR2023045,Philip Cannon,18,Male,AIML,4,A,CMRIT,Dr. Ramesh,6.75,7.78,5.57,6.39,6.13,7.15,7.8,8.84,7.05,29,29,30,62,0,2,11882,75109,True,1,54,9,0.83,14,6,Medium
CMR2023828,Derrick Clayton,23,Female,EEE,3,A,CMRIT,Dr. Arvind,8.18,8.93,6.8,7.64,5.96,8.69,5.86,8.87,7.7,26,27,22,63,4,3,111045,50062,True,2,70,7,0.39,9,3,Medium
CMR2023681,Justin Walker,21,Female,ECE,3,A,CMRIT,Prof. Meena,7.43,6.45,5.45,8.74,7.44,6.93,5.92,5.37,7.07,28,30,30,67,4,2,149552,42920,False,0,31,8,0.8,6,3,Medium
CMR2023293,Margaret Coleman,22,Female,CIVIL,2,A,CMRIT,Dr. Ramesh,9.67,7.41,7.99,9.2,6.9,6.76,8.16,7.93,8.57,28,24,20,86,8,4,47314,145008,True,2,31,7,0.79,13,3,Low
CMR2023875,Patrick Yang,19,Male,MECH,3,B,CMRIT,Prof. Kavya,6.06,6.48,8.3,8.02,7.63,9.45,5.05,8.36,7.66,25,25,21,60,6,1,91050,75445,False,0,36,7,0.34,14,8,Medium
CMR2023251,Olivia Harris,18,Female,CIVIL,1,B,CMRIT,Prof. Meena,7.61,8.38,5.6,6.97,8.48,9.89,8.71,9.46,8.0,22,21,25,57,4,6,57189,93770,True,3,35,5,0.89,11,8,High
CMR2023710,Anthony Jones,21,Male,CSE,2,A,CMRIT,Prof. Meena,9.35,6.38,6.2,8.88,7.94,5.59,5.91,5.61,7.7,24,20,30,96,4,3,74408,147727,True,1,40,7,0.87,4,6,Low
CMR2023220,Courtney Mills,21,Female,MECH,1,A,CMRIT,Dr. Arvind,9.78,7.16,9.59,9.29,6.67,6.34,5.49,8.27,8.47,26,27,30,93,1,0,68385,56098,False,0,43,6,0.68,10,1,Low
CMR2023403,Kathleen Webster,19,Female,CIVIL,4,B,CMRIT,Dr. Ramesh,9.91,6.79,9.28,7.52,6.74,8.53,6.95,5.31,7.63,30,22,25,64,7,2,93943,125450,True,2,58,7,0.35,13,8,Medium
CMR2023419,Jake Campbell,22,Female,AIML,3,A,CMRIT,Dr. Arvind,6.15,6.57,9.86,8.47,7.23,9.79,7.05,5.4,8.01,28,28,21,99,8,3,99973,131918,True,3,73,5,0.7,13,3,Medium
CMR2023706,Adam Jackson,20,Male,ECE,2,B,CMRIT,Prof. Kavya,9.6,8.69,9.7,7.77,6.6,8.37,5.51,7.57,8.94,28,30,20,82,6,4,144932,134234,True,3,38,9,0.47,4,2,Low
CMR2023322,Johnathan Davis,19,Female,AIML,2,B,CMRIT,Dr. Arvind,7.88,9.84,6.01,9.31,7.41,9.76,6.8,6.89,8.26,27,27,26,78,8,2,137459,118621,True,3,22,7,0.6,1,5,Low
CMR2023293,Margaret Coleman,22,Female,CIVIL,2,A,CMRIT,Dr. Ramesh,9.67,7.41,7.99,9.2,6.9,6.76,8.16,7.93,8.57,28,24,20,86,8,4,47314,145008,True,2,31,7,0.79,13,3,Low
CMR2023552,Diana Hays,22,Female,AIML,2,A,CMRIT,Dr. Arvind,8.81,5.86,9.83,6.92,7.71,5.09,5.8,7.86,7.86,29,24,27,98,3,4,37653,30082,True,3,48,5,0.62,2,3,Low
CMR2023507,Emma Reed,20,Female,AIML,1,B,CMRIT,Prof. Meena,5.77,6.46,5.32,5.92,5.97,8.29,7.19,9.36,6.12,21,23,29,66,8,8,143557,80446,True,1,90,6,0.34,10,2,High
CMR2023457,Brenda Thornton,20,Female,CIVIL,4,A,CMRIT,Prof. Kavya,8.12,5.83,6.76,7.16,9.98,5.12,9.87,7.78,7.58,27,23,26,47,4,2,145926,39523,False,0,97,4,0.37,3,4,High
CMR2023111,Shannon Walker,21,Male,EEE,3,B,CMRIT,Dr. Arvind,5.43,7.28,6.84,6.46,8.92,8.7,6.21,6.84,7.27,27,23,28,100,5,0,69258,44470,True,3,23,5,0.68,10,1,Medium
CMR2023244,Shannon Rivera,22,Female,AIML,1,A,CMRIT,Prof. Kavya,6.31,9.78,9.17,7.36,8.27,9.46,7.09,7.46,8.04,30,23,20,76,6,4,36288,77670,False,0,28,8,0.82,9,8,Low
CMR2023656,Eric Thomas,22,Female,CIVIL,1,B,CMRIT,Dr. Ramesh,7.94,6.15,5.59,9.52,5.44,7.9,5.56,7.14,7.04,27,28,30,75,3,5,70040,51407,False,0,56,9,0.93,11,9,Medium
CMR2023020,Margaret Hawkins DDS,21,Male,MECH,1,B,CMRIT,Dr. Ramesh,5.42,7.14,9.33,5.91,6.3,6.64,7.27,6.69,6.28,26,24,26,81,1,0,71131,26471,False,0,22,9,0.68,5,4,Medium
CMR2023857,Nicole Phillips,23,Female,EEE,1,A,CMRIT,Dr. Ramesh,7.48,7.48,8.21,5.37,9.95,6.75,6.13,5.43,7.48,29,30,22,77,3,8,16793,43433,False,0,99,9,0.89,9,2,High
CMR2023845,Breanna Ayala,23,Male,CIVIL,1,B,CMRIT,Dr. Ramesh,5.51,8.25,6.26,8.86,9.61,8.29,9.51,8.27,6.88,21,25,20,80,4,0,57353,122641,True,0,80,4,0.96,2,7,High
CMR2023067,Carol Tucker,19,Male,EEE,4,B,CMRIT,Dr. Arvind,7.49,5.45,6.97,7.29,6.2,7.92,5.24,6.41,6.62,29,30,30,88,6,5,128361,79907,True,0,75,5,0.92,11,6,Medium
CMR2023293,Margaret Coleman,22,Female,CIVIL,2,A,CMRIT,Dr. Ramesh,9.67,7.41,7.99,9.2,6.9,6.76,8.16,7.93,8.57,28,24,20,86,8,4,47314,145008,True,2,31,7,0.79,13,3,Low
CMR2023292,Jeremy Reed,18,Female,CIVIL,2,A,CMRIT,Dr. Arvind,7.77,7.93,5.51,8.81,8.26,5.63,7.84,7.23,7.5,30,28,23,42,0,7,42320,102859,True,1,88,7,0.97,8,8,High
CMR2023041,Fred Smith,18,Female,AIML,2,C,CMRIT,Prof. Kavya,5.34,8.83,6.04,6.08,9.35,6.64,5.74,9.5,6.57,20,24,22,40,5,3,39076,146614,False,0,42,4,0.76,0,3,High
CMR2023003,Daniel Wagner,23,Female,EEE,4,A,CMRIT,Dr. Arvind,5.7,8.72,7.69,8.74,7.14,7.92,6.81,9.99,7.84,22,28,27,44,6,6,28831,17351,True,1,100,5,0.85,6,10,High
CMR2023302,Megan Le,20,Male,MECH,2,A,CMRIT,Prof. Kavya,7.54,9.18,9.29,7.11,5.98,6.0,9.54,8.93,8.28,25,23,30,66,5,2,129708,127526,False,0,94,8,0.97,9,5,High
CMR2023891,Nathan Nelson,18,Female,MECH,2,B,CMRIT,Prof. Kavya,9.43,9.12,9.11,7.82,7.07,7.74,9.18,9.67,8.87,22,23,22,49,2,3,125630,42856,True,3,35,7,0.74,9,1,High
CMR2023204,Erin Warner,23,Female,AIML,1,A,CMRIT,Dr. Ramesh,7.32,8.98,8.69,6.04,8.08,7.07,5.23,6.75,8.15,30,23,20,89,0,1,57740,78826,False,0,28,6,0.51,8,6,Low
CMR2023047,Shane Henderson,19,Male,ECE,4,A,CMRIT,Dr. Arvind,8.39,7.97,7.63,6.54,6.1,9.92,5.27,6.02,7.23,23,22,24,74,3,8,80876,91015,True,0,83,9,0.6,2,7,High
CMR2024025,Amanda Hill,19,Male,AIML,3,A,CMRIT,Prof. Kavya,5.04,6.78,6.87,6.34,9.72,7.09,6.59,9.07,6.97,25,23,29,60,5,0,143209,146024,False,0,41,9,0.38,8,10,Medium
CMR2024010,Kathryn Lester,20,Male,ECE,1,B,CMRIT,Prof. Meena,6.64,6.29,5.62,7.75,6.01,5.19,7.96,7.94,6.46,24,22,28,82,6,8,138341,124361,True,2,56,9,0.81,10,7,High
CMR2023591,Kiara Little,23,Female,AIML,2,A,CMRIT,Dr. Ramesh,8.63,8.62,6.83,8.78,8.81,9.17,7.16,8.44,8.21,22,27,26,46,1,2,6998,49924,False,0,24,8,0.42,13,7,High
CMR2023568,Lisa Randall,18,Female,MECH,3,A,CMRIT,Dr. Ramesh,7.48,6.12,6.42,6.97,6.69,5.81,7.36,7.26,6.58,28,24,24,42,1,0,110144,114568,True,2,61,5,0.47,2,3,High
CMR2023317,Ashley Hall,20,Male,AIML,1,A,CMRIT,Prof. Meena,5.14,5.07,9.1,8.4,5.32,9.79,5.48,9.18,5.11,30,22,22,99,8,6,16537,113968,True,2,61,8,0.74,9,4,High
CMR2023933,Samantha Foster,18,Male,CSE,2,A,CMRIT,Prof. Meena,6.11,6.72,9.91,7.8,8.55,5.12,9.98,7.32,7.63,29,21,30,76,0,5,43249,30518,True,3,52,5,0.88,6,10,Medium
CMR2023945,Paula Brown,21,Male,AIML,4,C,CMRIT,Dr. Arvind,5.52,8.3,6.01,8.42,7.06,7.85,9.41,6.7,7.41,23,28,22,65,4,2,15811,29706,True,2,23,7,0.86,2,7,Medium
CMR2023287,Carolyn Miller,21,Male,CIVIL,2,C,CMRIT,Dr. Arvind,9.61,5.59,9.26,5.55,6.85,6.45,7.61,5.59,7.5,24,25,24,96,4,3,82065,132382,True,1,38,8,0.6,14,5,Low
CMR2023719,Jeffrey Roberson,23,Female,EEE,1,B,CMRIT,Prof. Kavya,9.11,8.09,9.97,6.06,8.28,9.5,6.21,9.49,8.6,27,23,21,92,3,0,35078,144348,True,2,70,9,0.86,4,2,Medium
CMR2023414,Erica Alvarez,21,Female,MECH,4,B,CMRIT,Dr. Arvind,5.81,6.91,8.73,9.62,5.66,5.08,9.0,9.75,7.57,21,23,28,90,0,1,82548,93482,False,0,24,8,0.49,4,5,Low
CMR2023141,David Douglas Jr.,21,Female,CSE,1,B,CMRIT,Dr. Arvind,5.06,9.34,7.62,8.72,8.62,6.12,9.78,9.37,7.2,28,28,29,93,8,0,29967,118468,True,3,64,9,0.77,6,3,Medium
CMR2023847,Joseph Smith,22,Male,CIVIL,4,C,CMRIT,Dr. Arvind,5.44,7.09,5.01,9.69,8.43,8.6,9.42,6.92,7.58,21,22,27,55,1,7,111468,107737,True,0,91,4,0.67,13,1,High
CMR2023868,Lisa Ramirez,22,Male,EEE,1,A,CMRIT,Prof. Meena,5.21,9.32,7.32,9.59,9.74,9.67,8.31,6.29,7.27,24,30,29,84,4,5,40930,16493,False,0,56,9,0.69,9,5,Medium
CMR2023210,Christopher Smith,20,Female,AIML,1,B,CMRIT,Prof. Kavya,5.46,9.01,8.49,5.49,6.55,8.22,8.83,7.35,7.23,23,22,29,69,7,0,72646,100276,False,0,43,9,0.94,5,6,Medium
CMR2024133,Caitlin Perry,21,Female,ECE,3,A,CMRIT,Dr. Ramesh,7.26,7.91,9.14,8.72,5.68,8.2,9.63,6.42,7.82,23,24,27,81,8,3,97971,33606,False,0,23,9,0.48,5,10,Low
CMR2023908,William Miller,18,Male,CIVIL,1,B,CMRIT,Dr. Ramesh,7.92,6.43,7.2,8.25,7.12,7.57,5.26,7.64,7.17,25,28,20,60,1,1,20669,31189,False,0,51,4,0.52,9,2,High
CMR2023445,Tracy Montoya,22,Female,CSE,2,B,CMRIT,Prof. Kavya,7.34,5.16,5.58,8.29,5.93,5.7,7.93,6.86,6.59,26,30,29,81,1,2,13873,89507,True,2,21,5,0.59,5,6,Medium
CMR2023465,Jeffrey Mendez,21,Male,CIVIL,1,B,CMRIT,Prof. Kavya,6.55,6.12,6.39,8.89,8.95,8.25,6.78,7.3,6.33,30,20,28,44,4,8,64866,58092,False,0,24,7,0.74,5,9,High
CMR2023220,Courtney Mills,21,Female,MECH,1,A,CMRIT,Dr. Arvind,9.78,7.16,9.59,9.29,6.67,6.34,5.49,8.27,8.47,26,27,30,93,1,0,68385,56098,False,0,43,6,0.68,10,1,Low
CMR2023990,Carmen Preston,22,Male,CIVIL,4,A,CMRIT,Prof. Meena,9.21,6.19,7.83,8.34,5.43,9.69,7.39,6.23,7.54,26,29,20,41,5,2,127121,138767,False,0,82,7,0.64,0,1,High
CMR2023764,Jorge Stone,22,Male,CSE,3,A,CMRIT,Prof. Meena,7.55,5.15,5.98,7.65,7.11,9.37,5.34,6.01,7.14,30,28,29,44,5,2,52767,116967,True,3,84,8,0.92,12,9,High
CMR2023906,Michelle Davis DVM,23,Female,EEE,3,A,CMRIT,Dr. Arvind,8.04,5.13,9.64,9.84,9.6,7.74,5.01,5.89,8.33,25,25,21,74,8,3,59600,76063,False,0,52,8,0.58,2,3,Medium
CMR2024095,James Chapman,20,Male,CSE,1,C,CMRIT,Prof. Meena,6.05,9.66,5.08,5.16,6.75,9.17,6.73,6.66,7.86,23,23,27,70,1,2,129994,131382,True,0,45,4,0.56,11,9,High
CMR2024105,Amber Vang,18,Male,AIML,1,C,CMRIT,Prof. Kavya,6.97,9.85,8.07,5.44,9.08,7.02,6.5,5.02,8.41,26,20,23,42,5,7,48995,116837,False,0,64,5,0.96,11,9,High
CMR2023430,Maria Henderson,19,Female,ECE,4,A,CMRIT,Prof. Kavya,9.7,5.18,5.1,9.7,5.51,6.99,7.42,5.78,6.92,24,20,23,95,1,1,69830,13854,False,0,35,7,0.76,2,5,Medium
CMR2023745,Vincent Novak,18,Male,AIML,2,A,CMRIT,Prof. Kavya,8.91,6.86,6.48,8.31,9.42,8.56,7.69,9.35,7.64,28,26,28,60,4,8,135941,110241,False,0,21,4,0.83,1,9,High
CMR2023306,Edward Burgess,22,Female,AIML,1,B,CMRIT,Dr. Ramesh,5.84,6.94,9.41,8.76,6.87,7.59,5.89,8.56,6.39,28,27,27,68,3,6,129192,75342,False,0,94,9,0.33,3,4,High
CMR2023645,Kim Morrow,18,Male,MECH,1,B,CMRIT,Dr. Ramesh,7.16,9.31,5.11,6.14,5.63,6.41,8.25,9.51,8.23,25,25,24,63,6,7,46575,6986,True,2,24,5,0.34,0,10,High
CMR2023501,Brian Fitzgerald,20,Male,EEE,1,C,CMRIT,Dr. Ramesh,8.32,6.6,7.64,7.88,7.66,6.97,7.73,6.0,7.46,25,22,27,71,1,5,56915,81797,False,0,71,7,0.56,7,1,Medium
CMR2023089,Aimee Montoya,20,Female,ECE,1,C,CMRIT,Dr. Arvind,8.92,7.25,6.14,7.77,6.88,5.93,7.93,6.9,8.09,29,24,23,87,6,5,24269,26505,False,0,39,7,0.8,10,3,Low
CMR2023482,Evelyn Martinez,23,Female,CIVIL,3,A,CMRIT,Dr. Arvind,7.11,8.31,7.9,9.67,5.17,9.53,6.93,5.24,7.95,23,22,20,94,5,3,42474,13942,True,1,70,6,0.31,7,8,Medium
CMR2023719,Jeffrey Roberson,23,Female,EEE,1,B,CMRIT,Prof. Kavya,9.11,8.09,9.97,6.06,8.28,9.5,6.21,9.49,8.6,27,23,21,92,3,0,35078,144348,True,2,70,9,0.86,4,2,Medium
CMR2024175,Janice Petty,22,Male,CIVIL,1,C,CMRIT,Prof. Kavya,5.35,6.08,6.6,9.82,8.64,8.48,5.47,9.8,5.71,23,26,30,84,8,1,109514,133203,True,2,28,7,0.36,13,4,High
CMR2023482,Evelyn Martinez,23,Female,CIVIL,3,A,CMRIT,Dr. Arvind,7.11,8.31,7.9,9.67,5.17,9.53,6.93,5.24,7.95,23,22,20,94,5,3,42474,13942,True,1,70,6,0.31,7,8,Medium
CMR2023211,Denise Mccann,18,Female,CSE,3,B,CMRIT,Prof. Meena,9.23,6.41,6.74,7.87,7.54,7.03,8.57,5.53,7.47,28,30,21,75,2,7,84198,144656,False,0,71,8,0.59,9,4,High
CMR2023439,Jason Rhodes,21,Female,EEE,3,C,CMRIT,Dr. Ramesh,7.79,7.18,6.74,5.13,6.83,7.33,8.35,8.64,6.83,23,29,28,63,8,3,55065,105258,False,0,42,9,1.0,3,8,Medium
CMR2024151,Robert West,23,Female,CSE,2,A,CMRIT,Prof. Meena,9.69,9.92,8.84,9.34,8.95,8.98,6.98,7.87,9.45,30,29,27,91,7,4,104436,144873,True,3,20,8,0.52,7,2,Low
CMR2023336,Daniel Kane,21,Male,CSE,1,B,CMRIT,Prof. Meena,5.9,5.26,9.9,8.25,7.97,9.85,8.13,7.02,5.58,20,21,23,89,7,6,108978,133090,False,0,96,5,0.76,6,2,High
CMR2023158,Melissa Gates,19,Female,AIML,1,B,CMRIT,Dr. Arvind,6.17,8.34,7.59,8.96,6.94,9.59,9.41,5.2,7.25,30,25,21,63,1,8,141674,76695,False,0,94,8,0.7,6,7,High
CMR2024133,Caitlin Perry,21,Female,ECE,3,A,CMRIT,Dr. Ramesh,7.26,7.91,9.14,8.72,5.68,8.2,9.63,6.42,7.82,23,24,27,81,8,3,97971,33606,False,0,23,9,0.48,5,10,Low
CMR2023861,Bonnie Valencia,20,Female,CSE,3,A,CMRIT,Prof. Kavya,8.02,8.94,7.73,5.89,9.02,5.12,6.05,6.91,7.45,22,20,23,82,7,8,139674,102451,False,0,55,9,0.98,11,1,High
CMR2023982,Joshua Garcia,18,Male,EEE,1,C,CMRIT,Dr. Arvind,7.63,7.56,8.92,7.21,5.8,7.95,9.66,7.12,7.59,23,21,29,87,7,0,118111,68045,True,1,99,8,0.54,1,7,High
CMR2024128,Anna Briggs,22,Female,AIML,4,B,CMRIT,Prof. Kavya,7.01,6.11,9.92,6.38,7.94,9.85,5.1,9.54,7.73,25,28,28,78,3,5,6833,128440,True,3,28,6,0.88,2,3,Low
CMR2024185,John Duncan,23,Male,EEE,2,C,CMRIT,Dr. Arvind,8.29,9.37,9.71,6.62,8.4,7.25,9.9,7.93,8.5,24,20,29,91,4,0,27291,111532,False,0,24,8,0.38,3,7,Low
CMR2023251,Olivia Harris,18,Female,CIVIL,1,B,CMRIT,Prof. Meena,7.61,8.38,5.6,6.97,8.48,9.89,8.71,9.46,8.0,22,21,25,57,4,6,57189,93770,True,3,35,5,0.89,11,8,High
CMR2023868,Lisa Ramirez,22,Male,EEE,1,A,CMRIT,Prof. Meena,5.21,9.32,7.32,9.59,9.74,9.67,8.31,6.29,7.27,24,30,29,84,4,5,40930,16493,False,0,56,9,0.69,9,5,Medium
CMR2023474,Robin Thompson,18,Female,CSE,3,C,CMRIT,Prof. Meena,6.41,6.67,5.34,5.38,5.46,7.79,5.56,5.79,6.17,28,21,29,81,5,1,127800,55040,True,3,55,7,0.62,14,3,Medium
CMR2023377,Paula Bradley,20,Male,MECH,3,B,CMRIT,Dr. Arvind,6.54,9.51,9.55,8.37,5.02,9.55,5.16,5.13,8.09,25,28,29,81,6,0,88223,92841,True,3,50,8,0.98,3,10,Low
CMR2023212,Melissa Martinez,21,Male,ECE,2,C,CMRIT,Prof. Meena,8.92,7.18,8.94,7.72,6.18,8.31,5.39,9.65,8.19,29,27,21,46,6,5,126348,90295,True,3,42,6,0.97,1,10,High
CMR2023726,Christian Dawson,18,Female,AIML,3,B,CMRIT,Prof. Kavya,7.35,5.19,8.7,9.88,7.83,8.08,9.81,7.21,7.84,21,30,29,77,7,0,98872,41006,False,0,48,6,0.44,11,6,Low
CMR2023957,Daniel Fox,21,Female,MECH,2,A,CMRIT,Prof. Kavya,5.03,8.94,6.7,5.79,9.13,5.89,8.77,7.15,6.62,28,30,23,63,4,6,71858,88009,True,2,27,5,0.52,13,9,High
CMR2023220,Courtney Mills,21,Female,MECH,1,A,CMRIT,Dr. Arvind,9.78,7.16,9.59,9.29,6.67,6.34,5.49,8.27,8.47,26,27,30,93,1,0,68385,56098,False,0,43,6,0.68,10,1,Low
CMR2024034,Chelsea Lewis,23,Female,EEE,2,A,CMRIT,Prof. Meena,7.65,9.63,7.21,9.4,6.74,8.49,9.56,8.07,8.47,23,21,23,46,3,8,107066,18753,False,0,36,5,0.89,0,2,High
CMR2024156,Christine Powers,23,Female,AIML,1,B,CMRIT,Prof. Meena,5.39,5.92,6.68,5.24,6.36,9.0,8.11,9.49,5.65,26,27,26,58,4,5,136975,140913,False,0,95,8,0.67,7,6,High
CMR2024172,Mr. Thomas Thompson,19,Female,CIVIL,1,C,CMRIT,Dr. Arvind,5.45,8.99,5.44,7.76,5.19,8.59,8.3,6.77,7.22,29,25,29,91,3,2,21025,12054,False,0,81,8,0.94,1,3,High
CMR2023002,Angie Henderson,21,Female,EEE,3,A,CMRIT,Dr. Arvind,6.78,8.35,8.51,8.42,5.36,8.17,7.67,6.22,7.6,27,26,24,98,5,3,62570,90008,True,1,24,6,0.58,1,4,Low
CMR2023154,Brenda Hall,22,Male,ECE,2,C,CMRIT,Dr. Arvind,6.06,9.53,9.26,5.71,5.92,8.08,6.26,5.57,7.64,30,29,20,71,5,5,148878,125917,True,2,28,6,0.37,11,10,Medium
CMR2023117,Ashley Waller,21,Female,AIML,1,B,CMRIT,Prof. Kavya,5.15,9.05,6.4,9.04,7.36,6.79,7.92,6.16,7.1,22,21,23,51,3,5,68216,74868,True,1,93,7,0.55,13,3,High
CMR2023878,Michelle Jackson,20,Male,EEE,4,B,CMRIT,Prof. Kavya,6.86,9.63,9.21,7.15,5.8,9.21,6.23,7.02,7.64,28,30,25,78,7,3,110785,73779,False,0,29,6,0.7,4,6,Low
CMR2023172,Joshua Cooke,18,Male,EEE,4,A,CMRIT,Dr. Arvind,8.93,6.5,7.81,7.84,6.99,8.45,5.3,9.07,7.61,27,30,21,62,0,6,122926,92728,False,0,66,6,0.69,14,5,High
CMR2023997,Christina Johnson,20,Female,MECH,1,B,CMRIT,Prof. Kavya,9.65,5.67,7.45,5.55,7.73,7.05,6.68,7.09,7.66,28,21,28,66,3,1,145125,31740,True,3,29,7,0.45,12,6,Medium
CMR2023802,Reginald Morrow,22,Male,CSE,1,B,CMRIT,Dr. Ramesh,9.69,6.05,9.59,7.37,5.58,5.53,8.45,8.74,7.87,29,27,30,86,8,4,113774,16950,True,3,39,6,0.78,9,1,Low
CMR2023609,Casey Chase,21,Male,MECH,1,C,CMRIT,Dr. Arvind,9.97,7.9,5.32,6.45,7.87,9.67,8.57,7.27,8.94,24,29,22,87,7,1,110606,115293,False,0,57,8,0.75,12,10,Medium
CMR2023494,Meghan Cisneros,22,Male,EEE,2,C,CMRIT,Prof. Meena,8.14,9.44,9.9,8.73,8.53,9.91,9.02,6.32,9.05,25,25,23,90,8,2,88926,146654,False,0,29,9,0.39,13,4,Low
CMR2023632,Robert Cummings,19,Female,MECH,2,C,CMRIT,Dr. Ramesh,6.42,6.42,7.6,8.08,6.93,8.1,8.58,5.72,7.13,23,26,27,87,2,5,120622,81721,False,0,39,9,0.3,5,9,Medium
CMR2023802,Reginald Morrow,22,Male,CSE,1,B,CMRIT,Dr. Ramesh,9.69,6.05,9.59,7.37,5.58,5.53,8.45,8.74,7.87,29,27,30,86,8,4,113774,16950,True,3,39,6,0.78,9,1,Low
CMR2023644,Edwin Nunez,21,Male,AIML,3,A,CMRIT,Prof. Meena,9.68,7.75,7.7,6.94,8.81,5.65,9.23,6.3,7.75,21,22,20,75,7,4,41921,131314,True,3,35,6,0.73,7,4,Low
CMR2023329,Ariana Jennings,22,Male,MECH,3,C,CMRIT,Prof. Kavya,6.84,8.09,8.29,7.38,7.07,5.94,9.93,9.79,7.27,25,20,30,90,1,5,99425,16994,False,0,76,5,0.72,6,10,High
CMR2024133,Caitlin Perry,21,Female,ECE,3,A,CMRIT,Dr. Ramesh,7.26,7.91,9.14,8.72,5.68,8.2,9.63,6.42,7.82,23,24,27,81,8,3,97971,33606,False,0,23,9,0.48,5,10,Low
CMR2024042,Kathy Reid,23,Male,ECE,4,B,CMRIT,Prof. Meena,5.52,6.73,6.31,7.08,5.08,6.23,5.77,6.96,6.21,29,26,27,65,4,1,75077,110617,True,3,37,4,0.74,11,4,High
CMR2023984,Carla Jones,19,Female,MECH,2,B,CMRIT,Dr. Arvind,6.83,9.3,5.72,5.88,8.61,5.54,6.28,7.36,6.93,25,27,26,80,4,3,127305,53445,True,0,62,6,0.71,11,5,Medium
CMR2024099,Steven Howard,19,Male,ECE,1,B,CMRIT,Prof. Meena,8.72,7.26,9.24,9.77,5.92,5.39,6.84,7.82,7.99,20,24,21,91,1,2,140419,48516,True,2,28,7,0.58,0,9,Low
CMR2023532,Donna Frye,20,Male,AIML,2,B,CMRIT,Prof. Kavya,7.5,8.6,8.6,7.29,6.95,8.77,9.6,7.4,8.0,29,24,30,99,0,4,70147,25361,True,0,23,8,0.34,0,5,Low
CMR2023875,Patrick Yang,19,Male,MECH,3,B,CMRIT,Prof. Kavya,6.06,6.48,8.3,8.02,7.63,9.45,5.05,8.36,7.66,25,25,21,60,6,1,91050,75445,False,0,36,7,0.34,14,8,Medium
CMR2023557,Gary Wells,18,Female,AIML,1,B,CMRIT,Dr. Arvind,8.62,5.76,9.66,6.23,5.04,9.28,8.83,7.57,7.19,20,28,28,95,5,4,19902,108233,True,1,26,7,0.41,2,4,Medium
CMR2023297,William Barrett,19,Female,MECH,2,C,CMRIT,Dr. Arvind,5.96,8.39,9.96,8.46,7.66,6.26,7.8,7.27,8.19,26,30,30,71,5,8,18595,89672,False,0,72,6,0.39,8,8,High
CMR2023484,Jasmine Beltran,21,Male,CSE,3,A,CMRIT,Dr. Arvind,6.54,7.18,9.92,5.41,9.33,7.52,6.99,9.71,7.65,28,23,22,73,0,8,63158,9382,True,2,87,8,0.85,9,9,High
CMR2024185,John Duncan,23,Male,EEE,2,C,CMRIT,Dr. Arvind,8.29,9.37,9.71,6.62,8.4,7.25,9.9,7.93,8.5,24,20,29,91,4,0,27291,111532,False,0,24,8,0.38,3,7,Low
CMR2023332,Jordan Bates,19,Male,ECE,1,B,CMRIT,Dr. Ramesh,5.56,6.7,7.96,5.94,9.71,7.86,5.64,6.57,6.13,26,29,20,73,3,1,86474,21222,True,3,74,6,0.84,12,3,Medium
CMR2024122,John Garcia,19,Male,AIML,4,A,CMRIT,Prof. Meena,9.91,8.81,6.45,6.74,5.92,7.36,5.03,8.09,7.29,20,28,24,71,6,3,41104,147808,False,0,52,9,0.35,10,3,Medium
CMR2023494,Meghan Cisneros,22,Male,EEE,2,C,CMRIT,Prof. Meena,8.14,9.44,9.9,8.73,8.53,9.91,9.02,6.32,9.05,25,25,23,90,8,2,88926,146654,False,0,29,9,0.39,13,4,Low
CMR2023928,Lauren Green,23,Female,AIML,3,B,CMRIT,Dr. Arvind,9.43,9.26,5.92,8.19,5.43,5.78,7.02,8.8,7.33,25,26,25,58,4,1,11786,72892,False,0,21,7,0.32,0,2,High
CMR2023745,Vincent Novak,18,Male,AIML,2,A,CMRIT,Prof. Kavya,8.91,6.86,6.48,8.31,9.42,8.56,7.69,9.35,7.64,28,26,28,60,4,8,135941,110241,False,0,21,4,0.83,1,9,High
CMR2023581,Daniel Bush,18,Female,AIML,2,C,CMRIT,Dr. Ramesh,8.15,5.08,6.09,8.54,5.85,9.79,9.32,7.55,6.96,26,20,30,82,6,3,142094,76647,True,3,90,5,0.34,3,10,High
CMR2024151,Robert West,23,Female,CSE,2,A,CMRIT,Prof. Meena,9.69,9.92,8.84,9.34,8.95,8.98,6.98,7.87,9.45,30,29,27,91,7,4,104436,144873,True,3,20,8,0.52,7,2,Low
CMR2024139,Ernest Bush,20,Female,ECE,3,A,CMRIT,Prof. Kavya,9.85,6.06,6.66,5.03,7.49,8.84,8.03,8.36,7.32,23,23,30,83,6,0,40887,132967,False,0,44,8,0.81,0,5,Medium
CMR2023215,Anthony Everett,19,Male,CSE,1,A,CMRIT,Prof. Meena,8.29,9.87,5.68,5.69,9.03,9.3,9.47,8.48,9.08,26,29,22,67,0,7,124116,138540,False,0,90,7,0.57,3,3,High
CMR2024055,Gregory King,20,Male,ECE,2,B,CMRIT,Dr. Ramesh,9.62,7.93,8.95,7.73,9.03,5.73,6.67,8.09,8.56,24,26,25,83,5,4,123359,74233,False,0,68,6,0.79,2,6,Medium
CMR2023676,Kristen Rowe,23,Female,CSE,1,C,CMRIT,Dr. Ramesh,9.09,5.95,6.92,5.46,5.31,8.62,9.49,6.45,7.52,25,30,23,81,2,3,27295,138781,True,3,55,7,0.85,12,9,Medium
CMR2023516,William Day,21,Female,CSE,3,C,CMRIT,Prof. Meena,6.68,9.02,9.27,8.92,7.04,6.71,9.71,8.6,7.94,28,23,27,97,1,0,78830,74906,True,3,30,9,0.94,13,9,Low
CMR2023213,Katherine Salas,21,Male,CSE,2,A,CMRIT,Dr. Ramesh,8.79,8.3,7.26,6.46,8.08,7.24,6.03,9.39,7.7,24,29,30,94,2,4,84835,118961,False,0,31,8,0.31,8,7,Low
CMR2023244,Shannon Rivera,22,Female,AIML,1,A,CMRIT,Prof. Kavya,6.31,9.78,9.17,7.36,8.27,9.46,7.09,7.46,8.04,30,23,20,76,6,4,36288,77670,False,0,28,8,0.82,9,8,Low
CMR2023612,Franklin Wright,18,Male,EEE,3,C,CMRIT,Prof. Kavya,7.17,6.33,8.92,6.91,6.89,7.03,5.36,9.15,7.21,20,28,27,56,3,4,116661,30756,True,1,87,6,0.7,14,2,High
CMR2023625,Michael Miller,23,Male,AIML,3,C,CMRIT,Prof. Kavya,8.89,6.71,6.87,6.26,9.67,6.97,7.97,5.98,7.56,25,29,24,97,1,5,53677,69651,True,2,70,5,0.91,3,9,Medium
CMR2023603,Keith Rodriguez,19,Male,CIVIL,2,B,CMRIT,Prof. Kavya,5.67,8.22,10.0,5.2,7.03,5.17,5.38,5.42,7.27,29,28,27,97,0,0,90836,107063,True,3,84,7,0.85,11,9,High
CMR2024006,Kristen Randall,21,Female,AIML,1,A,CMRIT,Prof. Meena,5.19,6.56,8.18,6.5,6.62,5.47,8.17,5.28,5.88,22,26,21,77,2,0,23507,12120,True,2,69,6,0.73,2,10,High
CMR2024022,Kristine Garcia,20,Female,CIVIL,4,B,CMRIT,Prof. Meena,7.74,5.74,8.07,8.7,8.56,6.84,6.72,8.0,7.55,25,20,28,71,6,4,22773,77411,True,1,49,4,0.81,9,3,High
CMR2023046,John Pierce,19,Female,CSE,2,C,CMRIT,Dr. Ramesh,5.46,7.65,6.88,7.27,5.79,6.56,6.62,9.71,6.81,29,21,20,68,6,4,45784,46264,True,0,54,7,0.76,7,10,Medium
CMR2023477,Judith Carter,21,Female,AIML,2,B,CMRIT,Dr. Ramesh,5.46,5.88,9.57,8.62,5.61,8.78,5.6,7.45,7.38,29,25,25,100,7,0,113823,55064,True,0,84,6,0.63,8,2,High
CMR2023526,Todd Moore,19,Female,EEE,1,B,CMRIT,Dr. Arvind,6.02,6.48,5.14,8.22,7.11,6.84,8.88,9.96,6.25,27,30,26,69,4,2,46150,121428,False,0,33,6,0.62,3,10,Medium
CMR2023051,Danny Morgan,22,Male,ECE,4,C,CMRIT,Prof. Kavya,9.79,7.25,9.05,9.19,9.91,5.42,8.23,5.2,8.01,27,27,28,83,0,5,142035,46614,False,0,67,6,0.57,12,6,Medium
CMR2023170,Jamie Walton,19,Female,EEE,2,C,CMRIT,Prof. Kavya,5.27,9.0,7.39,7.7,7.51,6.97,8.43,5.87,7.34,21,28,27,95,4,2,87746,7206,True,1,68,8,0.37,5,10,Medium
CMR2023297,William Barrett,19,Female,MECH,2,C,CMRIT,Dr. Arvind,5.96,8.39,9.96,8.46,7.66,6.26,7.8,7.27,8.19,26,30,30,71,5,8,18595,89672,False,0,72,6,0.39,8,8,High
CMR2023552,Diana Hays,22,Female,AIML,2,A,CMRIT,Dr. Arvind,8.81,5.86,9.83,6.92,7.71,5.09,5.8,7.86,7.86,29,24,27,98,3,4,37653,30082,True,3,48,5,0.62,2,3,Low
CMR2024196,Donna Beck,22,Male,EEE,3,B,CMRIT,Prof. Meena,7.89,5.02,9.6,5.2,6.54,8.82,8.77,5.31,7.18,26,22,26,50,5,7,64183,20295,True,1,69,9,0.97,4,6,High
CMR2023482,Evelyn Martinez,23,Female,CIVIL,3,A,CMRIT,Dr. Arvind,7.11,8.31,7.9,9.67,5.17,9.53,6.93,5.24,7.95,23,22,20,94,5,3,42474,13942,True,1,70,6,0.31,7,8,Medium
CMR2023177,Michael Wang,18,Female,ECE,2,A,CMRIT,Dr. Arvind,5.94,9.41,7.19,6.25,8.57,8.23,9.14,6.1,7.2,21,26,30,66,3,1,67799,140426,False,0,56,9,0.82,12,5,Medium
CMR2023151,Pamela Boyd,23,Female,CSE,3,C,CMRIT,Prof. Meena,7.43,6.48,8.26,6.6,5.41,5.48,9.86,8.87,6.61,28,20,30,81,1,2,22163,60255,True,3,33,5,0.68,11,7,Medium
CMR2023500,Jennifer Banks,20,Male,ECE,2,C,CMRIT,Prof. Kavya,9.5,7.49,8.02,9.99,9.6,9.69,9.64,7.74,8.75,26,27,21,90,6,0,22160,93694,True,2,38,5,0.97,7,4,Low
CMR2024133,Caitlin Perry,21,Female,ECE,3,A,CMRIT,Dr. Ramesh,7.26,7.91,9.14,8.72,5.68,8.2,9.63,6.42,7.82,23,24,27,81,8,3,97971,33606,False,0,23,9,0.48,5,10,Low
CMR2023438,Rhonda Martin,21,Male,ECE,1,A,CMRIT,Prof. Kavya,7.56,7.2,8.32,6.64,7.5,5.59,7.8,6.89,7.38,26,27,25,50,4,2,86726,141835,False,0,87,4,0.92,13,4,High
CMR2023064,Jessica Callahan,19,Female,MECH,1,A,CMRIT,Prof. Kavya,6.52,5.81,9.67,6.13,9.74,7.59,6.42,5.39,6.16,23,30,28,77,2,2,76945,37812,False,0,98,8,0.37,10,3,High
CMR2023462,Riley Bryant,21,Female,EEE,1,A,CMRIT,Prof. Kavya,9.24,8.79,7.9,8.96,8.61,6.83,8.28,5.71,9.02,23,27,23,88,4,5,74339,30460,False,0,29,7,0.93,7,4,Low
CMR2023910,Keith Graham,19,Female,MECH,2,A,CMRIT,Dr. Ramesh,6.86,6.32,8.53,5.98,7.02,5.26,5.98,5.93,6.92,28,26,25,58,2,0,92854,9945,False,0,37,5,0.5,1,2,High
CMR2023022,Ethan Adams,22,Male,CSE,3,C,CMRIT,Dr. Ramesh,8.98,7.83,5.21,7.66,8.31,5.34,8.24,5.06,7.22,26,27,21,79,8,7,118645,99945,False,0,39,7,0.42,8,5,High
CMR2024073,David Stokes,21,Male,MECH,4,A,CMRIT,Dr. Ramesh,6.26,5.79,6.55,6.81,7.04,7.88,5.57,9.58,6.93,29,26,24,75,8,0,83752,35108,False,0,21,5,0.44,2,9,Medium
CMR2023067,Carol Tucker,19,Male,EEE,4,B,CMRIT,Dr. Arvind,7.49,5.45,6.97,7.29,6.2,7.92,5.24,6.41,6.62,29,30,30,88,6,5,128361,79907,True,0,75,5,0.92,11,6,Medium
CMR2023842,Virginia Henderson,19,Male,EEE,2,C,CMRIT,Prof. Kavya,8.83,7.54,8.08,8.36,7.83,7.68,5.8,5.6,8.2,22,26,25,74,6,4,58496,66179,False,0,31,7,0.82,14,1,Medium
CMR2023684,James Whitaker,19,Female,CIVIL,4,A,CMRIT,Dr. Ramesh,5.68,7.1,6.95,9.67,9.62,8.97,6.87,7.41,7.78,20,25,28,92,1,5,20466,28977,True,2,20,8,0.42,7,2,Low
CMR2023051,Danny Morgan,22,Male,ECE,4,C,CMRIT,Prof. Kavya,9.79,7.25,9.05,9.19,9.91,5.42,8.23,5.2,8.01,27,27,28,83,0,5,142035,46614,False,0,67,6,0.57,12,6,Medium
CMR2023494,Meghan Cisneros,22,Male,EEE,2,C,CMRIT,Prof. Meena,8.14,9.44,9.9,8.73,8.53,9.91,9.02,6.32,9.05,25,25,23,90,8,2,88926,146654,False,0,29,9,0.39,13,4,Low
CMR2023894,Dr. Andrea Marshall,23,Female,EEE,1,A,CMRIT,Prof. Kavya,7.97,8.41,5.9,9.68,8.93,8.01,8.16,6.67,8.19,21,28,28,81,7,0,31153,45550,False,0,32,8,0.84,13,1,Low
CMR2023596,Victor Morris,20,Female,EEE,1,C,CMRIT,Dr. Arvind,8.76,6.3,5.43,9.06,8.0,7.88,7.38,7.46,7.53,21,22,22,41,0,0,80753,136443,True,2,68,7,0.33,6,8,High
CMR2023257,Kathleen Moran,20,Female,CSE,3,C,CMRIT,Prof. Meena,9.02,8.12,9.79,8.59,7.89,7.96,6.37,7.83,8.56,28,27,26,52,6,6,59981,96046,True,2,84,6,0.6,8,6,High
CMR2023424,Felicia Aguilar,22,Male,CSE,4,A,CMRIT,Dr. Arvind,6.02,9.71,7.86,8.66,7.6,9.16,6.47,5.55,7.63,21,27,26,87,3,1,134303,73958,True,1,55,9,0.77,5,2,Medium
CMR2024055,Gregory King,20,Male,ECE,2,B,CMRIT,Dr. Ramesh,9.62,7.93,8.95,7.73,9.03,5.73,6.67,8.09,8.56,24,26,25,83,5,4,123359,74233,False,0,68,6,0.79,2,6,Medium
CMR2023266,Kimberly Gibson,20,Male,EEE,2,B,CMRIT,Prof. Kavya,5.14,9.88,6.18,7.25,6.24,7.91,8.24,5.43,7.11,27,22,25,75,0,0,109216,60631,False,0,74,9,0.72,1,2,Medium
CMR2023676,Kristen Rowe,23,Female,CSE,1,C,CMRIT,Dr. Ramesh,9.09,5.95,6.92,5.46,5.31,8.62,9.49,6.45,7.52,25,30,23,81,2,3,27295,138781,True,3,55,7,0.85,12,9,Medium
CMR2023894,Dr. Andrea Marshall,23,Female,EEE,1,A,CMRIT,Prof. Kavya,7.97,8.41,5.9,9.68,8.93,8.01,8.16,6.67,8.19,21,28,28,81,7,0,31153,45550,False,0,32,8,0.84,13,1,Low
CMR2023919,Samantha Terry,21,Female,AIML,3,C,CMRIT,Dr. Arvind,9.19,8.74,9.96,8.16,6.94,8.51,6.72,7.03,8.58,23,29,21,72,1,1,125588,41357,False,0,21,5,0.58,9,5,Medium
CMR2023220,Courtney Mills,21,Female,MECH,1,A,CMRIT,Dr. Arvind,9.78,7.16,9.59,9.29,6.67,6.34,5.49,8.27,8.47,26,27,30,93,1,0,68385,56098,False,0,43,6,0.68,10,1,Low
CMR2023644,Edwin Nunez,21,Male,AIML,3,A,CMRIT,Prof. Meena,9.68,7.75,7.7,6.94,8.81,5.65,9.23,6.3,7.75,21,22,20,75,7,4,41921,131314,True,3,35,6,0.73,7,4,Low
CMR2023049,Eric Carney,18,Female,ECE,3,A,CMRIT,Dr. Arvind,8.9,5.38,8.17,7.65,5.97,8.88,6.76,9.79,7.49,30,22,23,51,7,7,31949,43389,False,0,45,5,0.72,12,2,High
CMR2023185,Dr. Hannah Patterson,20,Male,AIML,1,A,CMRIT,Prof. Kavya,7.66,5.95,7.63,6.24,8.13,5.89,8.75,7.08,6.8,21,30,29,72,5,2,98837,125250,False,0,33,5,0.85,8,7,Medium
CMR2023680,Suzanne Wood,22,Female,EEE,1,C,CMRIT,Prof. Kavya,5.63,9.72,5.66,9.41,8.82,6.79,9.25,8.16,7.68,29,28,22,63,2,1,104651,8851,False,0,30,8,0.9,12,10,Medium
CMR2024195,Cynthia Mueller,20,Male,CIVIL,4,B,CMRIT,Dr. Arvind,7.7,9.33,9.67,5.88,7.05,5.3,7.37,6.43,7.34,24,25,26,89,8,2,88011,120773,True,3,80,7,0.55,4,2,High
CMR2024008,Karen Keith,18,Female,EEE,2,C,CMRIT,Prof. Kavya,6.35,5.96,9.03,8.37,7.69,6.15,6.19,6.04,7.43,25,21,28,91,4,2,104942,119341,False,0,24,8,0.6,12,6,Medium
CMR2023213,Katherine Salas,21,Male,CSE,2,A,CMRIT,Dr. Ramesh,8.79,8.3,7.26,6.46,8.08,7.24,6.03,9.39,7.7,24,29,30,94,2,4,84835,118961,False,0,31,8,0.31,8,7,Low
CMR2024052,Lindsay Smith,23,Male,ECE,2,B,CMRIT,Prof. Meena,10.0,6.84,8.37,6.78,7.64,7.04,7.45,7.27,8.0,22,28,28,79,0,1,61203,75802,True,1,49,6,0.87,12,4,Low
CMR2023643,Courtney Smith,23,Male,ECE,1,C,CMRIT,Dr. Arvind,9.91,5.75,6.43,5.64,9.2,7.96,8.5,6.83,7.83,25,26,21,89,1,3,5324,61260,False,0,36,9,0.71,13,1,Low
CMR2023620,Casey Hernandez,23,Male,EEE,4,C,CMRIT,Dr. Ramesh,7.01,9.69,6.18,7.03,8.9,5.73,8.96,6.83,7.54,20,26,28,45,6,5,42651,27112,True,1,48,9,0.54,10,3,High
CMR2023259,Mrs. Kristen Reyes,20,Male,CIVIL,2,B,CMRIT,Dr. Arvind,9.12,8.23,6.28,8.01,7.03,5.57,5.96,6.23,7.91,24,27,27,82,8,2,119329,115629,True,1,40,6,0.4,4,5,Low
CMR2023600,Casey Gillespie,18,Male,EEE,2,B,CMRIT,Prof. Meena,6.07,6.55,8.89,5.41,9.37,9.11,6.46,9.91,6.73,26,22,25,74,2,4,102954,81182,True,1,71,5,0.8,5,6,Medium
CMR2023613,David Molina,21,Male,AIML,3,C,CMRIT,Dr. Arvind,8.13,5.2,5.15,9.8,7.39,6.12,5.03,9.26,6.96,26,29,26,92,5,0,107049,21411,True,0,69,8,0.44,1,4,Medium
CMR2023802,Reginald Morrow,22,Male,CSE,1,B,CMRIT,Dr. Ramesh,9.69,6.05,9.59,7.37,5.58,5.53,8.45,8.74,7.87,29,27,30,86,8,4,113774,16950,True,3,39,6,0.78,9,1,Low
CMR2023661,Emma Butler,23,Female,CIVIL,1,C,CMRIT,Prof. Kavya,8.5,7.97,7.87,7.73,5.21,7.71,9.54,5.01,8.23,26,27,28,90,3,5,43131,30401,False,0,30,7,0.49,8,2,Low
CMR2024099,Steven Howard,19,Male,ECE,1,B,CMRIT,Prof. Meena,8.72,7.26,9.24,9.77,5.92,5.39,6.84,7.82,7.99,20,24,21,91,1,2,140419,48516,True,2,28,7,0.58,0,9,Low
CMR2023611,Michael Lopez,21,Male,EEE,1,B,CMRIT,Prof. Meena,9.86,5.15,7.21,8.75,6.55,9.72,8.62,7.6,7.5,23,25,30,49,6,5,99844,68953,True,0,56,4,0.93,6,2,High
CMR2024174,Kyle Andrade,20,Male,CSE,1,A,CMRIT,Dr. Ramesh,8.87,8.1,9.41,8.54,7.51,9.97,5.2,6.45,8.48,24,28,20,50,3,1,47666,142794,True,0,94,7,0.77,4,6,High
CMR2023514,Angelica Parker,22,Male,EEE,1,B,CMRIT,Dr. Arvind,9.43,9.94,9.43,5.34,5.67,6.5,6.97,5.75,9.68,30,23,30,66,2,5,89069,81637,True,2,97,7,0.31,14,10,High
CMR2024052,Lindsay Smith,23,Male,ECE,2,B,CMRIT,Prof. Meena,10.0,6.84,8.37,6.78,7.64,7.04,7.45,7.27,8.0,22,28,28,79,0,1,61203,75802,True,1,49,6,0.87,12,4,Low
CMR2023500,Jennifer Banks,20,Male,ECE,2,C,CMRIT,Prof. Kavya,9.5,7.49,8.02,9.99,9.6,9.69,9.64,7.74,8.75,26,27,21,90,6,0,22160,93694,True,2,38,5,0.97,7,4,Low
CMR2024099,Steven Howard,19,Male,ECE,1,B,CMRIT,Prof. Meena,8.72,7.26,9.24,9.77,5.92,5.39,6.84,7.82,7.99,20,24,21,91,1,2,140419,48516,True,2,28,7,0.58,0,9,Low
CMR2023908,William Miller,18,Male,CIVIL,1,B,CMRIT,Dr. Ramesh,7.92,6.43,7.2,8.25,7.12,7.57,5.26,7.64,7.17,25,28,20,60,1,1,20669,31189,False,0,51,4,0.52,9,2,High
CMR2023255,Kristen Davis,23,Male,CIVIL,3,B,CMRIT,Dr. Ramesh,7.14,9.96,7.06,5.28,6.22,6.17,6.56,5.42,6.97,21,24,21,72,6,4,93498,49506,True,2,24,7,0.76,6,10,Medium
CMR2024102,Nicholas Lawrence,22,Male,CSE,2,C,CMRIT,Dr. Arvind,9.23,6.89,8.29,8.0,9.44,8.63,7.05,7.76,8.1,23,24,21,73,1,1,16866,62788,False,0,30,6,0.37,12,2,Medium
CMR2023710,Anthony Jones,21,Male,CSE,2,A,CMRIT,Prof. Meena,9.35,6.38,6.2,8.88,7.94,5.59,5.91,5.61,7.7,24,20,30,96,4,3,74408,147727,True,1,40,7,0.87,4,6,Low
CMR2023298,Keith Jennings,18,Male,CSE,3,B,CMRIT,Prof. Meena,6.58,6.96,6.67,9.4,9.04,9.95,6.13,8.45,8.1,21,23,23,67,0,5,48117,91304,False,0,28,9,0.74,0,8,Medium
CMR2023258,Denise Davenport,20,Female,CIVIL,2,A,CMRIT,Prof. Kavya,7.88,6.06,9.81,8.71,7.34,9.69,7.66,8.07,8.12,26,29,30,94,6,6,20697,141909,True,2,79,5,0.47,11,5,High
CMR2023510,Rebecca Hicks,19,Female,AIML,4,B,CMRIT,Prof. Meena,7.3,7.26,9.76,7.32,6.69,8.33,5.67,7.65,7.5,23,23,23,65,2,7,56013,100267,False,0,90,7,0.56,4,4,High
CMR2023494,Meghan Cisneros,22,Male,EEE,2,C,CMRIT,Prof. Meena,8.14,9.44,9.9,8.73,8.53,9.91,9.02,6.32,9.05,25,25,23,90,8,2,88926,146654,False,0,29,9,0.39,13,4,Low
CMR2023676,Kristen Rowe,23,Female,CSE,1,C,CMRIT,Dr. Ramesh,9.09,5.95,6.92,5.46,5.31,8.62,9.49,6.45,7.52,25,30,23,81,2,3,27295,138781,True,3,55,7,0.85,12,9,Medium
CMR2023194,John Bishop,22,Female,CSE,3,B,CMRIT,Dr. Ramesh,9.72,9.75,6.13,6.71,6.96,5.69,8.65,7.6,7.49,30,29,30,74,2,3,64618,114401,True,1,74,6,0.94,5,8,Medium
CMR2023838,Michael Young,21,Male,ECE,3,C,CMRIT,Dr. Ramesh,7.6,9.08,8.73,7.86,9.69,5.75,7.38,8.48,8.12,29,21,20,64,0,4,140534,85757,False,0,25,9,0.62,13,9,Medium
CMR2023947,Ariel Sandoval,20,Female,CIVIL,3,A,CMRIT,Dr. Ramesh,6.53,8.13,6.57,9.79,7.89,9.85,7.09,6.92,8.13,25,21,22,87,5,0,19217,115546,True,3,73,9,0.64,9,4,Medium
CMR2023644,Edwin Nunez,21,Male,AIML,3,A,CMRIT,Prof. Meena,9.68,7.75,7.7,6.94,8.81,5.65,9.23,6.3,7.75,21,22,20,75,7,4,41921,131314,True,3,35,6,0.73,7,4,Low
CMR2023439,Jason Rhodes,21,Female,EEE,3,C,CMRIT,Dr. Ramesh,7.79,7.18,6.74,5.13,6.83,7.33,8.35,8.64,6.83,23,29,28,63,8,3,55065,105258,False,0,42,9,1.0,3,8,Medium
CMR2023170,Jamie Walton,19,Female,EEE,2,C,CMRIT,Prof. Kavya,5.27,9.0,7.39,7.7,7.51,6.97,8.43,5.87,7.34,21,28,27,95,4,2,87746,7206,True,1,68,8,0.37,5,10,Medium
CMR2023220,Courtney Mills,21,Female,MECH,1,A,CMRIT,Dr. Arvind,9.78,7.16,9.59,9.29,6.67,6.34,5.49,8.27,8.47,26,27,30,93,1,0,68385,56098,False,0,43,6,0.68,10,1,Low
CMR2023560,Nancy Evans MD,19,Male,CSE,2,B,CMRIT,Dr. Arvind,7.43,7.33,7.33,9.41,7.32,7.08,5.26,9.74,7.88,30,21,24,44,4,5,103051,18924,False,0,79,7,0.92,13,7,High
CMR2023852,Victor Edwards,21,Female,EEE,1,B,CMRIT,Prof. Meena,5.88,9.46,6.88,9.93,9.54,9.74,8.29,5.77,7.67,29,28,23,68,2,5,61449,89047,False,0,71,8,0.66,11,8,Medium
CMR2023661,Emma Butler,23,Female,CIVIL,1,C,CMRIT,Prof. Kavya,8.5,7.97,7.87,7.73,5.21,7.71,9.54,5.01,8.23,26,27,28,90,3,5,43131,30401,False,0,30,7,0.49,8,2,Low
CMR2024120,Misty Garcia,22,Male,MECH,3,B,CMRIT,Dr. Arvind,8.82,5.34,9.81,9.08,6.27,7.26,8.41,5.37,7.76,27,30,23,81,7,6,107632,124550,True,1,87,7,0.4,5,7,High
CMR2023634,Amber Cooper,22,Male,EEE,4,C,CMRIT,Dr. Ramesh,8.33,5.88,5.9,6.75,7.32,6.3,9.87,7.81,7.27,24,27,22,64,8,3,104328,45568,True,2,38,8,0.36,13,8,Medium
CMR2023719,Jeffrey Roberson,23,Female,EEE,1,B,CMRIT,Prof. Kavya,9.11,8.09,9.97,6.06,8.28,9.5,6.21,9.49,8.6,27,23,21,92,3,0,35078,144348,True,2,70,9,0.86,4,2,Medium
CMR2023244,Shannon Rivera,22,Female,AIML,1,A,CMRIT,Prof. Kavya,6.31,9.78,9.17,7.36,8.27,9.46,7.09,7.46,8.04,30,23,20,76,6,4,36288,77670,False,0,28,8,0.82,9,8,Low
CMR2023668,Nathaniel Lee,22,Female,EEE,1,B,CMRIT,Prof. Meena,5.67,8.59,8.96,9.26,8.19,7.12,5.74,5.55,7.13,22,20,23,86,6,8,143611,70858,True,3,63,5,0.6,11,10,High
CMR2023280,Amanda Jones,22,Male,CIVIL,1,B,CMRIT,Prof. Meena,9.81,8.78,9.87,8.91,8.05,9.29,5.51,7.81,9.29,28,21,22,71,1,2,35948,58840,False,0,40,9,0.5,7,9,Medium
CMR2024133,Caitlin Perry,21,Female,ECE,3,A,CMRIT,Dr. Ramesh,7.26,7.91,9.14,8.72,5.68,8.2,9.63,6.42,7.82,23,24,27,81,8,3,97971,33606,False,0,23,9,0.48,5,10,Low
CMR2023810,Carol Taylor,20,Male,EEE,1,C,CMRIT,Prof. Meena,5.8,8.67,5.09,6.48,6.46,8.79,9.21,6.85,7.23,24,26,27,43,8,7,127831,42053,True,2,28,7,0.37,7,4,High
CMR2023001,Noah Rhodes,20,Female,AIML,2,B,CMRIT,Dr. Ramesh,5.46,5.48,9.24,8.02,9.04,8.65,7.68,9.87,7.05,26,21,28,94,3,1,81854,99800,True,0,25,9,0.46,4,2,Medium
CMR2023183,Ashley Barton,23,Male,CSE,3,C,CMRIT,Prof. Kavya,6.6,5.32,9.84,9.1,5.95,8.42,8.83,5.77,7.54,24,25,26,46,7,3,89416,33957,True,0,25,5,0.43,0,4,High
CMR2024138,Jason Williams,21,Male,EEE,3,A,CMRIT,Prof. Meena,8.67,5.52,5.77,9.35,9.53,7.71,6.18,8.55,7.76,20,25,26,99,4,5,82605,79261,False,0,91,9,0.55,10,1,High
CMR2023462,Riley Bryant,21,Female,EEE,1,A,CMRIT,Prof. Kavya,9.24,8.79,7.9,8.96,8.61,6.83,8.28,5.71,9.02,23,27,23,88,4,5,74339,30460,False,0,29,7,0.93,7,4,Low
CMR2023252,Tanya Kim,20,Female,CIVIL,4,B,CMRIT,Dr. Arvind,5.74,7.27,5.61,7.45,6.15,9.71,5.15,8.69,6.97,21,27,30,79,1,1,12012,51948,False,0,97,9,0.53,4,10,High
CMR2023633,Robert Reese,20,Male,CSE,2,A,CMRIT,Dr. Ramesh,8.69,5.95,5.31,6.0,5.72,9.21,5.04,6.52,6.49,21,20,26,69,5,0,7127,28553,True,3,53,7,0.41,11,9,Medium
CMR2023124,Helen Jones,18,Female,AIML,3,B,CMRIT,Dr. Arvind,5.93,5.22,7.2,6.32,9.19,7.82,5.76,8.48,6.95,21,21,30,92,8,6,95122,146937,False,0,95,5,0.69,13,7,High
CMR2023661,Emma Butler,23,Female,CIVIL,1,C,CMRIT,Prof. Kavya,8.5,7.97,7.87,7.73,5.21,7.71,9.54,5.01,8.23,26,27,28,90,3,5,43131,30401,False,0,30,7,0.49,8,2,Low
CMR2024021,Olivia Ayers,18,Male,MECH,4,B,CMRIT,Dr. Ramesh,5.43,5.51,9.43,7.51,8.74,7.24,9.65,7.01,7.56,21,24,24,72,7,0,128308,122618,False,0,31,8,0.75,10,7,Medium
CMR2023552,Diana Hays,22,Female,AIML,2,A,CMRIT,Dr. Arvind,8.81,5.86,9.83,6.92,7.71,5.09,5.8,7.86,7.86,29,24,27,98,3,4,37653,30082,True,3,48,5,0.62,2,3,Low
CMR2023852,Victor Edwards,21,Female,EEE,1,B,CMRIT,Prof. Meena,5.88,9.46,6.88,9.93,9.54,9.74,8.29,5.77,7.67,29,28,23,68,2,5,61449,89047,False,0,71,8,0.66,11,8,Medium
CMR2024087,Philip Jackson,18,Female,AIML,4,A,CMRIT,Dr. Ramesh,6.21,6.73,6.62,5.36,5.24,6.24,5.66,5.48,5.94,20,27,21,80,0,4,100849,98452,False,0,88,7,0.34,9,5,High
CMR2023868,Lisa Ramirez,22,Male,EEE,1,A,CMRIT,Prof. Meena,5.21,9.32,7.32,9.59,9.74,9.67,8.31,6.29,7.27,24,30,29,84,4,5,40930,16493,False,0,56,9,0.69,9,5,Medium
CMR2023628,Joseph Wilson,22,Male,ECE,1,A,CMRIT,Dr. Arvind,6.05,6.54,6.63,7.27,6.63,6.64,5.54,8.64,6.29,25,29,23,79,4,2,114965,129742,True,1,74,7,0.9,0,1,Medium
CMR2023516,William Day,21,Female,CSE,3,C,CMRIT,Prof. Meena,6.68,9.02,9.27,8.92,7.04,6.71,9.71,8.6,7.94,28,23,27,97,1,0,78830,74906,True,3,30,9,0.94,13,9,Low
CMR2023318,Stephen Hoffman,21,Male,AIML,2,A,CMRIT,Dr. Arvind,6.62,5.07,8.27,5.06,6.06,6.1,8.29,6.39,6.25,29,25,20,90,2,4,22650,62294,False,0,58,8,0.65,1,9,Medium
CMR2024164,Mitchell Griffith,19,Male,EEE,4,C,CMRIT,Dr. Ramesh,5.28,6.65,6.7,6.78,7.92,6.09,9.71,8.88,7.25,23,30,30,42,2,5,38177,49620,False,0,77,4,0.52,2,5,High
CMR2023293,Margaret Coleman,22,Female,CIVIL,2,A,CMRIT,Dr. Ramesh,9.67,7.41,7.99,9.2,6.9,6.76,8.16,7.93,8.57,28,24,20,86,8,4,47314,145008,True,2,31,7,0.79,13,3,Low
CMR2023119,Jeffrey Chandler,23,Male,ECE,1,A,CMRIT,Prof. Kavya,7.93,9.59,8.87,9.23,9.3,9.8,6.87,9.71,8.76,26,29,21,81,5,2,93227,84105,False,0,37,5,0.81,6,8,Low
CMR2023244,Shannon Rivera,22,Female,AIML,1,A,CMRIT,Prof. Kavya,6.31,9.78,9.17,7.36,8.27,9.46,7.09,7.46,8.04,30,23,20,76,6,4,36288,77670,False,0,28,8,0.82,9,8,Low
CMR2023719,Jeffrey Roberson,23,Female,EEE,1,B,CMRIT,Prof. Kavya,9.11,8.09,9.97,6.06,8.28,9.5,6.21,9.49,8.6,27,23,21,92,3,0,35078,144348,True,2,70,9,0.86,4,2,Medium
CMR2023677,Joseph Howard,20,Female,EEE,3,C,CMRIT,Dr. Ramesh,5.17,5.99,8.87,5.08,9.18,7.02,5.91,6.85,6.89,24,25,29,67,4,1,104402,119697,True,2,22,9,0.33,6,7,Medium
CMR2023868,Lisa Ramirez,22,Male,EEE,1,A,CMRIT,Prof. Meena,5.21,9.32,7.32,9.59,9.74,9.67,8.31,6.29,7.27,24,30,29,84,4,5,40930,16493,False,0,56,9,0.69,9,5,Medium
CMR2023847,Joseph Smith,22,Male,CIVIL,4,C,CMRIT,Dr. Arvind,5.44,7.09,5.01,9.69,8.43,8.6,9.42,6.92,7.58,21,22,27,55,1,7,111468,107737,True,0,91,4,0.67,13,1,High
CMR2023377,Paula Bradley,20,Male,MECH,3,B,CMRIT,Dr. Arvind,6.54,9.51,9.55,8.37,5.02,9.55,5.16,5.13,8.09,25,28,29,81,6,0,88223,92841,True,3,50,8,0.98,3,10,Low
CMR2023689,Maria Brown,18,Female,EEE,2,A,CMRIT,Prof. Kavya,8.65,5.05,5.17,9.68,9.51,6.62,5.21,8.14,7.14,24,20,30,78,0,2,31664,66229,True,0,32,7,0.85,6,2,Medium
CMR2023706,Adam Jackson,20,Male,ECE,2,B,CMRIT,Prof. Kavya,9.6,8.69,9.7,7.77,6.6,8.37,5.51,7.57,8.94,28,30,20,82,6,4,144932,134234,True,3,38,9,0.47,4,2,Low
CMR2024099,Steven Howard,19,Male,ECE,1,B,CMRIT,Prof. Meena,8.72,7.26,9.24,9.77,5.92,5.39,6.84,7.82,7.99,20,24,21,91,1,2,140419,48516,True,2,28,7,0.58,0,9,Low
CMR2023253,Barbara Dudley,23,Female,EEE,2,B,CMRIT,Prof. Meena,7.45,6.31,6.72,9.3,7.73,9.76,5.16,7.15,7.45,21,26,27,96,2,7,87459,103654,False,0,78,4,0.32,8,5,High
CMR2023295,John Young,18,Male,MECH,1,C,CMRIT,Prof. Meena,8.36,6.76,9.06,9.14,6.79,5.89,8.84,8.49,7.56,20,21,27,83,5,3,102119,55591,False,0,21,5,0.82,12,5,Low
CMR2023154,Brenda Hall,22,Male,ECE,2,C,CMRIT,Dr. Arvind,6.06,9.53,9.26,5.71,5.92,8.08,6.26,5.57,7.64,30,29,20,71,5,5,148878,125917,True,2,28,6,0.37,11,10,Medium
CMR2023599,Susan Thompson,23,Female,CIVIL,2,C,CMRIT,Prof. Meena,7.49,9.65,7.58,6.89,8.82,7.64,5.32,6.34,7.9,22,30,21,66,4,2,42093,109879,False,0,41,8,0.7,10,5,Medium
CMR2024077,David Carter,18,Female,CSE,1,C,CMRIT,Prof. Meena,7.48,9.91,9.88,8.35,5.14,5.65,5.37,5.65,8.7,21,28,22,93,0,4,149102,97492,True,1,49,9,0.4,9,8,Low
CMR2023246,Krista Gibson,22,Male,MECH,3,B,CMRIT,Dr. Arvind,6.36,8.49,6.81,7.67,6.76,5.72,5.68,6.41,6.97,27,26,25,79,8,8,47737,31848,True,1,84,5,0.88,12,9,High
CMR2023026,Justin Baker,18,Male,MECH,3,B,CMRIT,Prof. Meena,7.2,5.92,5.26,9.71,7.39,9.11,7.0,5.37,7.43,30,30,20,78,3,8,44774,44111,False,0,30,5,0.38,12,7,High
CMR2023625,Michael Miller,23,Male,AIML,3,C,CMRIT,Prof. Kavya,8.89,6.71,6.87,6.26,9.67,6.97,7.97,5.98,7.56,25,29,24,97,1,5,53677,69651,True,2,70,5,0.91,3,9,Medium
CMR2023244,Shannon Rivera,22,Female,AIML,1,A,CMRIT,Prof. Kavya,6.31,9.78,9.17,7.36,8.27,9.46,7.09,7.46,8.04,30,23,20,76,6,4,36288,77670,False,0,28,8,0.82,9,8,Low
CMR2023873,Amy Miller,23,Female,EEE,1,C,CMRIT,Dr. Arvind,6.22,5.03,8.21,7.82,5.82,8.02,7.16,6.21,5.62,23,22,29,95,8,2,130582,60758,True,1,92,7,0.5,0,3,High
CMR2024017,James Nguyen,19,Male,EEE,3,B,CMRIT,Dr. Arvind,7.3,9.43,5.87,7.07,5.68,6.23,6.96,7.69,6.93,20,28,29,81,3,4,133027,134996,False,0,83,6,0.73,10,5,High
CMR2023944,Francis Robinson,19,Female,CIVIL,3,C,CMRIT,Dr. Arvind,7.07,9.56,5.42,6.43,5.76,6.56,5.11,5.14,6.8,23,27,25,78,8,6,69397,146000,True,1,29,5,0.4,6,6,High
CMR2023184,Lindsay Martinez,18,Male,MECH,4,C,CMRIT,Prof. Meena,7.63,8.51,6.28,6.83,8.03,5.35,9.65,6.04,7.29,27,21,27,73,0,1,20912,99614,False,0,67,9,0.34,9,5,Medium
CMR2023726,Christian Dawson,18,Female,AIML,3,B,CMRIT,Prof. Kavya,7.35,5.19,8.7,9.88,7.83,8.08,9.81,7.21,7.84,21,30,29,77,7,0,98872,41006,False,0,48,6,0.44,11,6,Low
CMR2023957,Daniel Fox,21,Female,MECH,2,A,CMRIT,Prof. Kavya,5.03,8.94,6.7,5.79,9.13,5.89,8.77,7.15,6.62,28,30,23,63,4,6,71858,88009,True,2,27,5,0.52,13,9,High
CMR2023547,Julie Herrera,23,Male,AIML,3,B,CMRIT,Dr. Ramesh,7.16,5.15,5.33,5.42,9.46,5.73,8.21,6.85,6.38,26,24,27,84,8,2,94517,84559,False,0,59,7,0.66,6,10,Medium
CMR2023026,Justin Baker,18,Male,MECH,3,B,CMRIT,Prof. Meena,7.2,5.92,5.26,9.71,7.39,9.11,7.0,5.37,7.43,30,30,20,78,3,8,44774,44111,False,0,30,5,0.38,12,7,High
CMR2024026,Lee Steele,22,Female,CIVIL,1,A,CMRIT,Prof. Meena,6.65,9.04,9.2,9.87,5.55,7.3,8.79,5.89,7.84,28,23,21,95,6,3,62760,86539,True,0,27,5,0.97,1,5,Low
CMR2023056,Timothy Duncan,18,Female,AIML,2,A,CMRIT,Dr. Arvind,9.59,7.36,9.16,8.79,7.35,8.08,9.53,5.1,8.72,23,22,28,80,7,1,143352,115953,True,2,50,6,0.39,3,7,Low
CMR2024146,Mason Moore,18,Female,CSE,1,B,CMRIT,Prof. Kavya,9.33,5.37,7.58,7.12,6.67,8.64,6.99,7.58,7.35,23,21,30,49,7,8,110229,104090,False,0,80,8,0.89,10,2,High
CMR2023020,Margaret Hawkins DDS,21,Male,MECH,1,B,CMRIT,Dr. Ramesh,5.42,7.14,9.33,5.91,6.3,6.64,7.27,6.69,6.28,26,24,26,81,1,0,71131,26471,False,0,22,9,0.68,5,4,Medium
CMR2023656,Eric Thomas,22,Female,CIVIL,1,B,CMRIT,Dr. Ramesh,7.94,6.15,5.59,9.52,5.44,7.9,5.56,7.14,7.04,27,28,30,75,3,5,70040,51407,False,0,56,9,0.93,11,9,Medium
CMR2024185,John Duncan,23,Male,EEE,2,C,CMRIT,Dr. Arvind,8.29,9.37,9.71,6.62,8.4,7.25,9.9,7.93,8.5,24,20,29,91,4,0,27291,111532,False,0,24,8,0.38,3,7,Low
CMR2023987,Nicholas Payne,19,Female,EEE,1,B,CMRIT,Dr. Arvind,6.73,7.97,8.09,8.64,6.87,5.98,6.27,6.59,7.35,20,22,20,80,5,0,39323,103902,True,3,91,8,0.32,3,5,High
CMR2023580,William Evans,23,Female,MECH,3,A,CMRIT,Prof. Meena,8.76,5.2,9.59,7.1,8.29,6.35,5.26,5.34,7.55,29,20,21,77,8,3,130036,16147,False,0,66,7,0.68,4,3,Medium
CMR2023706,Adam Jackson,20,Male,ECE,2,B,CMRIT,Prof. Kavya,9.6,8.69,9.7,7.77,6.6,8.37,5.51,7.57,8.94,28,30,20,82,6,4,144932,134234,True,3,38,9,0.47,4,2,Low
CMR2023944,Francis Robinson,19,Female,CIVIL,3,C,CMRIT,Dr. Arvind,7.07,9.56,5.42,6.43,5.76,6.56,5.11,5.14,6.8,23,27,25,78,8,6,69397,146000,True,1,29,5,0.4,6,6,High
CMR2024074,Catherine Frazier,21,Male,CSE,3,A,CMRIT,Dr. Ramesh,5.89,7.44,6.69,5.4,9.69,5.74,5.8,8.52,6.81,20,21,27,79,2,1,99595,83002,False,0,54,4,0.58,8,8,High
CMR2023839,Michele Smith,19,Female,EEE,4,A,CMRIT,Dr. Arvind,9.5,6.14,6.24,6.34,7.12,7.55,6.06,6.98,6.99,30,27,30,75,2,2,60309,10833,False,0,80,9,0.85,14,2,High
CMR2024165,Levi Lopez,20,Female,ECE,4,C,CMRIT,Prof. Kavya,9.91,8.98,9.46,9.92,8.25,6.47,5.52,7.38,8.24,28,28,21,93,5,6,99289,115448,False,0,71,9,0.62,8,7,High
CMR2023787,Elizabeth Mendez,21,Male,MECH,1,C,CMRIT,Dr. Ramesh,7.45,8.1,7.84,5.43,6.5,5.25,7.86,8.63,7.78,28,23,26,57,7,0,38517,56742,False,0,49,6,0.68,8,7,High
CMR2024155,Lisa Torres,22,Male,MECH,4,C,CMRIT,Dr. Ramesh,8.59,5.7,5.32,8.79,6.41,9.86,6.28,8.64,7.45,24,27,24,70,8,4,106343,6289,False,0,42,8,0.47,7,2,Medium
CMR2023046,John Pierce,19,Female,CSE,2,C,CMRIT,Dr. Ramesh,5.46,7.65,6.88,7.27,5.79,6.56,6.62,9.71,6.81,29,21,20,68,6,4,45784,46264,True,0,54,7,0.76,7,10,Medium
CMR2023946,Kendra Wang DVM,21,Female,AIML,3,A,CMRIT,Prof. Kavya,7.44,9.97,6.58,6.73,9.81,9.55,7.45,9.17,8.35,30,26,25,67,2,2,106162,128014,False,0,53,8,0.61,4,10,Medium
CMR2024128,Anna Briggs,22,Female,AIML,4,B,CMRIT,Prof. Kavya,7.01,6.11,9.92,6.38,7.94,9.85,5.1,9.54,7.73,25,28,28,78,3,5,6833,128440,True,3,28,6,0.88,2,3,Low
CMR2023222,Elizabeth Oliver DDS,23,Male,ECE,3,B,CMRIT,Dr. Ramesh,8.19,9.61,6.38,7.13,9.52,8.85,6.62,5.81,8.28,21,24,20,68,1,7,105348,106866,False,0,27,6,0.97,4,3,High
CMR2023500,Jennifer Banks,20,Male,ECE,2,C,CMRIT,Prof. Kavya,9.5,7.49,8.02,9.99,9.6,9.69,9.64,7.74,8.75,26,27,21,90,6,0,22160,93694,True,2,38,5,0.97,7,4,Low
CMR2023868,Lisa Ramirez,22,Male,EEE,1,A,CMRIT,Prof. Meena,5.21,9.32,7.32,9.59,9.74,9.67,8.31,6.29,7.27,24,30,29,84,4,5,40930,16493,False,0,56,9,0.69,9,5,Medium
CMR2023747,Dana Bennett,22,Female,CIVIL,2,A,CMRIT,Dr. Arvind,8.29,5.56,5.7,9.65,9.04,5.9,5.97,5.09,7.3,21,20,24,89,1,1,47754,71305,True,0,56,9,0.64,8,10,Medium
CMR2023723,Todd Reynolds,19,Male,AIML,4,B,CMRIT,Prof. Meena,6.16,8.99,9.93,5.93,7.19,6.95,8.82,7.3,7.66,25,29,28,100,4,3,145185,129558,False,0,65,5,0.89,14,4,Medium
CMR2023287,Carolyn Miller,21,Male,CIVIL,2,C,CMRIT,Dr. Arvind,9.61,5.59,9.26,5.55,6.85,6.45,7.61,5.59,7.5,24,25,24,96,4,3,82065,132382,True,1,38,8,0.6,14,5,Low
CMR2023387,James Padilla,19,Female,MECH,1,C,CMRIT,Dr. Ramesh,6.3,8.92,5.55,9.74,5.38,6.65,8.06,9.06,7.61,24,22,22,80,7,1,125768,36431,True,2,38,8,0.92,14,7,Low
CMR2023364,Tracy Burke,23,Male,ECE,1,A,CMRIT,Dr. Ramesh,9.41,5.16,8.76,7.52,5.05,9.16,8.4,9.38,7.29,28,24,29,100,2,3,136562,85224,True,3,40,6,0.98,8,7,Medium
CMR2023710,Anthony Jones,21,Male,CSE,2,A,CMRIT,Prof. Meena,9.35,6.38,6.2,8.88,7.94,5.59,5.91,5.61,7.7,24,20,30,96,4,3,74408,147727,True,1,40,7,0.87,4,6,Low
CMR2023213,Katherine Salas,21,Male,CSE,2,A,CMRIT,Dr. Ramesh,8.79,8.3,7.26,6.46,8.08,7.24,6.03,9.39,7.7,24,29,30,94,2,4,84835,118961,False,0,31,8,0.31,8,7,Low
CMR2023868,Lisa Ramirez,22,Male,EEE,1,A,CMRIT,Prof. Meena,5.21,9.32,7.32,9.59,9.74,9.67,8.31,6.29,7.27,24,30,29,84,4,5,40930,16493,False,0,56,9,0.69,9,5,Medium
CMR2023184,Lindsay Martinez,18,Male,MECH,4,C,CMRIT,Prof. Meena,7.63,8.51,6.28,6.83,8.03,5.35,9.65,6.04,7.29,27,21,27,73,0,1,20912,99614,False,0,67,9,0.34,9,5,Medium
CMR2023387,James Padilla,19,Female,MECH,1,C,CMRIT,Dr. Ramesh,6.3,8.92,5.55,9.74,5.38,6.65,8.06,9.06,7.61,24,22,22,80,7,1,125768,36431,True,2,38,8,0.92,14,7,Low
CMR2023644,Edwin Nunez,21,Male,AIML,3,A,CMRIT,Prof. Meena,9.68,7.75,7.7,6.94,8.81,5.65,9.23,6.3,7.75,21,22,20,75,7,4,41921,131314,True,3,35,6,0.73,7,4,Low
CMR2023628,Joseph Wilson,22,Male,ECE,1,A,CMRIT,Dr. Arvind,6.05,6.54,6.63,7.27,6.63,6.64,5.54,8.64,6.29,25,29,23,79,4,2,114965,129742,True,1,74,7,0.9,0,1,Medium
CMR2023266,Kimberly Gibson,20,Male,EEE,2,B,CMRIT,Prof. Kavya,5.14,9.88,6.18,7.25,6.24,7.91,8.24,5.43,7.11,27,22,25,75,0,0,109216,60631,False,0,74,9,0.72,1,2,Medium
CMR2023516,William Day,21,Female,CSE,3,C,CMRIT,Prof. Meena,6.68,9.02,9.27,8.92,7.04,6.71,9.71,8.6,7.94,28,23,27,97,1,0,78830,74906,True,3,30,9,0.94,13,9,Low
CMR2023266,Kimberly Gibson,20,Male,EEE,2,B,CMRIT,Prof. Kavya,5.14,9.88,6.18,7.25,6.24,7.91,8.24,5.43,7.11,27,22,25,75,0,0,109216,60631,False,0,74,9,0.72,1,2,Medium
CMR2023876,Michael Miles,19,Male,CSE,1,A,CMRIT,Prof. Meena,8.94,9.92,6.07,5.77,8.87,7.16,8.13,8.9,9.43,22,27,27,65,6,4,127536,127385,True,1,29,7,0.92,8,1,Medium
CMR2023044,Angelica Tucker,20,Female,ECE,3,B,CMRIT,Prof. Kavya,8.43,7.37,5.46,5.43,7.16,8.72,6.86,5.65,7.09,20,29,28,58,4,5,91414,37042,False,0,65,9,0.96,6,1,High
CMR2023500,Jennifer Banks,20,Male,ECE,2,C,CMRIT,Prof. Kavya,9.5,7.49,8.02,9.99,9.6,9.69,9.64,7.74,8.75,26,27,21,90,6,0,22160,93694,True,2,38,5,0.97,7,4,Low
CMR2024152,Jillian Wilson,22,Male,ECE,3,C,CMRIT,Prof. Meena,7.58,5.39,6.36,8.06,7.58,6.06,9.1,6.69,6.84,26,22,24,76,8,6,16831,98188,False,0,52,6,0.53,9,10,High
CMR2023002,Angie Henderson,21,Female,EEE,3,A,CMRIT,Dr. Arvind,6.78,8.35,8.51,8.42,5.36,8.17,7.67,6.22,7.6,27,26,24,98,5,3,62570,90008,True,1,24,6,0.58,1,4,Low
CMR2023624,Shelley Miller,21,Male,AIML,3,C,CMRIT,Prof. Kavya,7.47,8.75,8.95,7.66,8.41,5.0,8.22,8.41,7.71,23,25,20,76,0,0,75602,12837,False,0,69,7,0.81,5,8,Medium
CMR2023703,Michael Abbott,19,Male,CIVIL,1,C,CMRIT,Prof. Kavya,9.95,5.45,8.41,9.06,9.89,5.37,6.49,9.33,7.7,20,22,29,92,4,1,144168,62191,True,0,53,5,0.89,11,9,Medium
CMR2024059,Lisa Evans,23,Female,CSE,4,C,CMRIT,Prof. Kavya,5.22,9.43,8.36,6.94,6.49,6.64,7.0,8.07,7.27,27,24,21,90,0,7,26840,110192,True,2,49,8,0.78,6,5,High
CMR2023228,Michael Bradshaw,21,Male,CIVIL,3,C,CMRIT,Prof. Kavya,7.19,9.63,5.2,5.5,9.24,8.06,8.89,5.08,7.47,27,21,20,84,2,3,6893,52032,True,2,73,9,0.87,12,8,Medium
CMR2023634,Amber Cooper,22,Male,EEE,4,C,CMRIT,Dr. Ramesh,8.33,5.88,5.9,6.75,7.32,6.3,9.87,7.81,7.27,24,27,22,64,8,3,104328,45568,True,2,38,8,0.36,13,8,Medium
CMR2023599,Susan Thompson,23,Female,CIVIL,2,C,CMRIT,Prof. Meena,7.49,9.65,7.58,6.89,8.82,7.64,5.32,6.34,7.9,22,30,21,66,4,2,42093,109879,False,0,41,8,0.7,10,5,Medium
CMR2023101,Cameron Parker,20,Female,ECE,3,C,CMRIT,Dr. Ramesh,5.68,8.75,7.06,5.3,6.39,8.28,8.51,5.66,6.91,22,25,23,65,8,4,107944,133308,True,2,100,7,0.56,1,2,High
CMR2023404,Joann Glass,22,Female,AIML,3,C,CMRIT,Dr. Arvind,7.92,9.15,5.34,5.15,8.66,6.16,8.33,7.5,7.06,30,27,25,56,1,0,65695,67027,True,1,69,7,0.95,0,10,High
CMR2023726,Christian Dawson,18,Female,AIML,3,B,CMRIT,Prof. Kavya,7.35,5.19,8.7,9.88,7.83,8.08,9.81,7.21,7.84,21,30,29,77,7,0,98872,41006,False,0,48,6,0.44,11,6,Low
CMR2023436,Ralph Anderson,19,Male,EEE,1,A,CMRIT,Dr. Arvind,8.51,6.0,5.47,7.29,5.47,8.12,7.97,5.33,7.25,30,28,23,79,6,4,95428,8703,True,2,56,7,0.71,4,6,Medium
CMR2024005,Joshua Arellano,20,Male,ECE,3,A,CMRIT,Dr. Ramesh,5.79,6.4,9.04,8.77,5.04,8.0,7.2,6.76,7.17,21,21,30,58,1,4,139939,116620,True,2,73,6,0.31,12,10,High
CMR2023664,Renee Melendez,20,Female,MECH,1,B,CMRIT,Prof. Meena,5.04,5.12,8.28,7.86,9.03,6.49,9.86,6.25,5.08,20,24,26,56,2,0,103315,76820,False,0,75,7,0.59,5,7,High
CMR2023819,Megan Burns,19,Female,CIVIL,2,B,CMRIT,Prof. Kavya,7.7,5.44,9.47,5.59,6.94,6.74,5.24,9.87,7.05,29,26,20,69,2,8,37882,117839,False,0,77,7,0.75,13,3,High
CMR2023438,Rhonda Martin,21,Male,ECE,1,A,CMRIT,Prof. Kavya,7.56,7.2,8.32,6.64,7.5,5.59,7.8,6.89,7.38,26,27,25,50,4,2,86726,141835,False,0,87,4,0.92,13,4,High
CMR2023807,Robert Gonzales,19,Male,ECE,1,C,CMRIT,Dr. Arvind,9.46,5.78,9.24,8.51,8.47,8.1,9.33,7.89,7.62,24,28,24,78,1,0,136960,22290,True,0,21,6,0.94,11,7,Low
CMR2023419,Jake Campbell,22,Female,AIML,3,A,CMRIT,Dr. Arvind,6.15,6.57,9.86,8.47,7.23,9.79,7.05,5.4,8.01,28,28,21,99,8,3,99973,131918,True,3,73,5,0.7,13,3,Medium
CMR2023726,Christian Dawson,18,Female,AIML,3,B,CMRIT,Prof. Kavya,7.35,5.19,8.7,9.88,7.83,8.08,9.81,7.21,7.84,21,30,29,77,7,0,98872,41006,False,0,48,6,0.44,11,6,Low
CMR2023706,Adam Jackson,20,Male,ECE,2,B,CMRIT,Prof. Kavya,9.6,8.69,9.7,7.77,6.6,8.37,5.51,7.57,8.94,28,30,20,82,6,4,144932,134234,True,3,38,9,0.47,4,2,Low
CMR2023463,Taylor Carlson,20,Female,ECE,4,C,CMRIT,Dr. Arvind,7.84,7.97,8.81,5.74,6.44,6.11,6.85,6.81,7.07,24,24,22,49,4,6,84886,129593,False,0,57,5,0.82,11,3,High
CMR2023089,Aimee Montoya,20,Female,ECE,1,C,CMRIT,Dr. Arvind,8.92,7.25,6.14,7.77,6.88,5.93,7.93,6.9,8.09,29,24,23,87,6,5,24269,26505,False,0,39,7,0.8,10,3,Low
CMR2023070,Jordan Henderson,23,Male,CIVIL,1,C,CMRIT,Prof. Meena,5.85,8.15,8.1,9.21,5.74,8.4,5.16,9.74,7.0,21,23,20,89,7,0,120615,87232,False,0,39,7,0.78,6,9,Medium
CMR2023377,Paula Bradley,20,Male,MECH,3,B,CMRIT,Dr. Arvind,6.54,9.51,9.55,8.37,5.02,9.55,5.16,5.13,8.09,25,28,29,81,6,0,88223,92841,True,3,50,8,0.98,3,10,Low
CMR2023340,Allison Smith,22,Female,ECE,2,C,CMRIT,Prof. Meena,5.37,6.27,6.91,9.52,7.0,5.42,6.27,7.13,7.02,22,28,23,50,6,2,23496,75621,True,2,92,9,0.75,8,10,High
CMR2023725,Rebecca Marquez,21,Male,CIVIL,1,A,CMRIT,Prof. Kavya,7.1,7.81,6.98,6.55,8.33,7.18,7.0,7.86,7.46,29,27,24,94,5,0,28337,115045,True,3,64,7,0.78,0,5,Medium
CMR2023811,Daniel Brown,18,Female,EEE,3,C,CMRIT,Prof. Meena,7.66,8.21,6.15,8.32,5.31,5.49,6.59,9.89,6.86,28,20,22,64,0,2,120946,82727,True,2,84,6,0.79,10,3,High
CMR2023494,Meghan Cisneros,22,Male,EEE,2,C,CMRIT,Prof. Meena,8.14,9.44,9.9,8.73,8.53,9.91,9.02,6.32,9.05,25,25,23,90,8,2,88926,146654,False,0,29,9,0.39,13,4,Low
CMR2023500,Jennifer Banks,20,Male,ECE,2,C,CMRIT,Prof. Kavya,9.5,7.49,8.02,9.99,9.6,9.69,9.64,7.74,8.75,26,27,21,90,6,0,22160,93694,True,2,38,5,0.97,7,4,Low
CMR2023403,Kathleen Webster,19,Female,CIVIL,4,B,CMRIT,Dr. Ramesh,9.91,6.79,9.28,7.52,6.74,8.53,6.95,5.31,7.63,30,22,25,64,7,2,93943,125450,True,2,58,7,0.35,13,8,Medium
CMR2023387,James Padilla,19,Female,MECH,1,C,CMRIT,Dr. Ramesh,6.3,8.92,5.55,9.74,5.38,6.65,8.06,9.06,7.61,24,22,22,80,7,1,125768,36431,True,2,38,8,0.92,14,7,Low
CMR2023904,Ashley Moreno,23,Male,ECE,1,A,CMRIT,Prof. Kavya,8.63,9.86,7.77,9.46,7.44,8.09,5.08,7.37,9.25,27,29,21,79,2,3,90825,44248,False,0,55,7,0.38,4,1,Medium
CMR2023293,Margaret Coleman,22,Female,CIVIL,2,A,CMRIT,Dr. Ramesh,9.67,7.41,7.99,9.2,6.9,6.76,8.16,7.93,8.57,28,24,20,86,8,4,47314,145008,True,2,31,7,0.79,13,3,Low
CMR2023828,Derrick Clayton,23,Female,EEE,3,A,CMRIT,Dr. Arvind,8.18,8.93,6.8,7.64,5.96,8.69,5.86,8.87,7.7,26,27,22,63,4,3,111045,50062,True,2,70,7,0.39,9,3,Medium
CMR2023649,Alexis Harris,22,Female,EEE,1,A,CMRIT,Dr. Ramesh,7.81,6.67,10.0,9.02,8.89,8.03,5.78,9.05,7.24,27,24,26,84,7,0,108186,119506,True,0,65,8,0.34,3,3,Medium
CMR2023674,Zachary Mendoza,23,Male,ECE,4,A,CMRIT,Dr. Ramesh,9.05,9.31,9.93,7.7,9.82,8.55,5.88,5.66,8.24,23,28,30,81,8,7,64345,122841,True,1,50,8,0.85,2,2,High
CMR2023871,Sandra Becker,21,Male,ECE,4,A,CMRIT,Dr. Arvind,7.63,7.86,6.87,5.9,6.51,6.05,7.95,6.54,6.91,29,24,20,77,0,5,103402,74262,False,0,47,4,0.78,5,8,High
CMR2023204,Erin Warner,23,Female,AIML,1,A,CMRIT,Dr. Ramesh,7.32,8.98,8.69,6.04,8.08,7.07,5.23,6.75,8.15,30,23,20,89,0,1,57740,78826,False,0,28,6,0.51,8,6,Low
CMR2023538,Emma Owens,18,Female,CIVIL,3,C,CMRIT,Prof. Meena,7.62,9.1,6.1,6.76,7.04,8.76,5.53,8.2,7.56,27,22,23,88,6,4,5156,137254,True,3,38,4,0.79,4,4,High
CMR2023676,Kristen Rowe,23,Female,CSE,1,C,CMRIT,Dr. Ramesh,9.09,5.95,6.92,5.46,5.31,8.62,9.49,6.45,7.52,25,30,23,81,2,3,27295,138781,True,3,55,7,0.85,12,9,Medium
CMR2023078,Steve Sanchez,18,Female,AIML,4,B,CMRIT,Dr. Ramesh,7.79,8.36,6.54,5.11,6.27,5.02,6.09,5.37,6.32,26,25,21,89,6,5,146862,20795,True,3,24,6,0.59,12,3,Medium
CMR2023013,Michele Williams,19,Female,CSE,2,C,CMRIT,Dr. Arvind,8.91,7.06,8.35,8.68,6.24,5.8,8.51,6.91,8.25,20,27,23,65,5,4,57316,125665,False,0,59,5,0.46,10,4,Medium
CMR2023293,Margaret Coleman,22,Female,CIVIL,2,A,CMRIT,Dr. Ramesh,9.67,7.41,7.99,9.2,6.9,6.76,8.16,7.93,8.57,28,24,20,86,8,4,47314,145008,True,2,31,7,0.79,13,3,Low
CMR2024147,Sarah Booth,19,Male,AIML,3,A,CMRIT,Dr. Arvind,6.19,6.87,8.43,5.42,6.99,5.09,7.88,5.43,6.5,29,28,30,89,6,7,73600,10169,False,0,20,9,0.38,0,9,High
CMR2023524,Krista Martinez,20,Female,CIVIL,2,A,CMRIT,Dr. Arvind,8.91,7.86,9.56,8.54,8.05,9.07,6.25,7.82,8.72,20,25,28,44,7,6,30056,105700,True,2,30,8,0.64,9,5,High
CMR2024099,Steven Howard,19,Male,ECE,1,B,CMRIT,Prof. Meena,8.72,7.26,9.24,9.77,5.92,5.39,6.84,7.82,7.99,20,24,21,91,1,2,140419,48516,True,2,28,7,0.58,0,9,Low
CMR2023460,Kelsey Rodriguez,18,Female,MECH,2,A,CMRIT,Prof. Meena,6.85,9.37,5.88,9.69,9.61,6.61,6.46,9.47,7.95,23,29,27,91,5,2,125374,69237,False,0,50,5,0.98,8,2,Low
CMR2023686,Maria Henry,22,Female,CIVIL,3,A,CMRIT,Prof. Kavya,8.99,7.61,7.07,7.78,6.07,9.29,6.72,7.98,7.8,24,27,21,97,1,0,113375,28092,True,3,45,6,0.87,1,4,Low
CMR2023681,Justin Walker,21,Female,ECE,3,A,CMRIT,Prof. Meena,7.43,6.45,5.45,8.74,7.44,6.93,5.92,5.37,7.07,28,30,30,67,4,2,149552,42920,False,0,31,8,0.8,6,3,Medium
CMR2023828,Derrick Clayton,23,Female,EEE,3,A,CMRIT,Dr. Arvind,8.18,8.93,6.8,7.64,5.96,8.69,5.86,8.87,7.7,26,27,22,63,4,3,111045,50062,True,2,70,7,0.39,9,3,Medium
CMR2023585,Tina Ballard,19,Female,CSE,4,C,CMRIT,Dr. Ramesh,7.93,6.74,8.22,7.25,8.44,6.38,7.38,6.95,7.41,22,27,23,81,2,1,119852,39992,True,1,82,7,0.45,8,9,High
CMR2023042,Sherry Decker,22,Female,CSE,2,B,CMRIT,Dr. Ramesh,5.63,7.1,5.57,5.32,7.24,6.81,7.97,7.26,5.91,23,29,20,67,1,7,141695,84070,False,0,23,4,1.0,13,7,High
CMR2023248,Jose Travis,23,Male,CSE,1,B,CMRIT,Prof. Meena,5.21,5.54,8.97,7.57,5.3,5.59,6.27,5.33,5.38,30,20,21,100,5,5,37451,58844,True,1,64,4,0.36,13,5,High
CMR2023532,Donna Frye,20,Male,AIML,2,B,CMRIT,Prof. Kavya,7.5,8.6,8.6,7.29,6.95,8.77,9.6,7.4,8.0,29,24,30,99,0,4,70147,25361,True,0,23,8,0.34,0,5,Low
CMR2023991,Brian Harris,18,Female,CIVIL,1,A,CMRIT,Prof. Meena,9.57,7.28,7.17,6.34,6.83,8.97,8.97,8.36,8.43,29,25,21,96,1,4,52265,61804,False,0,20,8,0.56,12,2,Low
CMR2023089,Aimee Montoya,20,Female,ECE,1,C,CMRIT,Dr. Arvind,8.92,7.25,6.14,7.77,6.88,5.93,7.93,6.9,8.09,29,24,23,87,6,5,24269,26505,False,0,39,7,0.8,10,3,Low
CMR2023532,Donna Frye,20,Male,AIML,2,B,CMRIT,Prof. Kavya,7.5,8.6,8.6,7.29,6.95,8.77,9.6,7.4,8.0,29,24,30,99,0,4,70147,25361,True,0,23,8,0.34,0,5,Low
CMR2024012,Peter Thompson,21,Female,EEE,4,C,CMRIT,Dr. Arvind,5.0,6.69,7.71,7.53,9.72,8.43,6.92,8.31,7.54,24,29,30,76,8,5,52369,58584,False,0,46,6,0.73,10,7,Low
CMR2023305,Kevin Oconnor,22,Female,CIVIL,1,A,CMRIT,Prof. Kavya,9.41,5.65,5.95,7.66,8.47,6.59,7.15,8.18,7.53,20,29,29,95,2,8,54571,145369,False,0,39,6,0.47,10,5,High
CMR2023419,Jake Campbell,22,Female,AIML,3,A,CMRIT,Dr. Arvind,6.15,6.57,9.86,8.47,7.23,9.79,7.05,5.4,8.01,28,28,21,99,8,3,99973,131918,True,3,73,5,0.7,13,3,Medium
CMR2024117,Erin Smith,18,Male,EEE,2,B,CMRIT,Dr. Arvind,8.03,8.12,6.6,9.3,9.68,6.57,9.53,7.07,8.01,24,24,24,44,4,3,141376,77986,True,3,89,7,0.66,13,2,High
CMR2023049,Eric Carney,18,Female,ECE,3,A,CMRIT,Dr. Arvind,8.9,5.38,8.17,7.65,5.97,8.88,6.76,9.79,7.49,30,22,23,51,7,7,31949,43389,False,0,45,5,0.72,12,2,High
CMR2023564,Molly Watts,21,Female,MECH,3,C,CMRIT,Dr. Arvind,7.63,8.34,9.18,7.95,8.41,9.03,8.89,6.23,8.42,20,26,27,59,4,1,76352,91023,False,0,83,9,0.99,0,10,High
CMR2023909,Casey Wilkins,20,Male,EEE,4,C,CMRIT,Prof. Meena,5.85,5.52,9.0,7.43,7.74,7.74,5.49,8.08,7.11,26,30,28,66,8,0,88907,115951,False,0,36,6,0.83,13,1,Medium
CMR2023280,Amanda Jones,22,Male,CIVIL,1,B,CMRIT,Prof. Meena,9.81,8.78,9.87,8.91,8.05,9.29,5.51,7.81,9.29,28,21,22,71,1,2,35948,58840,False,0,40,9,0.5,7,9,Medium
CMR2024073,David Stokes,21,Male,MECH,4,A,CMRIT,Dr. Ramesh,6.26,5.79,6.55,6.81,7.04,7.88,5.57,9.58,6.93,29,26,24,75,8,0,83752,35108,False,0,21,5,0.44,2,9,Medium
CMR2023361,Laurie Hoffman,22,Female,CIVIL,3,A,CMRIT,Dr. Ramesh,6.62,5.64,8.84,6.76,7.47,7.41,9.86,8.01,7.12,30,25,22,74,3,6,69463,105449,False,0,90,7,0.68,7,9,High
CMR2023807,Robert Gonzales,19,Male,ECE,1,C,CMRIT,Dr. Arvind,9.46,5.78,9.24,8.51,8.47,8.1,9.33,7.89,7.62,24,28,24,78,1,0,136960,22290,True,0,21,6,0.94,11,7,Low
CMR2024150,Jennifer Young,23,Female,CIVIL,3,C,CMRIT,Prof. Kavya,9.34,7.11,7.98,8.74,7.26,6.55,9.16,5.83,7.83,22,26,30,68,4,0,72610,48453,True,2,30,7,0.5,5,4,Medium
CMR2023111,Shannon Walker,21,Male,EEE,3,B,CMRIT,Dr. Arvind,5.43,7.28,6.84,6.46,8.92,8.7,6.21,6.84,7.27,27,23,28,100,5,0,69258,44470,True,3,23,5,0.68,10,1,Medium
CMR2023947,Ariel Sandoval,20,Female,CIVIL,3,A,CMRIT,Dr. Ramesh,6.53,8.13,6.57,9.79,7.89,9.85,7.09,6.92,8.13,25,21,22,87,5,0,19217,115546,True,3,73,9,0.64,9,4,Medium
CMR2023689,Maria Brown,18,Female,EEE,2,A,CMRIT,Prof. Kavya,8.65,5.05,5.17,9.68,9.51,6.62,5.21,8.14,7.14,24,20,30,78,0,2,31664,66229,True,0,32,7,0.85,6,2,Medium
CMR2023228,Michael Bradshaw,21,Male,CIVIL,3,C,CMRIT,Prof. Kavya,7.19,9.63,5.2,5.5,9.24,8.06,8.89,5.08,7.47,27,21,20,84,2,3,6893,52032,True,2,73,9,0.87,12,8,Medium
CMR2023938,Amy Ramirez,22,Female,AIML,1,B,CMRIT,Dr. Ramesh,9.56,5.7,7.18,5.92,9.41,8.09,5.45,5.79,7.63,27,24,22,97,1,5,41394,39346,True,2,31,7,0.62,14,3,Low
CMR2023204,Erin Warner,23,Female,AIML,1,A,CMRIT,Dr. Ramesh,7.32,8.98,8.69,6.04,8.08,7.07,5.23,6.75,8.15,30,23,20,89,0,1,57740,78826,False,0,28,6,0.51,8,6,Low
CMR2023221,Jeremy Dalton,21,Male,MECH,1,C,CMRIT,Prof. Meena,6.76,8.63,6.26,5.17,8.1,5.28,7.97,9.47,7.7,23,29,30,91,2,1,36926,36451,True,1,68,9,0.83,10,10,Medium
CMR2023322,Johnathan Davis,19,Female,AIML,2,B,CMRIT,Dr. Arvind,7.88,9.84,6.01,9.31,7.41,9.76,6.8,6.89,8.26,27,27,26,78,8,2,137459,118621,True,3,22,7,0.6,1,5,Low
CMR2023770,Jesse Clark,22,Male,CSE,2,A,CMRIT,Prof. Meena,7.34,5.23,6.58,7.8,7.13,7.11,6.04,9.12,6.74,25,21,30,41,1,1,87072,137275,True,3,21,9,0.52,2,7,High
CMR2023460,Kelsey Rodriguez,18,Female,MECH,2,A,CMRIT,Prof. Meena,6.85,9.37,5.88,9.69,9.61,6.61,6.46,9.47,7.95,23,29,27,91,5,2,125374,69237,False,0,50,5,0.98,8,2,Low
CMR2024194,Sharon Newton,18,Male,CIVIL,4,A,CMRIT,Dr. Ramesh,7.24,9.05,7.44,8.88,7.64,7.56,8.67,9.6,8.26,26,29,23,55,4,8,48049,14590,False,0,24,8,0.97,14,9,High
CMR2023295,John Young,18,Male,MECH,1,C,CMRIT,Prof. Meena,8.36,6.76,9.06,9.14,6.79,5.89,8.84,8.49,7.56,20,21,27,83,5,3,102119,55591,False,0,21,5,0.82,12,5,Low
CMR2023277,Marie Christian,20,Male,EEE,4,B,CMRIT,Prof. Meena,6.16,5.3,5.1,7.88,7.77,6.34,8.24,9.45,7.03,21,27,29,62,7,3,95902,122525,False,0,22,5,0.5,3,8,Medium
CMR2023056,Timothy Duncan,18,Female,AIML,2,A,CMRIT,Dr. Arvind,9.59,7.36,9.16,8.79,7.35,8.08,9.53,5.1,8.72,23,22,28,80,7,1,143352,115953,True,2,50,6,0.39,3,7,Low
CMR2023455,Marie Moody,22,Male,MECH,4,A,CMRIT,Dr. Arvind,6.36,7.04,5.09,7.07,5.65,6.34,8.0,9.88,6.93,25,21,23,92,7,6,63936,9737,False,0,48,4,0.73,11,10,High
CMR2023448,Ryan Rosales,20,Male,AIML,2,A,CMRIT,Prof. Meena,5.45,6.22,8.42,9.23,6.87,7.39,6.72,7.35,7.33,30,26,23,65,5,4,128812,103642,False,0,51,4,0.57,5,3,High
CMR2023817,Beth Cline,19,Female,ECE,4,A,CMRIT,Dr. Ramesh,7.11,5.13,5.36,7.32,9.44,5.1,6.08,9.99,6.94,26,23,27,93,7,2,15312,94766,True,0,57,8,0.44,2,7,Medium
CMR2023144,Amber Wright,23,Male,CSE,2,B,CMRIT,Prof. Kavya,9.11,8.71,7.05,6.27,5.98,5.6,9.26,6.08,7.79,23,25,21,71,0,8,113650,17189,True,3,78,9,0.71,8,3,High
CMR2024027,Steve Rivera,20,Male,CIVIL,2,B,CMRIT,Prof. Kavya,5.51,8.04,6.85,7.32,9.21,9.89,9.23,9.2,6.93,21,22,21,86,6,1,140006,87416,True,3,44,6,0.36,1,5,Medium
CMR2023432,Travis Tucker,20,Female,ECE,2,B,CMRIT,Dr. Ramesh,9.97,8.64,9.76,8.81,8.57,7.26,7.89,5.12,9.29,23,27,25,75,2,3,129991,33560,False,0,62,5,0.87,1,2,Medium
CMR2023938,Amy Ramirez,22,Female,AIML,1,B,CMRIT,Dr. Ramesh,9.56,5.7,7.18,5.92,9.41,8.09,5.45,5.79,7.63,27,24,22,97,1,5,41394,39346,True,2,31,7,0.62,14,3,Low
CMR2023867,Michael Miller,23,Female,ECE,1,C,CMRIT,Dr. Ramesh,5.05,6.08,5.22,5.59,5.82,9.03,6.19,5.14,5.56,25,22,20,63,3,1,73758,93858,True,1,78,6,0.7,11,10,High
CMR2024002,Dennis Marshall,20,Male,AIML,3,B,CMRIT,Prof. Kavya,5.47,6.95,8.88,8.02,5.04,8.86,7.35,7.0,7.2,30,25,29,98,0,8,17095,117367,False,0,66,8,0.68,2,5,High
CMR2023439,Jason Rhodes,21,Female,EEE,3,C,CMRIT,Dr. Ramesh,7.79,7.18,6.74,5.13,6.83,7.33,8.35,8.64,6.83,23,29,28,63,8,3,55065,105258,False,0,42,9,1.0,3,8,Medium
CMR2023649,Alexis Harris,22,Female,EEE,1,A,CMRIT,Dr. Ramesh,7.81,6.67,10.0,9.02,8.89,8.03,5.78,9.05,7.24,27,24,26,84,7,0,108186,119506,True,0,65,8,0.34,3,3,Medium
CMR2023474,Robin Thompson,18,Female,CSE,3,C,CMRIT,Prof. Meena,6.41,6.67,5.34,5.38,5.46,7.79,5.56,5.79,6.17,28,21,29,81,5,1,127800,55040,True,3,55,7,0.62,14,3,Medium
CMR2023684,James Whitaker,19,Female,CIVIL,4,A,CMRIT,Dr. Ramesh,5.68,7.1,6.95,9.67,9.62,8.97,6.87,7.41,7.78,20,25,28,92,1,5,20466,28977,True,2,20,8,0.42,7,2,Low
CMR2023034,Debra Davidson,18,Male,EEE,2,A,CMRIT,Prof. Meena,8.91,6.33,8.12,6.99,5.4,6.64,8.37,7.67,7.59,25,30,27,67,1,1,146824,14410,True,1,100,9,0.94,3,2,High
CMR2023878,Michelle Jackson,20,Male,EEE,4,B,CMRIT,Prof. Kavya,6.86,9.63,9.21,7.15,5.8,9.21,6.23,7.02,7.64,28,30,25,78,7,3,110785,73779,False,0,29,6,0.7,4,6,Low
CMR2023938,Amy Ramirez,22,Female,AIML,1,B,CMRIT,Dr. Ramesh,9.56,5.7,7.18,5.92,9.41,8.09,5.45,5.79,7.63,27,24,22,97,1,5,41394,39346,True,2,31,7,0.62,14,3,Low
CMR2023851,Paul Lawrence,19,Male,EEE,1,B,CMRIT,Prof. Meena,9.03,8.02,8.12,7.64,6.42,5.37,6.86,6.55,8.52,27,30,22,66,2,0,40360,18237,False,0,43,8,0.67,2,3,Medium
CMR2023355,Jesse Perez,19,Female,CSE,2,A,CMRIT,Dr. Ramesh,5.01,6.74,8.03,6.85,5.42,8.53,7.75,8.61,6.66,26,29,24,41,8,1,90101,20011,True,2,48,9,0.98,2,5,High
CMR2023802,Reginald Morrow,22,Male,CSE,1,B,CMRIT,Dr. Ramesh,9.69,6.05,9.59,7.37,5.58,5.53,8.45,8.74,7.87,29,27,30,86,8,4,113774,16950,True,3,39,6,0.78,9,1,Low
CMR2023220,Courtney Mills,21,Female,MECH,1,A,CMRIT,Dr. Arvind,9.78,7.16,9.59,9.29,6.67,6.34,5.49,8.27,8.47,26,27,30,93,1,0,68385,56098,False,0,43,6,0.68,10,1,Low
CMR2023710,Anthony Jones,21,Male,CSE,2,A,CMRIT,Prof. Meena,9.35,6.38,6.2,8.88,7.94,5.59,5.91,5.61,7.7,24,20,30,96,4,3,74408,147727,True,1,40,7,0.87,4,6,Low
CMR2023684,James Whitaker,19,Female,CIVIL,4,A,CMRIT,Dr. Ramesh,5.68,7.1,6.95,9.67,9.62,8.97,6.87,7.41,7.78,20,25,28,92,1,5,20466,28977,True,2,20,8,0.42,7,2,Low
CMR2023574,Daniel Nguyen,21,Female,AIML,2,A,CMRIT,Prof. Meena,5.4,8.23,9.73,5.1,5.65,8.75,6.29,8.29,7.12,30,24,26,74,8,1,47431,116791,True,1,66,4,0.84,4,5,High
CMR2023888,Chris Velazquez,18,Male,CIVIL,3,B,CMRIT,Prof. Kavya,8.25,9.04,5.22,6.17,5.45,9.56,8.0,8.81,7.28,25,28,24,82,7,7,9603,127852,True,2,39,4,0.46,9,8,High
CMR2023500,Jennifer Banks,20,Male,ECE,2,C,CMRIT,Prof. Kavya,9.5,7.49,8.02,9.99,9.6,9.69,9.64,7.74,8.75,26,27,21,90,6,0,22160,93694,True,2,38,5,0.97,7,4,Low
CMR2023155,Michelle Brown,19,Male,CSE,3,C,CMRIT,Dr. Ramesh,9.5,6.59,7.25,8.08,6.53,7.92,7.83,6.82,7.64,25,26,22,96,7,7,6266,87107,True,1,75,6,0.89,2,6,High
CMR2023577,Raymond Le,23,Female,MECH,4,B,CMRIT,Dr. Arvind,8.21,6.0,5.21,7.26,5.02,6.78,9.94,9.67,7.26,30,25,26,75,1,2,6949,87619,False,0,30,5,0.89,9,9,Medium
CMR2023747,Dana Bennett,22,Female,CIVIL,2,A,CMRIT,Dr. Arvind,8.29,5.56,5.7,9.65,9.04,5.9,5.97,5.09,7.3,21,20,24,89,1,1,47754,71305,True,0,56,9,0.64,8,10,Medium
CMR2023991,Brian Harris,18,Female,CIVIL,1,A,CMRIT,Prof. Meena,9.57,7.28,7.17,6.34,6.83,8.97,8.97,8.36,8.43,29,25,21,96,1,4,52265,61804,False,0,20,8,0.56,12,2,Low
CMR2023403,Kathleen Webster,19,Female,CIVIL,4,B,CMRIT,Dr. Ramesh,9.91,6.79,9.28,7.52,6.74,8.53,6.95,5.31,7.63,30,22,25,64,7,2,93943,125450,True,2,58,7,0.35,13,8,Medium
CMR2023851,Paul Lawrence,19,Male,EEE,1,B,CMRIT,Prof. Meena,9.03,8.02,8.12,7.64,6.42,5.37,6.86,6.55,8.52,27,30,22,66,2,0,40360,18237,False,0,43,8,0.67,2,3,Medium
CMR2023802,Reginald Morrow,22,Male,CSE,1,B,CMRIT,Dr. Ramesh,9.69,6.05,9.59,7.37,5.58,5.53,8.45,8.74,7.87,29,27,30,86,8,4,113774,16950,True,3,39,6,0.78,9,1,Low
CMR2023496,Austin Osborne,23,Female,CSE,3,C,CMRIT,Dr. Arvind,9.74,8.64,8.57,7.45,8.52,9.71,9.93,6.08,8.77,27,24,28,95,0,0,84865,91647,True,3,38,8,0.99,9,6,Low
CMR2023978,Derek Wright,23,Female,CIVIL,1,A,CMRIT,Dr. Ramesh,5.32,5.69,7.8,6.76,6.77,8.38,8.45,8.18,5.51,24,25,20,98,7,4,53494,29697,False,0,46,6,0.46,1,3,High
CMR2023516,William Day,21,Female,CSE,3,C,CMRIT,Prof. Meena,6.68,9.02,9.27,8.92,7.04,6.71,9.71,8.6,7.94,28,23,27,97,1,0,78830,74906,True,3,30,9,0.94,13,9,Low
CMR2024102,Nicholas Lawrence,22,Male,CSE,2,C,CMRIT,Dr. Arvind,9.23,6.89,8.29,8.0,9.44,8.63,7.05,7.76,8.1,23,24,21,73,1,1,16866,62788,False,0,30,6,0.37,12,2,Medium
CMR2023746,Michael Henry,22,Male,EEE,3,B,CMRIT,Prof. Kavya,9.19,8.37,5.21,6.94,7.85,7.51,9.66,7.21,7.51,28,27,23,87,4,1,87228,141519,False,0,69,9,0.58,13,7,Medium
CMR2023726,Christian Dawson,18,Female,AIML,3,B,CMRIT,Prof. Kavya,7.35,5.19,8.7,9.88,7.83,8.08,9.81,7.21,7.84,21,30,29,77,7,0,98872,41006,False,0,48,6,0.44,11,6,Low
CMR2023295,John Young,18,Male,MECH,1,C,CMRIT,Prof. Meena,8.36,6.76,9.06,9.14,6.79,5.89,8.84,8.49,7.56,20,21,27,83,5,3,102119,55591,False,0,21,5,0.82,12,5,Low
CMR2023893,Cassie Brock,22,Male,EEE,2,B,CMRIT,Dr. Ramesh,6.76,5.32,7.47,5.29,7.91,6.85,9.94,8.81,6.21,30,26,22,41,2,0,111164,149160,True,2,90,8,0.61,3,9,High
CMR2023697,Alicia Li,21,Female,MECH,2,A,CMRIT,Prof. Kavya,7.97,7.97,7.12,5.84,5.23,9.77,6.2,8.36,7.22,22,20,22,96,0,2,124950,102004,False,0,86,5,0.35,7,8,High
CMR2023501,Brian Fitzgerald,20,Male,EEE,1,C,CMRIT,Dr. Ramesh,8.32,6.6,7.64,7.88,7.66,6.97,7.73,6.0,7.46,25,22,27,71,1,5,56915,81797,False,0,71,7,0.56,7,1,Medium
CMR2024060,Arthur Mcneil,23,Male,AIML,3,A,CMRIT,Dr. Arvind,9.07,9.99,8.53,7.98,8.41,5.62,5.35,9.32,8.27,28,29,21,61,3,1,54238,109098,True,3,79,4,0.62,2,2,High
CMR2023002,Angie Henderson,21,Female,EEE,3,A,CMRIT,Dr. Arvind,6.78,8.35,8.51,8.42,5.36,8.17,7.67,6.22,7.6,27,26,24,98,5,3,62570,90008,True,1,24,6,0.58,1,4,Low
CMR2023679,William Harrison,22,Male,EEE,4,A,CMRIT,Prof. Meena,8.03,8.92,7.64,7.7,7.79,7.6,8.18,5.59,7.68,28,30,30,63,7,1,132217,24044,False,0,23,6,0.86,6,3,Medium
CMR2024013,Dr. Rhonda Martinez,18,Female,ECE,1,C,CMRIT,Dr. Arvind,8.91,7.04,8.54,8.95,6.15,6.72,5.23,9.12,7.97,24,22,28,47,4,0,118936,23900,False,0,88,8,0.42,5,8,High
CMR2023991,Brian Harris,18,Female,CIVIL,1,A,CMRIT,Prof. Meena,9.57,7.28,7.17,6.34,6.83,8.97,8.97,8.36,8.43,29,25,21,96,1,4,52265,61804,False,0,20,8,0.56,12,2,Low
CMR2023628,Joseph Wilson,22,Male,ECE,1,A,CMRIT,Dr. Arvind,6.05,6.54,6.63,7.27,6.63,6.64,5.54,8.64,6.29,25,29,23,79,4,2,114965,129742,True,1,74,7,0.9,0,1,Medium
CMR2023639,Janet Kane DVM,22,Female,ECE,2,C,CMRIT,Dr. Arvind,8.34,6.79,6.18,7.67,9.62,8.99,9.61,8.95,7.25,20,23,20,47,7,1,77910,84194,True,3,30,8,0.9,9,6,High
CMR2023633,Robert Reese,20,Male,CSE,2,A,CMRIT,Dr. Ramesh,8.69,5.95,5.31,6.0,5.72,9.21,5.04,6.52,6.49,21,20,26,69,5,0,7127,28553,True,3,53,7,0.41,11,9,Medium
CMR2024088,Katherine Gallagher,19,Male,CIVIL,3,B,CMRIT,Prof. Meena,6.53,5.39,8.1,6.86,6.86,5.44,6.6,7.55,6.53,20,27,28,79,4,1,24757,28889,True,2,22,6,0.8,3,5,Medium
CMR2023644,Edwin Nunez,21,Male,AIML,3,A,CMRIT,Prof. Meena,9.68,7.75,7.7,6.94,8.81,5.65,9.23,6.3,7.75,21,22,20,75,7,4,41921,131314,True,3,35,6,0.73,7,4,Low
CMR2023993,Deborah Campbell,21,Female,MECH,2,A,CMRIT,Dr. Arvind,6.82,6.04,5.49,7.72,9.26,7.39,6.43,9.96,6.52,22,22,23,67,3,3,80678,104819,True,2,58,7,0.92,2,8,Medium
CMR2023663,Samuel Turner,23,Male,CSE,4,B,CMRIT,Prof. Kavya,8.48,6.91,8.47,6.76,5.35,5.39,8.41,5.31,6.88,29,28,28,46,8,4,108516,59300,False,0,60,5,0.59,11,3,High
CMR2023691,Pamela Gutierrez,19,Female,CIVIL,1,A,CMRIT,Dr. Arvind,5.55,6.07,8.6,5.92,9.39,9.83,8.27,8.43,5.81,24,27,30,88,7,3,94072,13386,False,0,56,4,0.97,7,2,High
CMR2023770,Jesse Clark,22,Male,CSE,2,A,CMRIT,Prof. Meena,7.34,5.23,6.58,7.8,7.13,7.11,6.04,9.12,6.74,25,21,30,41,1,1,87072,137275,True,3,21,9,0.52,2,7,High
CMR2023354,Patricia Le,21,Female,EEE,3,A,CMRIT,Prof. Kavya,5.02,7.86,7.96,5.04,9.64,7.56,7.52,8.6,7.18,24,24,23,80,2,4,82689,75389,True,1,48,4,0.67,4,1,High
CMR2024055,Gregory King,20,Male,ECE,2,B,CMRIT,Dr. Ramesh,9.62,7.93,8.95,7.73,9.03,5.73,6.67,8.09,8.56,24,26,25,83,5,4,123359,74233,False,0,68,6,0.79,2,6,Medium
CMR2023807,Robert Gonzales,19,Male,ECE,1,C,CMRIT,Dr. Arvind,9.46,5.78,9.24,8.51,8.47,8.1,9.33,7.89,7.62,24,28,24,78,1,0,136960,22290,True,0,21,6,0.94,11,7,Low
CMR2023152,Denise Jones,18,Female,CIVIL,3,A,CMRIT,Dr. Ramesh,5.37,5.89,6.26,5.35,9.11,9.55,7.04,7.26,6.92,26,26,25,84,1,5,9427,107105,True,0,99,4,0.83,9,1,High
CMR2024151,Robert West,23,Female,CSE,2,A,CMRIT,Prof. Meena,9.69,9.92,8.84,9.34,8.95,8.98,6.98,7.87,9.45,30,29,27,91,7,4,104436,144873,True,3,20,8,0.52,7,2,Low
CMR2023938,Amy Ramirez,22,Female,AIML,1,B,CMRIT,Dr. Ramesh,9.56,5.7,7.18,5.92,9.41,8.09,5.45,5.79,7.63,27,24,22,97,1,5,41394,39346,True,2,31,7,0.62,14,3,Low
CMR2023818,Michael Poole,20,Female,EEE,2,A,CMRIT,Prof. Meena,5.8,6.39,7.22,9.89,9.58,5.03,6.11,7.81,7.33,26,25,24,46,3,3,20955,45966,False,0,98,9,0.73,8,6,High
CMR2024033,Debra Butler,18,Female,ECE,3,B,CMRIT,Dr. Arvind,7.26,9.02,8.46,8.03,6.71,8.59,5.12,9.35,8.01,30,28,29,97,6,5,137398,91633,False,0,70,9,0.48,0,2,Medium
CMR2023018,Lisa Jackson,21,Female,AIML,4,B,CMRIT,Dr. Arvind,8.76,9.2,6.39,8.89,7.42,6.2,7.2,8.57,7.83,23,24,25,44,6,6,88809,146597,True,1,39,5,0.57,2,4,High
CMR2024177,Tracy Chavez,21,Female,CIVIL,2,B,CMRIT,Prof. Meena,5.76,5.38,6.89,8.73,5.59,5.13,5.98,7.49,6.69,30,28,21,79,6,3,29332,19383,False,0,76,4,0.97,12,10,High
CMR2023591,Kiara Little,23,Female,AIML,2,A,CMRIT,Dr. Ramesh,8.63,8.62,6.83,8.78,8.81,9.17,7.16,8.44,8.21,22,27,26,46,1,2,6998,49924,False,0,24,8,0.42,13,7,High
CMR2023500,Jennifer Banks,20,Male,ECE,2,C,CMRIT,Prof. Kavya,9.5,7.49,8.02,9.99,9.6,9.69,9.64,7.74,8.75,26,27,21,90,6,0,22160,93694,True,2,38,5,0.97,7,4,Low
CMR2023688,Katherine Stark,19,Female,ECE,2,C,CMRIT,Dr. Arvind,9.84,6.59,6.14,9.61,8.99,8.15,9.25,7.03,8.04,22,28,20,68,5,5,91729,92554,True,3,76,6,0.79,6,6,High
CMR2023419,Jake Campbell,22,Female,AIML,3,A,CMRIT,Dr. Arvind,6.15,6.57,9.86,8.47,7.23,9.79,7.05,5.4,8.01,28,28,21,99,8,3,99973,131918,True,3,73,5,0.7,13,3,Medium
CMR2023767,Haley Johnson,22,Male,CIVIL,3,A,CMRIT,Dr. Ramesh,8.52,7.7,7.05,7.61,9.52,5.85,6.47,6.38,7.71,28,28,24,61,5,8,125015,102179,False,0,41,8,0.94,5,8,High
CMR2023824,Aaron Schroeder,19,Male,CSE,4,A,CMRIT,Dr. Arvind,8.2,7.83,9.51,6.71,9.93,5.49,5.66,6.98,7.54,21,23,21,60,2,8,131253,102616,True,3,36,7,0.9,4,8,High
CMR2023052,Crystal Robinson,18,Female,CSE,4,B,CMRIT,Dr. Arvind,8.62,8.28,9.53,9.37,6.67,7.91,5.71,6.75,7.85,30,30,26,82,8,1,38803,27208,False,0,91,7,0.75,5,3,High
CMR2023802,Reginald Morrow,22,Male,CSE,1,B,CMRIT,Dr. Ramesh,9.69,6.05,9.59,7.37,5.58,5.53,8.45,8.74,7.87,29,27,30,86,8,4,113774,16950,True,3,39,6,0.78,9,1,Low
CMR2023552,Diana Hays,22,Female,AIML,2,A,CMRIT,Dr. Arvind,8.81,5.86,9.83,6.92,7.71,5.09,5.8,7.86,7.86,29,24,27,98,3,4,37653,30082,True,3,48,5,0.62,2,3,Low
CMR2023332,Jordan Bates,19,Male,ECE,1,B,CMRIT,Dr. Ramesh,5.56,6.7,7.96,5.94,9.71,7.86,5.64,6.57,6.13,26,29,20,73,3,1,86474,21222,True,3,74,6,0.84,12,3,Medium
CMR2023552,Diana Hays,22,Female,AIML,2,A,CMRIT,Dr. Arvind,8.81,5.86,9.83,6.92,7.71,5.09,5.8,7.86,7.86,29,24,27,98,3,4,37653,30082,True,3,48,5,0.62,2,3,Low
CMR2024151,Robert West,23,Female,CSE,2,A,CMRIT,Prof. Meena,9.69,9.92,8.84,9.34,8.95,8.98,6.98,7.87,9.45,30,29,27,91,7,4,104436,144873,True,3,20,8,0.52,7,2,Low
CMR2023210,Christopher Smith,20,Female,AIML,1,B,CMRIT,Prof. Kavya,5.46,9.01,8.49,5.49,6.55,8.22,8.83,7.35,7.23,23,22,29,69,7,0,72646,100276,False,0,43,9,0.94,5,6,Medium
CMR2023754,Dana Hopkins,22,Male,EEE,3,C,CMRIT,Prof. Meena,5.71,8.09,7.12,9.94,6.52,8.82,7.87,6.98,7.7,20,28,20,58,6,4,124874,85476,False,0,52,8,0.55,9,10,High
CMR2024133,Caitlin Perry,21,Female,ECE,3,A,CMRIT,Dr. Ramesh,7.26,7.91,9.14,8.72,5.68,8.2,9.63,6.42,7.82,23,24,27,81,8,3,97971,33606,False,0,23,9,0.48,5,10,Low
CMR2023681,Justin Walker,21,Female,ECE,3,A,CMRIT,Prof. Meena,7.43,6.45,5.45,8.74,7.44,6.93,5.92,5.37,7.07,28,30,30,67,4,2,149552,42920,False,0,31,8,0.8,6,3,Medium
CMR2023717,Brenda Hinton,19,Male,EEE,1,A,CMRIT,Dr. Ramesh,7.46,5.78,5.5,8.22,9.76,9.9,6.11,9.81,6.62,30,28,30,74,4,6,52942,28498,False,0,100,7,0.95,12,5,High
CMR2023996,Edward Stanley,20,Male,EEE,2,C,CMRIT,Dr. Ramesh,5.41,7.26,5.64,5.78,7.4,7.59,5.1,7.68,6.02,27,29,26,81,4,7,19005,130949,False,0,77,8,0.73,12,9,High
CMR2023506,Brandon Fleming,21,Male,AIML,1,B,CMRIT,Prof. Meena,5.55,6.14,9.17,5.92,8.81,9.03,6.21,8.08,5.84,27,22,27,95,4,2,15761,137020,True,1,60,4,0.7,2,6,High
CMR2024180,Michelle Walls,19,Female,MECH,2,C,CMRIT,Dr. Arvind,7.75,6.69,6.37,6.58,9.35,6.06,8.85,9.47,6.85,26,20,23,75,7,3,86478,141152,True,1,74,7,0.68,14,4,Medium
CMR2023478,Curtis Williams,18,Female,EEE,4,A,CMRIT,Dr. Arvind,6.8,6.55,5.33,9.73,8.26,6.15,8.51,8.25,7.45,26,27,20,49,2,7,77015,89743,True,1,51,5,0.7,2,9,High
CMR2024151,Robert West,23,Female,CSE,2,A,CMRIT,Prof. Meena,9.69,9.92,8.84,9.34,8.95,8.98,6.98,7.87,9.45,30,29,27,91,7,4,104436,144873,True,3,20,8,0.52,7,2,Low
CMR2023894,Dr. Andrea Marshall,23,Female,EEE,1,A,CMRIT,Prof. Kavya,7.97,8.41,5.9,9.68,8.93,8.01,8.16,6.67,8.19,21,28,28,81,7,0,31153,45550,False,0,32,8,0.84,13,1,Low
CMR2023706,Adam Jackson,20,Male,ECE,2,B,CMRIT,Prof. Kavya,9.6,8.69,9.7,7.77,6.6,8.37,5.51,7.57,8.94,28,30,20,82,6,4,144932,134234,True,3,38,9,0.47,4,2,Low
CMR2023868,Lisa Ramirez,22,Male,EEE,1,A,CMRIT,Prof. Meena,5.21,9.32,7.32,9.59,9.74,9.67,8.31,6.29,7.27,24,30,29,84,4,5,40930,16493,False,0,56,9,0.69,9,5,Medium
CMR2023115,Diana May,20,Male,MECH,3,A,CMRIT,Dr. Ramesh,9.99,5.99,8.23,9.05,5.46,9.24,9.04,5.61,7.99,27,20,22,53,2,4,118549,108546,False,0,23,7,0.78,2,6,High
CMR2023414,Erica Alvarez,21,Female,MECH,4,B,CMRIT,Dr. Arvind,5.81,6.91,8.73,9.62,5.66,5.08,9.0,9.75,7.57,21,23,28,90,0,1,82548,93482,False,0,24,8,0.49,4,5,Low
CMR2023563,Veronica Silva,20,Male,AIML,2,B,CMRIT,Prof. Kavya,7.09,9.13,5.76,7.74,6.28,9.58,5.0,5.33,7.43,20,24,27,91,5,5,22324,62434,False,0,41,9,0.65,1,8,Medium
CMR2023818,Michael Poole,20,Female,EEE,2,A,CMRIT,Prof. Meena,5.8,6.39,7.22,9.89,9.58,5.03,6.11,7.81,7.33,26,25,24,46,3,3,20955,45966,False,0,98,9,0.73,8,6,High
CMR2024129,James Rivers,23,Female,CIVIL,3,C,CMRIT,Dr. Arvind,7.98,5.91,6.63,8.97,7.82,7.21,7.22,8.0,7.42,21,21,30,95,4,5,54379,122758,True,0,59,6,0.63,2,8,Medium
CMR2023706,Adam Jackson,20,Male,ECE,2,B,CMRIT,Prof. Kavya,9.6,8.69,9.7,7.77,6.6,8.37,5.51,7.57,8.94,28,30,20,82,6,4,144932,134234,True,3,38,9,0.47,4,2,Low
CMR2024052,Lindsay Smith,23,Male,ECE,2,B,CMRIT,Prof. Meena,10.0,6.84,8.37,6.78,7.64,7.04,7.45,7.27,8.0,22,28,28,79,0,1,61203,75802,True,1,49,6,0.87,12,4,Low
CMR2023194,John Bishop,22,Female,CSE,3,B,CMRIT,Dr. Ramesh,9.72,9.75,6.13,6.71,6.96,5.69,8.65,7.6,7.49,30,29,30,74,2,3,64618,114401,True,1,74,6,0.94,5,8,Medium
CMR2023293,Margaret Coleman,22,Female,CIVIL,2,A,CMRIT,Dr. Ramesh,9.67,7.41,7.99,9.2,6.9,6.76,8.16,7.93,8.57,28,24,20,86,8,4,47314,145008,True,2,31,7,0.79,13,3,Low
CMR2023109,Sharon Cochran,23,Female,CIVIL,1,A,CMRIT,Dr. Arvind,9.04,6.36,5.32,8.56,7.88,5.39,7.28,6.8,7.7,27,29,22,87,8,0,101387,46237,False,0,33,8,0.77,1,4,Low
CMR2023835,Timothy Hill,21,Female,ECE,3,A,CMRIT,Prof. Meena,5.84,6.34,7.14,6.68,5.98,9.12,7.86,7.24,6.85,20,22,25,75,0,4,81918,145526,False,0,48,7,0.89,2,7,Medium
CMR2023496,Austin Osborne,23,Female,CSE,3,C,CMRIT,Dr. Arvind,9.74,8.64,8.57,7.45,8.52,9.71,9.93,6.08,8.77,27,24,28,95,0,0,84865,91647,True,3,38,8,0.99,9,6,Low
CMR2023293,Margaret Coleman,22,Female,CIVIL,2,A,CMRIT,Dr. Ramesh,9.67,7.41,7.99,9.2,6.9,6.76,8.16,7.93,8.57,28,24,20,86,8,4,47314,145008,True,2,31,7,0.79,13,3,Low
CMR2024128,Anna Briggs,22,Female,AIML,4,B,CMRIT,Prof. Kavya,7.01,6.11,9.92,6.38,7.94,9.85,5.1,9.54,7.73,25,28,28,78,3,5,6833,128440,True,3,28,6,0.88,2,3,Low
CMR2023497,James Bradley,23,Female,MECH,1,A,CMRIT,Dr. Ramesh,7.65,8.65,8.66,6.24,8.01,8.79,5.9,5.91,8.15,30,27,21,64,7,2,91976,28358,True,3,93,9,0.96,6,7,High
CMR2023204,Erin Warner,23,Female,AIML,1,A,CMRIT,Dr. Ramesh,7.32,8.98,8.69,6.04,8.08,7.07,5.23,6.75,8.15,30,23,20,89,0,1,57740,78826,False,0,28,6,0.51,8,6,Low
CMR2023823,Jackie Clements,23,Male,CSE,2,B,CMRIT,Dr. Arvind,5.45,9.4,5.29,8.9,8.76,6.96,9.54,8.06,7.26,29,22,20,77,5,4,35907,42392,True,3,71,5,0.35,7,5,Medium
CMR2023997,Christina Johnson,20,Female,MECH,1,B,CMRIT,Prof. Kavya,9.65,5.67,7.45,5.55,7.73,7.05,6.68,7.09,7.66,28,21,28,66,3,1,145125,31740,True,3,29,7,0.45,12,6,Medium
CMR2023614,Elizabeth Sharp,18,Male,EEE,1,C,CMRIT,Dr. Arvind,5.4,8.15,5.37,8.69,5.27,7.04,5.89,8.15,6.78,23,29,27,68,7,4,112776,42656,True,2,48,9,0.5,0,8,Medium
CMR2023938,Amy Ramirez,22,Female,AIML,1,B,CMRIT,Dr. Ramesh,9.56,5.7,7.18,5.92,9.41,8.09,5.45,5.79,7.63,27,24,22,97,1,5,41394,39346,True,2,31,7,0.62,14,3,Low
CMR2023348,James Parks,23,Female,CSE,4,B,CMRIT,Prof. Meena,9.0,8.57,6.62,8.82,9.41,7.51,9.62,9.22,8.6,26,22,21,43,5,6,33279,10544,True,1,64,8,0.31,10,4,High
CMR2023198,Adam Vaughan,23,Male,MECH,1,B,CMRIT,Prof. Meena,9.14,5.21,9.98,7.59,6.98,8.68,7.79,7.58,7.18,30,20,23,79,0,8,81330,120226,False,0,58,6,0.62,6,5,High
CMR2023684,James Whitaker,19,Female,CIVIL,4,A,CMRIT,Dr. Ramesh,5.68,7.1,6.95,9.67,9.62,8.97,6.87,7.41,7.78,20,25,28,92,1,5,20466,28977,True,2,20,8,0.42,7,2,Low
CMR2023041,Fred Smith,18,Female,AIML,2,C,CMRIT,Prof. Kavya,5.34,8.83,6.04,6.08,9.35,6.64,5.74,9.5,6.57,20,24,22,40,5,3,39076,146614,False,0,42,4,0.76,0,3,High
CMR2024110,Mary Nelson,18,Female,AIML,3,B,CMRIT,Prof. Kavya,6.37,7.48,8.61,9.65,5.98,8.73,7.8,6.74,7.8,28,26,25,84,1,3,68858,45221,False,0,69,8,0.62,1,5,Medium
CMR2024139,Ernest Bush,20,Female,ECE,3,A,CMRIT,Prof. Kavya,9.85,6.06,6.66,5.03,7.49,8.84,8.03,8.36,7.32,23,23,30,83,6,0,40887,132967,False,0,44,8,0.81,0,5,Medium
CMR2024194,Sharon Newton,18,Male,CIVIL,4,A,CMRIT,Dr. Ramesh,7.24,9.05,7.44,8.88,7.64,7.56,8.67,9.6,8.26,26,29,23,55,4,8,48049,14590,False,0,24,8,0.97,14,9,High
CMR2023391,Laura Mckinney,23,Female,AIML,3,A,CMRIT,Prof. Meena,5.88,6.38,8.04,7.59,5.55,5.25,6.24,5.56,6.45,21,20,20,65,6,1,74777,67591,True,0,55,5,0.92,11,7,Medium
CMR2023686,Maria Henry,22,Female,CIVIL,3,A,CMRIT,Prof. Kavya,8.99,7.61,7.07,7.78,6.07,9.29,6.72,7.98,7.8,24,27,21,97,1,0,113375,28092,True,3,45,6,0.87,1,4,Low
CMR2024066,Yolanda Green,23,Male,CSE,1,B,CMRIT,Prof. Meena,5.1,6.7,6.45,7.42,7.28,8.9,7.92,9.7,5.9,29,24,27,65,4,7,113411,35767,True,0,26,7,0.97,9,8,High
CMR2023095,Anna Henderson,20,Male,EEE,1,B,CMRIT,Prof. Meena,9.6,5.43,9.16,8.65,6.74,6.72,8.92,7.61,7.51,25,27,21,41,5,1,119862,123606,False,0,28,6,0.33,11,2,High
CMR2023220,Courtney Mills,21,Female,MECH,1,A,CMRIT,Dr. Arvind,9.78,7.16,9.59,9.29,6.67,6.34,5.49,8.27,8.47,26,27,30,93,1,0,68385,56098,False,0,43,6,0.68,10,1,Low
CMR2023419,Jake Campbell,22,Female,AIML,3,A,CMRIT,Dr. Arvind,6.15,6.57,9.86,8.47,7.23,9.79,7.05,5.4,8.01,28,28,21,99,8,3,99973,131918,True,3,73,5,0.7,13,3,Medium
CMR2023708,Joseph Williams,20,Female,ECE,4,C,CMRIT,Prof. Meena,9.58,7.82,6.34,6.65,7.27,7.93,9.47,8.99,8.01,24,30,25,65,6,8,57263,99500,True,3,67,8,0.63,13,5,High
CMR2023493,Mark Cox,23,Female,MECH,1,B,CMRIT,Prof. Kavya,7.21,5.2,7.74,8.34,6.37,7.47,9.17,9.92,6.21,23,23,27,66,8,8,61614,43109,True,2,51,4,0.9,7,8,High
CMR2023178,Lawrence Adkins,19,Male,ECE,1,C,CMRIT,Prof. Meena,8.09,6.36,8.11,5.94,5.1,5.25,7.67,5.93,7.22,21,24,24,66,4,7,37778,119928,True,1,31,5,0.31,3,6,High
CMR2023379,Megan Nelson,22,Male,MECH,4,A,CMRIT,Prof. Kavya,9.92,8.17,8.89,5.93,8.26,6.11,5.97,9.2,7.81,26,24,30,47,7,1,18565,77080,True,1,100,4,0.75,9,2,High
CMR2023460,Kelsey Rodriguez,18,Female,MECH,2,A,CMRIT,Prof. Meena,6.85,9.37,5.88,9.69,9.61,6.61,6.46,9.47,7.95,23,29,27,91,5,2,125374,69237,False,0,50,5,0.98,8,2,Low
CMR2023587,Jeremy Scott,22,Female,CSE,4,A,CMRIT,Prof. Kavya,5.54,6.53,8.82,6.26,9.02,7.93,8.14,8.35,7.57,29,29,29,42,5,5,98555,30189,False,0,80,8,0.44,3,6,High
CMR2024133,Caitlin Perry,21,Female,ECE,3,A,CMRIT,Dr. Ramesh,7.26,7.91,9.14,8.72,5.68,8.2,9.63,6.42,7.82,23,24,27,81,8,3,97971,33606,False,0,23,9,0.48,5,10,Low
CMR2024098,Stephen Cowan,21,Female,CSE,4,C,CMRIT,Prof. Meena,6.57,6.36,8.77,5.76,8.1,8.47,6.8,7.61,7.3,26,22,22,48,3,0,93296,45685,False,0,61,9,0.58,0,3,High
CMR2023723,Todd Reynolds,19,Male,AIML,4,B,CMRIT,Prof. Meena,6.16,8.99,9.93,5.93,7.19,6.95,8.82,7.3,7.66,25,29,28,100,4,3,145185,129558,False,0,65,5,0.89,14,4,Medium
CMR2023344,Kayla Rodriguez,22,Male,CSE,3,C,CMRIT,Prof. Meena,9.04,5.05,9.74,8.39,9.66,5.68,7.49,8.43,7.93,30,28,21,87,8,0,111291,8643,True,0,74,9,0.67,5,4,Medium
CMR2023759,Margaret Miller,21,Female,CIVIL,1,A,CMRIT,Prof. Kavya,6.36,6.48,9.75,6.26,8.01,9.69,6.97,6.37,6.42,25,26,28,47,5,5,110085,103100,True,2,24,7,0.4,12,3,High
CMR2023660,William David DDS,18,Female,ECE,1,B,CMRIT,Dr. Arvind,8.9,8.5,9.55,6.8,9.78,8.75,7.48,6.31,8.7,29,21,26,94,1,7,88331,13274,True,2,55,4,0.85,6,7,High
CMR2024140,Patricia Ray,18,Male,CIVIL,2,B,CMRIT,Prof. Meena,8.6,9.92,9.18,9.74,7.12,9.65,5.09,9.73,9.36,22,22,20,42,6,7,121424,103179,False,0,22,7,0.37,12,10,High
CMR2023686,Maria Henry,22,Female,CIVIL,3,A,CMRIT,Prof. Kavya,8.99,7.61,7.07,7.78,6.07,9.29,6.72,7.98,7.8,24,27,21,97,1,0,113375,28092,True,3,45,6,0.87,1,4,Low
CMR2023318,Stephen Hoffman,21,Male,AIML,2,A,CMRIT,Dr. Arvind,6.62,5.07,8.27,5.06,6.06,6.1,8.29,6.39,6.25,29,25,20,90,2,4,22650,62294,False,0,58,8,0.65,1,9,Medium
CMR2023283,Shelia Wallace,20,Male,ECE,2,C,CMRIT,Prof. Meena,7.23,6.03,7.72,8.94,8.26,8.49,9.44,8.91,7.48,26,23,24,73,8,4,27093,14691,False,0,69,9,0.8,14,3,Medium
CMR2023462,Riley Bryant,21,Female,EEE,1,A,CMRIT,Prof. Kavya,9.24,8.79,7.9,8.96,8.61,6.83,8.28,5.71,9.02,23,27,23,88,4,5,74339,30460,False,0,29,7,0.93,7,4,Low
CMR2024168,Timothy Monroe,19,Female,EEE,1,B,CMRIT,Dr. Ramesh,5.19,8.37,9.73,6.83,6.09,7.29,9.19,5.99,6.78,26,27,20,99,6,5,38895,122925,False,0,41,8,0.84,1,6,Medium
CMR2024185,John Duncan,23,Male,EEE,2,C,CMRIT,Dr. Arvind,8.29,9.37,9.71,6.62,8.4,7.25,9.9,7.93,8.5,24,20,29,91,4,0,27291,111532,False,0,24,8,0.38,3,7,Low
CMR2023813,Michael Roberts,21,Female,CIVIL,2,B,CMRIT,Prof. Kavya,6.09,7.65,8.61,9.18,8.04,7.03,8.36,5.15,7.88,24,28,28,62,0,8,108123,66277,True,0,62,6,0.84,4,1,High
CMR2024133,Caitlin Perry,21,Female,ECE,3,A,CMRIT,Dr. Ramesh,7.26,7.91,9.14,8.72,5.68,8.2,9.63,6.42,7.82,23,24,27,81,8,3,97971,33606,False,0,23,9,0.48,5,10,Low
CMR2023056,Timothy Duncan,18,Female,AIML,2,A,CMRIT,Dr. Arvind,9.59,7.36,9.16,8.79,7.35,8.08,9.53,5.1,8.72,23,22,28,80,7,1,143352,115953,True,2,50,6,0.39,3,7,Low
CMR2023546,Johnny Khan,19,Male,EEE,1,C,CMRIT,Prof. Kavya,6.24,8.77,9.2,6.81,6.13,6.31,5.3,7.16,7.5,25,26,20,70,8,6,55490,102958,False,0,77,8,0.89,3,3,High
CMR2023737,Arthur Hamilton MD,19,Male,ECE,1,B,CMRIT,Dr. Ramesh,7.2,9.39,7.07,9.16,8.3,7.73,8.65,9.79,8.29,27,30,30,99,2,4,134811,89178,False,0,72,4,0.74,13,10,High
CMR2023556,Kathryn Williams,20,Male,MECH,3,B,CMRIT,Prof. Kavya,6.47,9.29,6.39,9.58,6.15,6.56,7.6,6.16,7.41,21,29,20,78,1,1,51122,80561,False,0,74,5,0.47,12,4,Medium
CMR2023377,Paula Bradley,20,Male,MECH,3,B,CMRIT,Dr. Arvind,6.54,9.51,9.55,8.37,5.02,9.55,5.16,5.13,8.09,25,28,29,81,6,0,88223,92841,True,3,50,8,0.98,3,10,Low
CMR2023703,Michael Abbott,19,Male,CIVIL,1,C,CMRIT,Prof. Kavya,9.95,5.45,8.41,9.06,9.89,5.37,6.49,9.33,7.7,20,22,29,92,4,1,144168,62191,True,0,53,5,0.89,11,9,Medium
CMR2024024,James Washington,20,Male,ECE,4,B,CMRIT,Dr. Arvind,9.14,5.01,6.64,6.31,5.52,9.65,8.73,8.36,7.42,23,28,27,70,4,1,64155,98676,True,3,72,6,0.95,13,8,Medium
CMR2023776,Tina Hall,18,Female,MECH,1,B,CMRIT,Prof. Meena,7.01,8.48,9.3,8.3,8.03,9.83,9.6,7.85,7.75,22,28,28,94,3,5,77933,138469,False,0,54,6,0.83,5,2,Medium
CMR2023019,Carla Gray,20,Female,EEE,1,A,CMRIT,Prof. Meena,6.95,8.85,9.73,5.1,9.4,7.88,7.38,9.71,7.9,24,26,26,61,6,2,146091,148165,True,3,48,6,0.61,0,7,Medium
CMR2023204,Erin Warner,23,Female,AIML,1,A,CMRIT,Dr. Ramesh,7.32,8.98,8.69,6.04,8.08,7.07,5.23,6.75,8.15,30,23,20,89,0,1,57740,78826,False,0,28,6,0.51,8,6,Low
CMR2023685,Mr. Michael Scott PhD,19,Female,CSE,1,C,CMRIT,Dr. Arvind,6.14,9.08,8.97,5.27,7.85,6.0,5.16,5.35,7.61,26,29,25,96,8,4,8855,6206,False,0,52,9,0.88,10,2,Medium
CMR2023552,Diana Hays,22,Female,AIML,2,A,CMRIT,Dr. Arvind,8.81,5.86,9.83,6.92,7.71,5.09,5.8,7.86,7.86,29,24,27,98,3,4,37653,30082,True,3,48,5,0.62,2,3,Low
CMR2023400,Robin Young,18,Female,CIVIL,1,B,CMRIT,Dr. Ramesh,9.11,7.83,8.45,9.32,5.61,7.92,7.55,8.58,8.47,23,28,22,91,7,3,134841,40757,True,1,58,9,0.52,14,1,Medium
CMR2024133,Caitlin Perry,21,Female,ECE,3,A,CMRIT,Dr. Ramesh,7.26,7.91,9.14,8.72,5.68,8.2,9.63,6.42,7.82,23,24,27,81,8,3,97971,33606,False,0,23,9,0.48,5,10,Low
CMR2023013,Michele Williams,19,Female,CSE,2,C,CMRIT,Dr. Arvind,8.91,7.06,8.35,8.68,6.24,5.8,8.51,6.91,8.25,20,27,23,65,5,4,57316,125665,False,0,59,5,0.46,10,4,Medium
CMR2023604,Mrs. Virginia Daniels,19,Male,CSE,1,C,CMRIT,Dr. Ramesh,6.67,7.08,7.75,9.19,7.62,5.07,8.44,6.67,6.88,30,27,24,79,5,2,79356,36378,False,0,20,8,0.78,6,6,Medium
CMR2023542,Kenneth Edwards,22,Male,CIVIL,4,A,CMRIT,Prof. Meena,6.47,5.81,6.45,6.66,5.55,5.77,9.19,6.0,6.49,27,23,20,94,7,3,106529,51302,False,0,25,6,0.43,5,10,Medium
CMR2023494,Meghan Cisneros,22,Male,EEE,2,C,CMRIT,Prof. Meena,8.14,9.44,9.9,8.73,8.53,9.91,9.02,6.32,9.05,25,25,23,90,8,2,88926,146654,False,0,29,9,0.39,13,4,Low
CMR2023255,Kristen Davis,23,Male,CIVIL,3,B,CMRIT,Dr. Ramesh,7.14,9.96,7.06,5.28,6.22,6.17,6.56,5.42,6.97,21,24,21,72,6,4,93498,49506,True,2,24,7,0.76,6,10,Medium
CMR2023706,Adam Jackson,20,Male,ECE,2,B,CMRIT,Prof. Kavya,9.6,8.69,9.7,7.77,6.6,8.37,5.51,7.57,8.94,28,30,20,82,6,4,144932,134234,True,3,38,9,0.47,4,2,Low
CMR2023681,Justin Walker,21,Female,ECE,3,A,CMRIT,Prof. Meena,7.43,6.45,5.45,8.74,7.44,6.93,5.92,5.37,7.07,28,30,30,67,4,2,149552,42920,False,0,31,8,0.8,6,3,Medium
CMR2023522,Hannah Everett,21,Female,AIML,3,C,CMRIT,Dr. Arvind,6.14,7.43,8.62,7.16,9.74,5.8,9.85,5.3,7.48,21,21,25,40,4,2,129964,80843,True,1,86,7,0.86,6,8,High
CMR2024102,Nicholas Lawrence,22,Male,CSE,2,C,CMRIT,Dr. Arvind,9.23,6.89,8.29,8.0,9.44,8.63,7.05,7.76,8.1,23,24,21,73,1,1,16866,62788,False,0,30,6,0.37,12,2,Medium
CMR2023686,Maria Henry,22,Female,CIVIL,3,A,CMRIT,Prof. Kavya,8.99,7.61,7.07,7.78,6.07,9.29,6.72,7.98,7.8,24,27,21,97,1,0,113375,28092,True,3,45,6,0.87,1,4,Low
CMR2023547,Julie Herrera,23,Male,AIML,3,B,CMRIT,Dr. Ramesh,7.16,5.15,5.33,5.42,9.46,5.73,8.21,6.85,6.38,26,24,27,84,8,2,94517,84559,False,0,59,7,0.66,6,10,Medium
CMR2023894,Dr. Andrea Marshall,23,Female,EEE,1,A,CMRIT,Prof. Kavya,7.97,8.41,5.9,9.68,8.93,8.01,8.16,6.67,8.19,21,28,28,81,7,0,31153,45550,False,0,32,8,0.84,13,1,Low
CMR2023684,James Whitaker,19,Female,CIVIL,4,A,CMRIT,Dr. Ramesh,5.68,7.1,6.95,9.67,9.62,8.97,6.87,7.41,7.78,20,25,28,92,1,5,20466,28977,True,2,20,8,0.42,7,2,Low
CMR2023072,Brittney Phillips,20,Female,ECE,3,B,CMRIT,Dr. Ramesh,7.87,7.72,9.48,6.97,6.73,8.87,5.73,5.21,7.94,21,25,27,48,1,3,72225,130587,True,1,88,6,0.95,11,5,High
CMR2024024,James Washington,20,Male,ECE,4,B,CMRIT,Dr. Arvind,9.14,5.01,6.64,6.31,5.52,9.65,8.73,8.36,7.42,23,28,27,70,4,1,64155,98676,True,3,72,6,0.95,13,8,Medium
CMR2024078,Julie Delacruz,22,Male,EEE,3,C,CMRIT,Prof. Kavya,7.97,5.52,7.68,9.69,9.54,9.57,9.05,5.39,8.33,23,29,30,61,7,4,121295,26831,False,0,96,5,0.98,14,8,High
CMR2023129,Megan Orr,19,Male,EEE,1,B,CMRIT,Prof. Kavya,6.37,9.12,7.53,8.18,5.62,5.15,6.86,7.97,7.74,22,27,29,58,0,6,149528,96687,False,0,40,6,0.82,11,2,High
CMR2023166,Alyssa Long,23,Male,ECE,2,C,CMRIT,Dr. Ramesh,9.88,5.43,6.38,7.0,8.35,7.03,6.0,5.08,7.17,21,21,28,99,6,0,79578,96251,False,0,55,5,0.72,3,8,Medium
CMR2024198,Emily Arnold,23,Female,AIML,4,C,CMRIT,Prof. Meena,8.0,6.04,5.68,7.17,6.09,6.29,5.75,9.72,6.84,26,22,28,53,1,0,65523,126989,True,1,83,9,0.42,5,10,High
CMR2023516,William Day,21,Female,CSE,3,C,CMRIT,Prof. Meena,6.68,9.02,9.27,8.92,7.04,6.71,9.71,8.6,7.94,28,23,27,97,1,0,78830,74906,True,3,30,9,0.94,13,9,Low
CMR2023706,Adam Jackson,20,Male,ECE,2,B,CMRIT,Prof. Kavya,9.6,8.69,9.7,7.77,6.6,8.37,5.51,7.57,8.94,28,30,20,82,6,4,144932,134234,True,3,38,9,0.47,4,2,Low
CMR2023846,Brandi Haney,21,Male,AIML,1,C,CMRIT,Dr. Ramesh,7.59,9.49,9.8,5.33,5.8,5.75,5.83,9.73,8.54,28,22,30,73,8,5,82590,83419,False,0,23,9,0.9,7,3,Medium
CMR2023488,Bobby Guerrero,22,Male,CIVIL,4,B,CMRIT,Prof. Kavya,7.61,5.44,8.66,9.8,9.33,6.21,9.25,7.47,7.97,26,26,20,62,1,0,32574,78453,False,0,52,9,0.66,6,5,Medium
CMR2023170,Jamie Walton,19,Female,EEE,2,C,CMRIT,Prof. Kavya,5.27,9.0,7.39,7.7,7.51,6.97,8.43,5.87,7.34,21,28,27,95,4,2,87746,7206,True,1,68,8,0.37,5,10,Medium
CMR2023779,Kevin Price,23,Male,AIML,1,C,CMRIT,Dr. Ramesh,8.62,6.78,7.31,5.04,8.79,5.33,5.28,8.45,7.7,29,24,21,43,7,4,61384,46827,False,0,67,5,0.89,10,2,High
CMR2023706,Adam Jackson,20,Male,ECE,2,B,CMRIT,Prof. Kavya,9.6,8.69,9.7,7.77,6.6,8.37,5.51,7.57,8.94,28,30,20,82,6,4,144932,134234,True,3,38,9,0.47,4,2,Low
CMR2023710,Anthony Jones,21,Male,CSE,2,A,CMRIT,Prof. Meena,9.35,6.38,6.2,8.88,7.94,5.59,5.91,5.61,7.7,24,20,30,96,4,3,74408,147727,True,1,40,7,0.87,4,6,Low
CMR2023344,Kayla Rodriguez,22,Male,CSE,3,C,CMRIT,Prof. Meena,9.04,5.05,9.74,8.39,9.66,5.68,7.49,8.43,7.93,30,28,21,87,8,0,111291,8643,True,0,74,9,0.67,5,4,Medium
CMR2024106,Martha Smith,21,Male,CSE,1,A,CMRIT,Dr. Ramesh,9.98,8.01,8.22,6.48,8.93,5.83,6.13,5.19,9.0,24,20,20,64,8,4,78635,120556,False,0,86,7,0.62,4,9,High
CMR2023774,Carly Riggs,21,Male,EEE,1,A,CMRIT,Prof. Meena,9.98,8.25,7.05,6.72,6.25,5.89,5.41,9.04,9.12,24,21,30,61,8,4,113058,25065,True,0,99,9,0.62,5,4,High
CMR2023211,Denise Mccann,18,Female,CSE,3,B,CMRIT,Prof. Meena,9.23,6.41,6.74,7.87,7.54,7.03,8.57,5.53,7.47,28,30,21,75,2,7,84198,144656,False,0,71,8,0.59,9,4,High
CMR2023802,Reginald Morrow,22,Male,CSE,1,B,CMRIT,Dr. Ramesh,9.69,6.05,9.59,7.37,5.58,5.53,8.45,8.74,7.87,29,27,30,86,8,4,113774,16950,True,3,39,6,0.78,9,1,Low
CMR2023409,Jesse Brown,19,Female,CIVIL,1,A,CMRIT,Dr. Ramesh,7.48,6.13,6.75,7.39,8.91,9.38,6.14,9.66,6.8,20,23,28,67,6,8,104454,9743,False,0,26,7,0.84,11,3,High
CMR2023703,Michael Abbott,19,Male,CIVIL,1,C,CMRIT,Prof. Kavya,9.95,5.45,8.41,9.06,9.89,5.37,6.49,9.33,7.7,20,22,29,92,4,1,144168,62191,True,0,53,5,0.89,11,9,Medium
CMR2024137,Bianca Knapp,23,Female,ECE,3,B,CMRIT,Prof. Meena,9.93,5.21,9.91,5.18,7.06,7.35,5.37,7.09,7.44,24,24,25,99,1,2,76852,128235,False,0,34,5,0.38,9,4,Medium
CMR2023640,Michael Stanley,20,Male,AIML,1,A,CMRIT,Prof. Kavya,8.21,5.84,9.63,9.71,8.75,8.32,5.46,5.99,7.03,24,30,28,83,7,1,55554,19860,True,0,93,7,0.99,1,4,High
CMR2023713,Laurie Goodwin,22,Female,EEE,3,B,CMRIT,Prof. Kavya,5.97,5.02,6.39,5.31,9.14,9.63,8.15,6.79,6.91,22,27,28,41,2,7,21484,11445,False,0,61,9,0.66,0,1,High
CMR2023220,Courtney Mills,21,Female,MECH,1,A,CMRIT,Dr. Arvind,9.78,7.16,9.59,9.29,6.67,6.34,5.49,8.27,8.47,26,27,30,93,1,0,68385,56098,False,0,43,6,0.68,10,1,Low
CMR2023251,Olivia Harris,18,Female,CIVIL,1,B,CMRIT,Prof. Meena,7.61,8.38,5.6,6.97,8.48,9.89,8.71,9.46,8.0,22,21,25,57,4,6,57189,93770,True,3,35,5,0.89,11,8,High
CMR2023914,Dale Chan,21,Female,CIVIL,4,C,CMRIT,Prof. Kavya,6.38,7.86,8.18,6.8,8.11,9.15,6.78,9.17,7.8,21,25,22,88,6,2,105571,110980,False,0,62,8,0.89,4,8,Medium
CMR2024022,Kristine Garcia,20,Female,CIVIL,4,B,CMRIT,Prof. Meena,7.74,5.74,8.07,8.7,8.56,6.84,6.72,8.0,7.55,25,20,28,71,6,4,22773,77411,True,1,49,4,0.81,9,3,High
CMR2023532,Donna Frye,20,Male,AIML,2,B,CMRIT,Prof. Kavya,7.5,8.6,8.6,7.29,6.95,8.77,9.6,7.4,8.0,29,24,30,99,0,4,70147,25361,True,0,23,8,0.34,0,5,Low
CMR2023109,Sharon Cochran,23,Female,CIVIL,1,A,CMRIT,Dr. Arvind,9.04,6.36,5.32,8.56,7.88,5.39,7.28,6.8,7.7,27,29,22,87,8,0,101387,46237,False,0,33,8,0.77,1,4,Low
CMR2023532,Donna Frye,20,Male,AIML,2,B,CMRIT,Prof. Kavya,7.5,8.6,8.6,7.29,6.95,8.77,9.6,7.4,8.0,29,24,30,99,0,4,70147,25361,True,0,23,8,0.34,0,5,Low
CMR2023548,Jessica Khan,21,Female,CSE,4,B,CMRIT,Dr. Ramesh,6.26,6.34,6.36,6.44,7.57,6.57,9.53,9.54,7.33,29,23,25,67,3,2,85307,55291,False,0,86,9,0.59,4,10,High
CMR2023067,Carol Tucker,19,Male,EEE,4,B,CMRIT,Dr. Arvind,7.49,5.45,6.97,7.29,6.2,7.92,5.24,6.41,6.62,29,30,30,88,6,5,128361,79907,True,0,75,5,0.92,11,6,Medium
CMR2023143,Christopher Rubio,18,Male,CSE,3,C,CMRIT,Prof. Kavya,8.27,7.28,6.7,9.13,9.08,9.22,6.66,8.84,8.28,29,27,30,75,8,5,100235,123628,True,0,48,4,0.54,13,5,High
CMR2023669,Michael Morrison,18,Female,MECH,3,C,CMRIT,Prof. Kavya,6.84,6.32,7.57,6.55,5.62,7.79,8.76,7.52,6.78,24,25,24,61,2,3,17359,13240,False,0,52,6,0.76,4,8,Medium
CMR2024101,Darryl Acosta,19,Male,AIML,4,A,CMRIT,Prof. Meena,5.38,6.83,6.13,5.37,9.18,5.55,7.67,8.48,6.82,26,30,26,56,7,1,36924,74093,True,1,93,7,0.3,1,1,High
CMR2024151,Robert West,23,Female,CSE,2,A,CMRIT,Prof. Meena,9.69,9.92,8.84,9.34,8.95,8.98,6.98,7.87,9.45,30,29,27,91,7,4,104436,144873,True,3,20,8,0.52,7,2,Low
CMR2024165,Levi Lopez,20,Female,ECE,4,C,CMRIT,Prof. Kavya,9.91,8.98,9.46,9.92,8.25,6.47,5.52,7.38,8.24,28,28,21,93,5,6,99289,115448,False,0,71,9,0.62,8,7,High
CMR2023710,Anthony Jones,21,Male,CSE,2,A,CMRIT,Prof. Meena,9.35,6.38,6.2,8.88,7.94,5.59,5.91,5.61,7.7,24,20,30,96,4,3,74408,147727,True,1,40,7,0.87,4,6,Low
CMR2023676,Kristen Rowe,23,Female,CSE,1,C,CMRIT,Dr. Ramesh,9.09,5.95,6.92,5.46,5.31,8.62,9.49,6.45,7.52,25,30,23,81,2,3,27295,138781,True,3,55,7,0.85,12,9,Medium
CMR2023889,Kristen Sloan,20,Female,EEE,3,C,CMRIT,Dr. Arvind,9.78,5.57,6.54,7.57,7.13,6.34,9.55,7.61,7.16,22,23,20,46,6,2,136297,141834,True,2,86,7,0.79,12,5,High
CMR2024123,Andrew Roberts,23,Female,ECE,1,A,CMRIT,Dr. Arvind,6.77,5.46,8.55,5.09,6.82,5.4,7.57,8.09,6.12,28,24,22,48,2,3,38769,117531,True,1,26,4,0.45,0,8,High
CMR2023565,John Coffey,19,Male,AIML,2,B,CMRIT,Prof. Kavya,9.63,8.49,7.53,7.06,7.0,7.83,6.5,6.21,8.18,29,27,30,61,5,1,22385,87301,True,3,71,7,0.41,7,1,Medium
CMR2023572,Reginald Knapp,23,Male,EEE,3,C,CMRIT,Prof. Meena,5.22,6.66,7.04,8.14,8.96,7.37,9.39,9.65,7.23,29,29,23,92,3,4,87622,63431,False,0,53,6,0.92,13,1,Medium
CMR2023028,Zachary Hicks,23,Female,CIVIL,4,A,CMRIT,Prof. Kavya,9.62,8.94,8.13,8.31,9.67,7.13,7.72,8.24,8.47,24,22,21,68,1,7,20633,48495,False,0,96,9,0.88,14,5,High
CMR2023709,Sean Clay,21,Male,EEE,2,B,CMRIT,Prof. Kavya,5.4,6.72,6.85,7.68,9.54,7.86,9.63,9.68,6.66,24,28,21,64,6,4,94572,53592,False,0,96,5,0.53,5,10,High
CMR2023169,Daniel Murphy,23,Male,AIML,2,B,CMRIT,Prof. Kavya,6.15,9.17,9.18,6.78,8.89,5.6,5.39,9.78,7.82,27,29,20,95,4,7,146944,16079,False,0,67,8,0.52,14,10,High
CMR2023816,Tamara Riddle,18,Female,AIML,1,B,CMRIT,Prof. Kavya,8.08,7.72,5.57,6.34,7.76,7.89,6.16,6.87,7.9,21,26,29,40,1,4,7061,59350,True,1,23,5,0.82,9,9,High
CMR2024185,John Duncan,23,Male,EEE,2,C,CMRIT,Dr. Arvind,8.29,9.37,9.71,6.62,8.4,7.25,9.9,7.93,8.5,24,20,29,91,4,0,27291,111532,False,0,24,8,0.38,3,7,Low
CMR2023364,Tracy Burke,23,Male,ECE,1,A,CMRIT,Dr. Ramesh,9.41,5.16,8.76,7.52,5.05,9.16,8.4,9.38,7.29,28,24,29,100,2,3,136562,85224,True,3,40,6,0.98,8,7,Medium
CMR2023080,Kelly Donovan,23,Female,MECH,1,A,CMRIT,Prof. Kavya,5.34,7.97,7.23,8.36,9.36,6.22,5.22,7.19,6.65,28,23,20,89,5,3,41735,137093,False,0,49,9,0.7,9,10,Medium
CMR2023089,Aimee Montoya,20,Female,ECE,1,C,CMRIT,Dr. Arvind,8.92,7.25,6.14,7.77,6.88,5.93,7.93,6.9,8.09,29,24,23,87,6,5,24269,26505,False,0,39,7,0.8,10,3,Low
CMR2023410,Angela Lin,19,Male,EEE,1,C,CMRIT,Dr. Arvind,6.76,6.72,9.59,6.19,5.46,5.05,7.07,8.76,6.74,28,29,20,60,5,3,8905,70515,True,0,27,5,0.61,4,1,Medium
CMR2024166,Jenna Bryant,22,Male,ECE,3,C,CMRIT,Dr. Arvind,8.73,7.16,8.73,6.04,8.56,8.12,5.35,8.45,7.89,24,28,29,97,2,3,91584,97340,False,0,76,4,0.31,13,7,High
CMR2023503,Zachary Mitchell,22,Male,MECH,3,C,CMRIT,Dr. Ramesh,9.55,5.49,9.75,9.46,8.56,5.36,6.02,6.03,8.03,30,29,20,51,6,3,16857,105004,True,0,57,4,0.93,10,6,High
CMR2023455,Marie Moody,22,Male,MECH,4,A,CMRIT,Dr. Arvind,6.36,7.04,5.09,7.07,5.65,6.34,8.0,9.88,6.93,25,21,23,92,7,6,63936,9737,False,0,48,4,0.73,11,10,High
CMR2023213,Katherine Salas,21,Male,CSE,2,A,CMRIT,Dr. Ramesh,8.79,8.3,7.26,6.46,8.08,7.24,6.03,9.39,7.7,24,29,30,94,2,4,84835,118961,False,0,31,8,0.31,8,7,Low
CMR2023395,Dana Chapman,20,Male,CIVIL,1,A,CMRIT,Prof. Meena,8.19,9.83,9.39,8.39,9.5,7.25,9.79,7.63,9.01,24,30,25,84,5,1,91820,107505,False,0,55,6,0.43,9,9,Medium
CMR2023644,Edwin Nunez,21,Male,AIML,3,A,CMRIT,Prof. Meena,9.68,7.75,7.7,6.94,8.81,5.65,9.23,6.3,7.75,21,22,20,75,7,4,41921,131314,True,3,35,6,0.73,7,4,Low
CMR2023220,Courtney Mills,21,Female,MECH,1,A,CMRIT,Dr. Arvind,9.78,7.16,9.59,9.29,6.67,6.34,5.49,8.27,8.47,26,27,30,93,1,0,68385,56098,False,0,43,6,0.68,10,1,Low
CMR2023228,Michael Bradshaw,21,Male,CIVIL,3,C,CMRIT,Prof. Kavya,7.19,9.63,5.2,5.5,9.24,8.06,8.89,5.08,7.47,27,21,20,84,2,3,6893,52032,True,2,73,9,0.87,12,8,Medium
CMR2023868,Lisa Ramirez,22,Male,EEE,1,A,CMRIT,Prof. Meena,5.21,9.32,7.32,9.59,9.74,9.67,8.31,6.29,7.27,24,30,29,84,4,5,40930,16493,False,0,56,9,0.69,9,5,Medium
CMR2023119,Jeffrey Chandler,23,Male,ECE,1,A,CMRIT,Prof. Kavya,7.93,9.59,8.87,9.23,9.3,9.8,6.87,9.71,8.76,26,29,21,81,5,2,93227,84105,False,0,37,5,0.81,6,8,Low
CMR2024033,Debra Butler,18,Female,ECE,3,B,CMRIT,Dr. Arvind,7.26,9.02,8.46,8.03,6.71,8.59,5.12,9.35,8.01,30,28,29,97,6,5,137398,91633,False,0,70,9,0.48,0,2,Medium
CMR2023802,Reginald Morrow,22,Male,CSE,1,B,CMRIT,Dr. Ramesh,9.69,6.05,9.59,7.37,5.58,5.53,8.45,8.74,7.87,29,27,30,86,8,4,113774,16950,True,3,39,6,0.78,9,1,Low
CMR2023312,Shannon Ramsey,20,Male,AIML,3,B,CMRIT,Prof. Meena,5.79,5.55,7.68,7.39,5.34,9.78,9.33,5.65,6.92,23,24,26,57,3,0,129460,46623,False,0,95,5,0.65,10,8,High
CMR2023141,David Douglas Jr.,21,Female,CSE,1,B,CMRIT,Dr. Arvind,5.06,9.34,7.62,8.72,8.62,6.12,9.78,9.37,7.2,28,28,29,93,8,0,29967,118468,True,3,64,9,0.77,6,3,Medium
CMR2023706,Adam Jackson,20,Male,ECE,2,B,CMRIT,Prof. Kavya,9.6,8.69,9.7,7.77,6.6,8.37,5.51,7.57,8.94,28,30,20,82,6,4,144932,134234,True,3,38,9,0.47,4,2,Low
CMR2023266,Kimberly Gibson,20,Male,EEE,2,B,CMRIT,Prof. Kavya,5.14,9.88,6.18,7.25,6.24,7.91,8.24,5.43,7.11,27,22,25,75,0,0,109216,60631,False,0,74,9,0.72,1,2,Medium
CMR2023532,Donna Frye,20,Male,AIML,2,B,CMRIT,Prof. Kavya,7.5,8.6,8.6,7.29,6.95,8.77,9.6,7.4,8.0,29,24,30,99,0,4,70147,25361,True,0,23,8,0.34,0,5,Low
CMR2023925,Brenda Smith,22,Female,CIVIL,3,B,CMRIT,Prof. Kavya,9.54,9.67,5.38,9.65,6.07,7.18,9.25,6.84,7.92,26,24,26,82,6,1,54157,23808,True,0,24,9,0.65,9,2,Low
CMR2023272,Jonathan Lawrence,23,Male,ECE,2,B,CMRIT,Prof. Meena,9.43,7.38,7.82,7.12,8.78,9.05,8.07,7.17,7.94,26,21,20,73,8,1,139569,94586,False,0,48,9,0.78,2,8,Medium
CMR2024139,Ernest Bush,20,Female,ECE,3,A,CMRIT,Prof. Kavya,9.85,6.06,6.66,5.03,7.49,8.84,8.03,8.36,7.32,23,23,30,83,6,0,40887,132967,False,0,44,8,0.81,0,5,Medium
CMR2023728,Aaron Parker,23,Male,ECE,3,A,CMRIT,Dr. Arvind,8.06,6.98,9.64,7.95,8.76,6.21,8.53,9.29,7.93,24,29,27,50,2,3,79734,64353,False,0,72,6,0.31,12,9,High
CMR2023807,Robert Gonzales,19,Male,ECE,1,C,CMRIT,Dr. Arvind,9.46,5.78,9.24,8.51,8.47,8.1,9.33,7.89,7.62,24,28,24,78,1,0,136960,22290,True,0,21,6,0.94,11,7,Low
CMR2023726,Christian Dawson,18,Female,AIML,3,B,CMRIT,Prof. Kavya,7.35,5.19,8.7,9.88,7.83,8.08,9.81,7.21,7.84,21,30,29,77,7,0,98872,41006,False,0,48,6,0.44,11,6,Low
CMR2024076,Elizabeth French,22,Female,AIML,2,C,CMRIT,Prof. Kavya,6.99,8.54,5.05,5.24,5.44,6.3,7.23,7.97,6.46,23,22,26,80,7,0,132251,24785,False,0,88,6,0.65,1,10,High
CMR2023881,Denise Brown,20,Female,CIVIL,4,C,CMRIT,Prof. Meena,5.32,7.57,7.51,5.71,9.83,6.03,7.63,7.73,7.17,27,20,25,84,4,5,148302,81054,True,3,86,4,0.57,1,4,High
CMR2023725,Rebecca Marquez,21,Male,CIVIL,1,A,CMRIT,Prof. Kavya,7.1,7.81,6.98,6.55,8.33,7.18,7.0,7.86,7.46,29,27,24,94,5,0,28337,115045,True,3,64,7,0.78,0,5,Medium
CMR2023212,Melissa Martinez,21,Male,ECE,2,C,CMRIT,Prof. Meena,8.92,7.18,8.94,7.72,6.18,8.31,5.39,9.65,8.19,29,27,21,46,6,5,126348,90295,True,3,42,6,0.97,1,10,High
CMR2024182,Gregory Chambers,19,Female,EEE,4,A,CMRIT,Dr. Ramesh,6.3,7.57,5.02,5.52,8.75,6.35,9.0,6.85,6.92,22,28,21,46,4,6,86685,61144,False,0,28,4,0.59,6,2,High
CMR2023680,Suzanne Wood,22,Female,EEE,1,C,CMRIT,Prof. Kavya,5.63,9.72,5.66,9.41,8.82,6.79,9.25,8.16,7.68,29,28,22,63,2,1,104651,8851,False,0,30,8,0.9,12,10,Medium
CMR2023884,Holly Scott,18,Male,CSE,4,C,CMRIT,Prof. Meena,6.69,8.93,7.07,7.65,5.66,8.42,6.79,7.07,7.29,25,24,25,79,7,4,32921,45345,True,2,58,6,0.35,8,10,Medium
CMR2024128,Anna Briggs,22,Female,AIML,4,B,CMRIT,Prof. Kavya,7.01,6.11,9.92,6.38,7.94,9.85,5.1,9.54,7.73,25,28,28,78,3,5,6833,128440,True,3,28,6,0.88,2,3,Low
CMR2023290,David Smith,19,Male,CIVIL,4,A,CMRIT,Dr. Arvind,7.01,5.22,9.31,5.12,7.19,7.07,9.3,6.59,7.1,24,21,21,59,6,2,31039,147024,True,2,38,5,0.48,1,3,High
CMR2023684,James Whitaker,19,Female,CIVIL,4,A,CMRIT,Dr. Ramesh,5.68,7.1,6.95,9.67,9.62,8.97,6.87,7.41,7.78,20,25,28,92,1,5,20466,28977,True,2,20,8,0.42,7,2,Low
CMR2023462,Riley Bryant,21,Female,EEE,1,A,CMRIT,Prof. Kavya,9.24,8.79,7.9,8.96,8.61,6.83,8.28,5.71,9.02,23,27,23,88,4,5,74339,30460,False,0,29,7,0.93,7,4,Low
CMR2023984,Carla Jones,19,Female,MECH,2,B,CMRIT,Dr. Arvind,6.83,9.3,5.72,5.88,8.61,5.54,6.28,7.36,6.93,25,27,26,80,4,3,127305,53445,True,0,62,6,0.71,11,5,Medium
CMR2023485,Jonathan Glass MD,20,Male,CIVIL,2,B,CMRIT,Prof. Kavya,5.5,5.83,8.17,8.09,9.22,8.76,5.76,9.71,6.9,29,26,23,69,5,2,77986,17822,False,0,57,7,0.93,6,8,Medium
CMR2024043,Andre Watson,18,Male,CIVIL,3,B,CMRIT,Prof. Meena,8.69,9.63,5.77,7.51,8.69,5.85,5.43,9.41,7.69,25,25,30,45,2,6,62018,69461,True,3,78,6,0.91,8,3,High
CMR2023365,Kenneth Lewis,21,Male,AIML,4,A,CMRIT,Dr. Ramesh,9.08,7.34,6.57,8.21,9.14,5.82,9.02,8.23,7.93,23,24,21,74,1,1,32367,25397,False,0,97,6,0.32,4,3,High
CMR2023956,Eric Henry Jr.,20,Female,CIVIL,2,C,CMRIT,Dr. Arvind,6.23,9.76,9.94,7.89,7.97,8.81,5.82,5.8,8.46,26,30,22,74,4,6,29710,127716,False,0,62,8,0.33,10,6,High
CMR2023704,Shannon Malone,22,Female,EEE,2,A,CMRIT,Dr. Ramesh,9.01,6.02,5.59,7.43,7.51,6.83,7.79,6.84,7.01,26,26,27,63,5,0,15637,105444,True,3,39,4,0.7,12,7,High
CMR2023710,Anthony Jones,21,Male,CSE,2,A,CMRIT,Prof. Meena,9.35,6.38,6.2,8.88,7.94,5.59,5.91,5.61,7.7,24,20,30,96,4,3,74408,147727,True,1,40,7,0.87,4,6,Low
CMR2023707,Mr. Richard Knight PhD,19,Male,MECH,3,A,CMRIT,Prof. Kavya,8.6,9.81,6.41,7.3,9.79,9.44,8.33,6.82,8.56,23,23,23,71,6,0,73351,58033,True,1,29,4,0.79,5,9,High
CMR2023104,Richard Henson,23,Male,EEE,1,C,CMRIT,Dr. Ramesh,5.01,7.38,5.66,6.13,8.4,5.05,8.48,9.09,6.2,26,22,27,63,4,2,23567,65017,False,0,31,9,0.86,1,6,Medium
CMR2023704,Shannon Malone,22,Female,EEE,2,A,CMRIT,Dr. Ramesh,9.01,6.02,5.59,7.43,7.51,6.83,7.79,6.84,7.01,26,26,27,63,5,0,15637,105444,True,3,39,4,0.7,12,7,High
CMR2023078,Steve Sanchez,18,Female,AIML,4,B,CMRIT,Dr. Ramesh,7.79,8.36,6.54,5.11,6.27,5.02,6.09,5.37,6.32,26,25,21,89,6,5,146862,20795,True,3,24,6,0.59,12,3,Medium
CMR2023310,Dr. Paul Morgan,21,Female,MECH,1,B,CMRIT,Prof. Kavya,7.89,5.64,9.72,5.05,9.05,9.17,6.7,7.1,6.76,30,26,28,80,6,6,83548,90479,True,0,37,5,0.98,5,10,High
CMR2023123,Michelle Harmon,20,Female,ECE,2,A,CMRIT,Dr. Ramesh,6.96,7.75,7.45,5.27,5.02,5.44,9.12,8.13,6.86,27,23,21,70,7,4,11746,59251,True,2,30,7,0.89,4,7,Medium
CMR2024104,Shawn Scott,18,Male,AIML,1,B,CMRIT,Dr. Arvind,8.81,6.95,6.57,5.63,8.82,7.29,8.31,7.36,7.88,24,20,27,79,8,7,75183,12162,True,1,77,6,0.48,10,10,High
CMR2023185,Dr. Hannah Patterson,20,Male,AIML,1,A,CMRIT,Prof. Kavya,7.66,5.95,7.63,6.24,8.13,5.89,8.75,7.08,6.8,21,30,29,72,5,2,98837,125250,False,0,33,5,0.85,8,7,Medium
CMR2024105,Amber Vang,18,Male,AIML,1,C,CMRIT,Prof. Kavya,6.97,9.85,8.07,5.44,9.08,7.02,6.5,5.02,8.41,26,20,23,42,5,7,48995,116837,False,0,64,5,0.96,11,9,High
CMR2023832,Scott Alexander,23,Male,ECE,4,B,CMRIT,Prof. Meena,5.55,8.43,7.09,9.2,7.37,7.18,5.65,6.41,7.11,28,25,20,92,6,2,8860,90344,True,3,42,5,0.49,1,8,Medium
CMR2024110,Mary Nelson,18,Female,AIML,3,B,CMRIT,Prof. Kavya,6.37,7.48,8.61,9.65,5.98,8.73,7.8,6.74,7.8,28,26,25,84,1,3,68858,45221,False,0,69,8,0.62,1,5,Medium
CMR2023094,John Whitehead,23,Male,CSE,2,C,CMRIT,Dr. Arvind,5.83,8.06,7.82,8.23,8.23,9.83,6.66,8.98,7.49,21,20,21,84,8,2,72826,63196,True,3,67,7,0.62,10,10,Medium
CMR2023902,Sherry Tapia,22,Male,CIVIL,3,A,CMRIT,Prof. Kavya,8.94,6.5,6.37,7.4,8.5,5.29,7.95,9.09,7.17,23,27,27,52,0,2,80445,11771,True,1,88,7,0.5,10,4,High
CMR2023244,Shannon Rivera,22,Female,AIML,1,A,CMRIT,Prof. Kavya,6.31,9.78,9.17,7.36,8.27,9.46,7.09,7.46,8.04,30,23,20,76,6,4,36288,77670,False,0,28,8,0.82,9,8,Low
CMR2023925,Brenda Smith,22,Female,CIVIL,3,B,CMRIT,Prof. Kavya,9.54,9.67,5.38,9.65,6.07,7.18,9.25,6.84,7.92,26,24,26,82,6,1,54157,23808,True,0,24,9,0.65,9,2,Low
CMR2023817,Beth Cline,19,Female,ECE,4,A,CMRIT,Dr. Ramesh,7.11,5.13,5.36,7.32,9.44,5.1,6.08,9.99,6.94,26,23,27,93,7,2,15312,94766,True,0,57,8,0.44,2,7,Medium
CMR2023706,Adam Jackson,20,Male,ECE,2,B,CMRIT,Prof. Kavya,9.6,8.69,9.7,7.77,6.6,8.37,5.51,7.57,8.94,28,30,20,82,6,4,144932,134234,True,3,38,9,0.47,4,2,Low
CMR2024151,Robert West,23,Female,CSE,2,A,CMRIT,Prof. Meena,9.69,9.92,8.84,9.34,8.95,8.98,6.98,7.87,9.45,30,29,27,91,7,4,104436,144873,True,3,20,8,0.52,7,2,Low
CMR2023089,Aimee Montoya,20,Female,ECE,1,C,CMRIT,Dr. Arvind,8.92,7.25,6.14,7.77,6.88,5.93,7.93,6.9,8.09,29,24,23,87,6,5,24269,26505,False,0,39,7,0.8,10,3,Low
CMR2023244,Shannon Rivera,22,Female,AIML,1,A,CMRIT,Prof. Kavya,6.31,9.78,9.17,7.36,8.27,9.46,7.09,7.46,8.04,30,23,20,76,6,4,36288,77670,False,0,28,8,0.82,9,8,Low
CMR2024033,Debra Butler,18,Female,ECE,3,B,CMRIT,Dr. Arvind,7.26,9.02,8.46,8.03,6.71,8.59,5.12,9.35,8.01,30,28,29,97,6,5,137398,91633,False,0,70,9,0.48,0,2,Medium
CMR2023922,Megan Green,21,Female,MECH,2,A,CMRIT,Dr. Ramesh,9.97,9.54,5.46,7.0,9.88,7.89,8.55,8.31,7.99,21,20,20,99,1,6,86671,47349,True,1,87,8,0.88,6,7,High
CMR2023539,David Davis,19,Male,AIML,1,A,CMRIT,Dr. Ramesh,6.48,6.04,9.14,8.4,5.34,7.26,5.59,9.72,6.26,30,26,20,98,7,0,83699,94959,False,0,67,5,0.51,9,10,Medium
CMR2023371,Debra White,23,Female,CSE,1,A,CMRIT,Dr. Ramesh,9.59,9.61,8.84,6.0,6.64,6.59,9.98,7.43,9.6,27,21,24,78,6,0,124165,15035,True,3,38,9,0.45,9,1,Low
CMR2023516,William Day,21,Female,CSE,3,C,CMRIT,Prof. Meena,6.68,9.02,9.27,8.92,7.04,6.71,9.71,8.6,7.94,28,23,27,97,1,0,78830,74906,True,3,30,9,0.94,13,9,Low
CMR2023990,Carmen Preston,22,Male,CIVIL,4,A,CMRIT,Prof. Meena,9.21,6.19,7.83,8.34,5.43,9.69,7.39,6.23,7.54,26,29,20,41,5,2,127121,138767,False,0,82,7,0.64,0,1,High
CMR2023220,Courtney Mills,21,Female,MECH,1,A,CMRIT,Dr. Arvind,9.78,7.16,9.59,9.29,6.67,6.34,5.49,8.27,8.47,26,27,30,93,1,0,68385,56098,False,0,43,6,0.68,10,1,Low
CMR2023997,Christina Johnson,20,Female,MECH,1,B,CMRIT,Prof. Kavya,9.65,5.67,7.45,5.55,7.73,7.05,6.68,7.09,7.66,28,21,28,66,3,1,145125,31740,True,3,29,7,0.45,12,6,Medium
CMR2024114,Dennis Mills,18,Male,CIVIL,2,C,CMRIT,Prof. Kavya,7.65,6.51,9.86,9.16,8.12,8.82,8.43,9.45,8.29,28,26,27,71,7,3,38516,56548,True,0,27,6,0.77,8,2,Medium
CMR2023287,Carolyn Miller,21,Male,CIVIL,2,C,CMRIT,Dr. Arvind,9.61,5.59,9.26,5.55,6.85,6.45,7.61,5.59,7.5,24,25,24,96,4,3,82065,132382,True,1,38,8,0.6,14,5,Low
CMR2023089,Aimee Montoya,20,Female,ECE,1,C,CMRIT,Dr. Arvind,8.92,7.25,6.14,7.77,6.88,5.93,7.93,6.9,8.09,29,24,23,87,6,5,24269,26505,False,0,39,7,0.8,10,3,Low
CMR2024122,John Garcia,19,Male,AIML,4,A,CMRIT,Prof. Meena,9.91,8.81,6.45,6.74,5.92,7.36,5.03,8.09,7.29,20,28,24,71,6,3,41104,147808,False,0,52,9,0.35,10,3,Medium
CMR2023684,James Whitaker,19,Female,CIVIL,4,A,CMRIT,Dr. Ramesh,5.68,7.1,6.95,9.67,9.62,8.97,6.87,7.41,7.78,20,25,28,92,1,5,20466,28977,True,2,20,8,0.42,7,2,Low
CMR2023644,Edwin Nunez,21,Male,AIML,3,A,CMRIT,Prof. Meena,9.68,7.75,7.7,6.94,8.81,5.65,9.23,6.3,7.75,21,22,20,75,7,4,41921,131314,True,3,35,6,0.73,7,4,Low
CMR2023269,Patrick Thornton,21,Male,EEE,1,B,CMRIT,Dr. Arvind,9.94,7.8,7.29,5.56,8.6,5.74,6.75,6.02,8.87,24,22,22,55,7,1,138362,76510,True,0,87,8,0.43,14,2,High
CMR2023244,Shannon Rivera,22,Female,AIML,1,A,CMRIT,Prof. Kavya,6.31,9.78,9.17,7.36,8.27,9.46,7.09,7.46,8.04,30,23,20,76,6,4,36288,77670,False,0,28,8,0.82,9,8,Low
CMR2023613,David Molina,21,Male,AIML,3,C,CMRIT,Dr. Arvind,8.13,5.2,5.15,9.8,7.39,6.12,5.03,9.26,6.96,26,29,26,92,5,0,107049,21411,True,0,69,8,0.44,1,4,Medium
CMR2023377,Paula Bradley,20,Male,MECH,3,B,CMRIT,Dr. Arvind,6.54,9.51,9.55,8.37,5.02,9.55,5.16,5.13,8.09,25,28,29,81,6,0,88223,92841,True,3,50,8,0.98,3,10,Low
CMR2023875,Patrick Yang,19,Male,MECH,3,B,CMRIT,Prof. Kavya,6.06,6.48,8.3,8.02,7.63,9.45,5.05,8.36,7.66,25,25,21,60,6,1,91050,75445,False,0,36,7,0.34,14,8,Medium
CMR2024165,Levi Lopez,20,Female,ECE,4,C,CMRIT,Prof. Kavya,9.91,8.98,9.46,9.92,8.25,6.47,5.52,7.38,8.24,28,28,21,93,5,6,99289,115448,False,0,71,9,0.62,8,7,High
CMR2023604,Mrs. Virginia Daniels,19,Male,CSE,1,C,CMRIT,Dr. Ramesh,6.67,7.08,7.75,9.19,7.62,5.07,8.44,6.67,6.88,30,27,24,79,5,2,79356,36378,False,0,20,8,0.78,6,6,Medium
CMR2023663,Samuel Turner,23,Male,CSE,4,B,CMRIT,Prof. Kavya,8.48,6.91,8.47,6.76,5.35,5.39,8.41,5.31,6.88,29,28,28,46,8,4,108516,59300,False,0,60,5,0.59,11,3,High
CMR2023336,Daniel Kane,21,Male,CSE,1,B,CMRIT,Prof. Meena,5.9,5.26,9.9,8.25,7.97,9.85,8.13,7.02,5.58,20,21,23,89,7,6,108978,133090,False,0,96,5,0.76,6,2,High
CMR2023360,Parker Cain,22,Male,AIML,4,C,CMRIT,Dr. Arvind,8.0,8.4,5.75,8.34,6.51,9.09,6.74,5.52,7.29,27,30,25,92,1,1,74573,25019,True,1,38,6,0.4,7,8,Medium
CMR2023807,Robert Gonzales,19,Male,ECE,1,C,CMRIT,Dr. Arvind,9.46,5.78,9.24,8.51,8.47,8.1,9.33,7.89,7.62,24,28,24,78,1,0,136960,22290,True,0,21,6,0.94,11,7,Low
CMR2023462,Riley Bryant,21,Female,EEE,1,A,CMRIT,Prof. Kavya,9.24,8.79,7.9,8.96,8.61,6.83,8.28,5.71,9.02,23,27,23,88,4,5,74339,30460,False,0,29,7,0.93,7,4,Low
CMR2023124,Helen Jones,18,Female,AIML,3,B,CMRIT,Dr. Arvind,5.93,5.22,7.2,6.32,9.19,7.82,5.76,8.48,6.95,21,21,30,92,8,6,95122,146937,False,0,95,5,0.69,13,7,High
CMR2023249,Kimberly Gutierrez,19,Male,MECH,1,A,CMRIT,Dr. Ramesh,7.64,8.58,9.82,5.86,8.77,5.02,8.63,9.62,8.11,28,27,25,66,1,5,53529,120255,True,1,65,7,0.6,8,4,Medium
CMR2023047,Shane Henderson,19,Male,ECE,4,A,CMRIT,Dr. Arvind,8.39,7.97,7.63,6.54,6.1,9.92,5.27,6.02,7.23,23,22,24,74,3,8,80876,91015,True,0,83,9,0.6,2,7,High
CMR2023414,Erica Alvarez,21,Female,MECH,4,B,CMRIT,Dr. Arvind,5.81,6.91,8.73,9.62,5.66,5.08,9.0,9.75,7.57,21,23,28,90,0,1,82548,93482,False,0,24,8,0.49,4,5,Low
CMR2023089,Aimee Montoya,20,Female,ECE,1,C,CMRIT,Dr. Arvind,8.92,7.25,6.14,7.77,6.88,5.93,7.93,6.9,8.09,29,24,23,87,6,5,24269,26505,False,0,39,7,0.8,10,3,Low
CMR2023410,Angela Lin,19,Male,EEE,1,C,CMRIT,Dr. Arvind,6.76,6.72,9.59,6.19,5.46,5.05,7.07,8.76,6.74,28,29,20,60,5,3,8905,70515,True,0,27,5,0.61,4,1,Medium
CMR2023467,William Jones,18,Male,ECE,1,A,CMRIT,Prof. Meena,5.58,5.42,5.99,7.71,6.07,7.44,7.85,7.91,5.5,21,27,30,61,8,7,56065,124604,True,2,72,8,0.49,10,3,High
CMR2023089,Aimee Montoya,20,Female,ECE,1,C,CMRIT,Dr. Arvind,8.92,7.25,6.14,7.77,6.88,5.93,7.93,6.9,8.09,29,24,23,87,6,5,24269,26505,False,0,39,7,0.8,10,3,Low
CMR2023170,Jamie Walton,19,Female,EEE,2,C,CMRIT,Prof. Kavya,5.27,9.0,7.39,7.7,7.51,6.97,8.43,5.87,7.34,21,28,27,95,4,2,87746,7206,True,1,68,8,0.37,5,10,Medium
CMR2023371,Debra White,23,Female,CSE,1,A,CMRIT,Dr. Ramesh,9.59,9.61,8.84,6.0,6.64,6.59,9.98,7.43,9.6,27,21,24,78,6,0,124165,15035,True,3,38,9,0.45,9,1,Low
CMR2023358,Christian Leblanc,20,Male,CIVIL,1,A,CMRIT,Dr. Ramesh,7.71,9.09,9.26,5.42,5.7,8.8,9.46,9.08,8.4,24,25,27,46,8,4,45504,68913,True,2,100,8,0.39,13,1,High
CMR2023177,Michael Wang,18,Female,ECE,2,A,CMRIT,Dr. Arvind,5.94,9.41,7.19,6.25,8.57,8.23,9.14,6.1,7.2,21,26,30,66,3,1,67799,140426,False,0,56,9,0.82,12,5,Medium
CMR2024159,Kara Sandoval,18,Female,AIML,1,B,CMRIT,Dr. Ramesh,5.66,5.65,8.18,6.5,6.24,6.07,7.2,8.38,5.66,30,27,21,52,1,1,145743,113489,True,2,58,7,0.91,5,7,High
CMR2023786,Lisa Cervantes,19,Female,MECH,4,C,CMRIT,Dr. Arvind,8.66,9.01,9.42,6.28,7.78,8.96,9.54,7.57,8.4,26,22,23,41,8,3,126532,104449,True,0,84,8,0.49,7,5,High
CMR2023991,Brian Harris,18,Female,CIVIL,1,A,CMRIT,Prof. Meena,9.57,7.28,7.17,6.34,6.83,8.97,8.97,8.36,8.43,29,25,21,96,1,4,52265,61804,False,0,20,8,0.56,12,2,Low
CMR2024100,Travis Hull,19,Male,EEE,3,B,CMRIT,Prof. Meena,8.17,5.17,7.78,9.0,7.08,6.63,7.37,8.06,7.3,28,24,24,74,8,6,84411,45709,True,1,40,6,0.79,2,5,High
CMR2023532,Donna Frye,20,Male,AIML,2,B,CMRIT,Prof. Kavya,7.5,8.6,8.6,7.29,6.95,8.77,9.6,7.4,8.0,29,24,30,99,0,4,70147,25361,True,0,23,8,0.34,0,5,Low
CMR2023235,Kathryn Snyder,18,Female,EEE,3,C,CMRIT,Prof. Kavya,8.94,5.4,9.4,8.68,5.27,9.73,8.37,9.44,7.9,21,26,25,75,3,2,126989,15714,False,0,66,5,0.75,11,2,Medium
CMR2023485,Jonathan Glass MD,20,Male,CIVIL,2,B,CMRIT,Prof. Kavya,5.5,5.83,8.17,8.09,9.22,8.76,5.76,9.71,6.9,29,26,23,69,5,2,77986,17822,False,0,57,7,0.93,6,8,Medium
CMR2023776,Tina Hall,18,Female,MECH,1,B,CMRIT,Prof. Meena,7.01,8.48,9.3,8.3,8.03,9.83,9.6,7.85,7.75,22,28,28,94,3,5,77933,138469,False,0,54,6,0.83,5,2,Medium
CMR2024161,Glenn Gallegos,19,Male,ECE,2,A,CMRIT,Prof. Kavya,9.57,7.62,7.7,7.16,5.21,9.63,9.17,8.07,8.01,26,29,29,49,0,3,142880,86307,True,1,88,6,0.61,0,6,High
CMR2023031,James Ferrell,22,Female,MECH,4,C,CMRIT,Prof. Meena,8.8,6.02,7.75,9.64,7.19,8.49,5.61,9.87,7.92,29,23,22,69,1,2,86461,149399,True,3,31,5,0.99,14,2,Medium
CMR2023151,Pamela Boyd,23,Female,CSE,3,C,CMRIT,Prof. Meena,7.43,6.48,8.26,6.6,5.41,5.48,9.86,8.87,6.61,28,20,30,81,1,2,22163,60255,True,3,33,5,0.68,11,7,Medium
CMR2023295,John Young,18,Male,MECH,1,C,CMRIT,Prof. Meena,8.36,6.76,9.06,9.14,6.79,5.89,8.84,8.49,7.56,20,21,27,83,5,3,102119,55591,False,0,21,5,0.82,12,5,Low
CMR2023377,Paula Bradley,20,Male,MECH,3,B,CMRIT,Dr. Arvind,6.54,9.51,9.55,8.37,5.02,9.55,5.16,5.13,8.09,25,28,29,81,6,0,88223,92841,True,3,50,8,0.98,3,10,Low
CMR2023677,Joseph Howard,20,Female,EEE,3,C,CMRIT,Dr. Ramesh,5.17,5.99,8.87,5.08,9.18,7.02,5.91,6.85,6.89,24,25,29,67,4,1,104402,119697,True,2,22,9,0.33,6,7,Medium
CMR2023474,Robin Thompson,18,Female,CSE,3,C,CMRIT,Prof. Meena,6.41,6.67,5.34,5.38,5.46,7.79,5.56,5.79,6.17,28,21,29,81,5,1,127800,55040,True,3,55,7,0.62,14,3,Medium
CMR2023828,Derrick Clayton,23,Female,EEE,3,A,CMRIT,Dr. Arvind,8.18,8.93,6.8,7.64,5.96,8.69,5.86,8.87,7.7,26,27,22,63,4,3,111045,50062,True,2,70,7,0.39,9,3,Medium
CMR2023018,Lisa Jackson,21,Female,AIML,4,B,CMRIT,Dr. Arvind,8.76,9.2,6.39,8.89,7.42,6.2,7.2,8.57,7.83,23,24,25,44,6,6,88809,146597,True,1,39,5,0.57,2,4,High
CMR2023644,Edwin Nunez,21,Male,AIML,3,A,CMRIT,Prof. Meena,9.68,7.75,7.7,6.94,8.81,5.65,9.23,6.3,7.75,21,22,20,75,7,4,41921,131314,True,3,35,6,0.73,7,4,Low
CMR2024042,Kathy Reid,23,Male,ECE,4,B,CMRIT,Prof. Meena,5.52,6.73,6.31,7.08,5.08,6.23,5.77,6.96,6.21,29,26,27,65,4,1,75077,110617,True,3,37,4,0.74,11,4,High
CMR2024025,Amanda Hill,19,Male,AIML,3,A,CMRIT,Prof. Kavya,5.04,6.78,6.87,6.34,9.72,7.09,6.59,9.07,6.97,25,23,29,60,5,0,143209,146024,False,0,41,9,0.38,8,10,Medium
CMR2023266,Kimberly Gibson,20,Male,EEE,2,B,CMRIT,Prof. Kavya,5.14,9.88,6.18,7.25,6.24,7.91,8.24,5.43,7.11,27,22,25,75,0,0,109216,60631,False,0,74,9,0.72,1,2,Medium
CMR2023710,Anthony Jones,21,Male,CSE,2,A,CMRIT,Prof. Meena,9.35,6.38,6.2,8.88,7.94,5.59,5.91,5.61,7.7,24,20,30,96,4,3,74408,147727,True,1,40,7,0.87,4,6,Low
CMR2023042,Sherry Decker,22,Female,CSE,2,B,CMRIT,Dr. Ramesh,5.63,7.1,5.57,5.32,7.24,6.81,7.97,7.26,5.91,23,29,20,67,1,7,141695,84070,False,0,23,4,1.0,13,7,High
CMR2023618,Emily Wilson,18,Male,EEE,2,C,CMRIT,Dr. Arvind,9.16,6.99,7.67,9.64,9.53,8.7,7.5,7.57,8.37,22,21,20,56,8,6,47330,29187,False,0,95,8,0.88,1,4,High
CMR2023500,Jennifer Banks,20,Male,ECE,2,C,CMRIT,Prof. Kavya,9.5,7.49,8.02,9.99,9.6,9.69,9.64,7.74,8.75,26,27,21,90,6,0,22160,93694,True,2,38,5,0.97,7,4,Low
CMR2023500,Jennifer Banks,20,Male,ECE,2,C,CMRIT,Prof. Kavya,9.5,7.49,8.02,9.99,9.6,9.69,9.64,7.74,8.75,26,27,21,90,6,0,22160,93694,True,2,38,5,0.97,7,4,Low
CMR2023089,Aimee Montoya,20,Female,ECE,1,C,CMRIT,Dr. Arvind,8.92,7.25,6.14,7.77,6.88,5.93,7.93,6.9,8.09,29,24,23,87,6,5,24269,26505,False,0,39,7,0.8,10,3,Low
CMR2023644,Edwin Nunez,21,Male,AIML,3,A,CMRIT,Prof. Meena,9.68,7.75,7.7,6.94,8.81,5.65,9.23,6.3,7.75,21,22,20,75,7,4,41921,131314,True,3,35,6,0.73,7,4,Low
CMR2023310,Dr. Paul Morgan,21,Female,MECH,1,B,CMRIT,Prof. Kavya,7.89,5.64,9.72,5.05,9.05,9.17,6.7,7.1,6.76,30,26,28,80,6,6,83548,90479,True,0,37,5,0.98,5,10,High
CMR2024128,Anna Briggs,22,Female,AIML,4,B,CMRIT,Prof. Kavya,7.01,6.11,9.92,6.38,7.94,9.85,5.1,9.54,7.73,25,28,28,78,3,5,6833,128440,True,3,28,6,0.88,2,3,Low
CMR2023925,Brenda Smith,22,Female,CIVIL,3,B,CMRIT,Prof. Kavya,9.54,9.67,5.38,9.65,6.07,7.18,9.25,6.84,7.92,26,24,26,82,6,1,54157,23808,True,0,24,9,0.65,9,2,Low
CMR2024099,Steven Howard,19,Male,ECE,1,B,CMRIT,Prof. Meena,8.72,7.26,9.24,9.77,5.92,5.39,6.84,7.82,7.99,20,24,21,91,1,2,140419,48516,True,2,28,7,0.58,0,9,Low
CMR2024097,Nicholas Carlson,22,Female,EEE,4,A,CMRIT,Prof. Meena,5.68,6.89,6.96,5.07,8.99,8.86,6.24,6.1,6.85,30,20,20,99,3,0,12840,25832,False,0,48,6,0.41,4,10,Medium
CMR2023814,Scott Duke,22,Male,EEE,2,C,CMRIT,Prof. Meena,8.71,9.78,6.64,9.27,7.15,6.29,5.04,5.96,8.6,30,25,26,62,4,2,123025,20144,False,0,84,8,0.92,7,6,High
CMR2023337,Charles Lester,20,Female,ECE,1,A,CMRIT,Dr. Ramesh,5.41,7.45,8.34,7.55,5.12,7.86,7.86,6.37,6.43,21,29,22,85,8,2,105652,131927,False,0,58,8,0.39,5,2,Medium
CMR2023820,Debra Perry,23,Female,ECE,2,C,CMRIT,Prof. Meena,6.32,8.74,7.93,5.12,8.61,7.53,7.73,6.51,7.03,20,26,27,76,2,0,100259,113208,True,1,25,8,0.31,11,2,Medium
CMR2023682,Dean Donovan,19,Male,MECH,4,B,CMRIT,Dr. Ramesh,7.25,9.06,9.41,9.57,6.32,8.66,6.33,5.66,7.78,28,25,30,40,2,2,81978,102739,False,0,25,6,0.6,8,3,High
CMR2023287,Carolyn Miller,21,Male,CIVIL,2,C,CMRIT,Dr. Arvind,9.61,5.59,9.26,5.55,6.85,6.45,7.61,5.59,7.5,24,25,24,96,4,3,82065,132382,True,1,38,8,0.6,14,5,Low
CMR2023632,Robert Cummings,19,Female,MECH,2,C,CMRIT,Dr. Ramesh,6.42,6.42,7.6,8.08,6.93,8.1,8.58,5.72,7.13,23,26,27,87,2,5,120622,81721,False,0,39,9,0.3,5,9,Medium
CMR2024006,Kristen Randall,21,Female,AIML,1,A,CMRIT,Prof. Meena,5.19,6.56,8.18,6.5,6.62,5.47,8.17,5.28,5.88,22,26,21,77,2,0,23507,12120,True,2,69,6,0.73,2,10,High
CMR2023572,Reginald Knapp,23,Male,EEE,3,C,CMRIT,Prof. Meena,5.22,6.66,7.04,8.14,8.96,7.37,9.39,9.65,7.23,29,29,23,92,3,4,87622,63431,False,0,53,6,0.92,13,1,Medium
CMR2023601,Jennifer Simpson DVM,19,Male,CIVIL,1,B,CMRIT,Prof. Meena,6.54,8.96,9.32,7.56,9.8,7.65,9.58,5.11,7.75,23,21,25,93,0,5,68292,136326,True,2,62,9,0.98,7,10,Medium
CMR2023530,Marilyn Wang,18,Female,CIVIL,1,C,CMRIT,Dr. Arvind,7.55,9.15,6.99,5.76,5.04,8.14,8.11,6.33,8.35,25,28,26,47,4,7,46907,57844,False,0,62,5,0.53,4,7,High
CMR2023527,Michelle Jacobs,22,Male,ECE,1,A,CMRIT,Dr. Ramesh,9.34,7.76,6.84,6.58,8.6,7.75,8.14,8.23,8.55,26,22,25,86,2,7,14052,79162,False,0,92,8,0.33,8,1,High
CMR2023395,Dana Chapman,20,Male,CIVIL,1,A,CMRIT,Prof. Meena,8.19,9.83,9.39,8.39,9.5,7.25,9.79,7.63,9.01,24,30,25,84,5,1,91820,107505,False,0,55,6,0.43,9,9,Medium
CMR2023293,Margaret Coleman,22,Female,CIVIL,2,A,CMRIT,Dr. Ramesh,9.67,7.41,7.99,9.2,6.9,6.76,8.16,7.93,8.57,28,24,20,86,8,4,47314,145008,True,2,31,7,0.79,13,3,Low
CMR2023016,Holly Wood,21,Female,EEE,2,C,CMRIT,Prof. Meena,8.97,9.8,8.68,8.29,6.42,8.32,8.1,5.47,8.94,23,30,24,69,6,3,63888,57200,True,0,25,5,0.99,9,2,Medium
CMR2024143,Matthew Wright,21,Male,MECH,2,A,CMRIT,Prof. Meena,5.97,5.79,8.3,9.15,8.74,5.13,5.4,9.98,7.3,26,29,28,60,2,4,18897,81319,False,0,73,9,0.59,8,10,Medium
CMR2023467,William Jones,18,Male,ECE,1,A,CMRIT,Prof. Meena,5.58,5.42,5.99,7.71,6.07,7.44,7.85,7.91,5.5,21,27,30,61,8,7,56065,124604,True,2,72,8,0.49,10,3,High
CMR2023372,Ellen Morgan,20,Female,EEE,2,A,CMRIT,Prof. Kavya,9.34,9.76,8.42,6.35,8.18,5.42,5.35,7.03,8.47,24,27,26,61,4,2,142567,61126,False,0,43,4,0.36,14,7,High
CMR2023768,Jason Nixon,19,Male,MECH,1,A,CMRIT,Prof. Kavya,5.36,8.73,7.31,7.69,8.3,8.31,8.16,5.37,7.04,22,24,28,73,4,4,146675,54160,False,0,30,7,0.31,5,10,Medium
CMR2024060,Arthur Mcneil,23,Male,AIML,3,A,CMRIT,Dr. Arvind,9.07,9.99,8.53,7.98,8.41,5.62,5.35,9.32,8.27,28,29,21,61,3,1,54238,109098,True,3,79,4,0.62,2,2,High
CMR2024077,David Carter,18,Female,CSE,1,C,CMRIT,Prof. Meena,7.48,9.91,9.88,8.35,5.14,5.65,5.37,5.65,8.7,21,28,22,93,0,4,149102,97492,True,1,49,9,0.4,9,8,Low
CMR2024013,Dr. Rhonda Martinez,18,Female,ECE,1,C,CMRIT,Dr. Arvind,8.91,7.04,8.54,8.95,6.15,6.72,5.23,9.12,7.97,24,22,28,47,4,0,118936,23900,False,0,88,8,0.42,5,8,High
CMR2023176,Michael Elliott,23,Male,MECH,4,C,CMRIT,Prof. Meena,7.62,8.2,6.55,6.74,7.7,9.02,7.21,6.83,7.48,24,22,24,100,7,4,7767,5024,True,2,56,7,0.67,11,8,Medium
CMR2023767,Haley Johnson,22,Male,CIVIL,3,A,CMRIT,Dr. Ramesh,8.52,7.7,7.05,7.61,9.52,5.85,6.47,6.38,7.71,28,28,24,61,5,8,125015,102179,False,0,41,8,0.94,5,8,High
CMR2023653,Amy Gordon,18,Male,EEE,1,C,CMRIT,Prof. Meena,9.1,7.7,5.86,5.45,5.27,5.79,8.33,5.14,8.4,30,30,24,72,8,7,29924,148064,True,1,67,9,0.79,9,10,High
CMR2023528,Kristy Bryan,18,Male,AIML,2,A,CMRIT,Prof. Kavya,9.7,6.18,8.77,9.86,6.69,7.06,8.75,7.46,8.63,28,20,28,54,3,0,114144,108806,True,0,46,7,0.41,12,5,High
CMR2023328,Jeremy Sampson,18,Male,MECH,1,B,CMRIT,Dr. Arvind,9.66,7.37,6.69,7.15,6.85,9.45,10.0,9.08,8.52,25,30,26,86,2,0,104204,20005,False,0,62,4,0.3,13,7,High
CMR2024151,Robert West,23,Female,CSE,2,A,CMRIT,Prof. Meena,9.69,9.92,8.84,9.34,8.95,8.98,6.98,7.87,9.45,30,29,27,91,7,4,104436,144873,True,3,20,8,0.52,7,2,Low
CMR2023981,Stacey Snyder,23,Male,CIVIL,4,C,CMRIT,Dr. Ramesh,9.62,7.09,7.37,7.72,5.54,7.28,6.24,6.25,7.14,21,22,21,88,6,4,88220,129682,False,0,74,9,0.81,13,3,Medium
CMR2023213,Katherine Salas,21,Male,CSE,2,A,CMRIT,Dr. Ramesh,8.79,8.3,7.26,6.46,8.08,7.24,6.03,9.39,7.7,24,29,30,94,2,4,84835,118961,False,0,31,8,0.31,8,7,Low
CMR2023654,Robert Dennis,19,Male,CSE,4,A,CMRIT,Dr. Arvind,9.64,7.54,9.08,9.26,9.85,9.64,9.47,6.52,8.88,22,22,21,51,0,0,123303,98336,True,3,84,6,0.61,0,9,High
CMR2023259,Mrs. Kristen Reyes,20,Male,CIVIL,2,B,CMRIT,Dr. Arvind,9.12,8.23,6.28,8.01,7.03,5.57,5.96,6.23,7.91,24,27,27,82,8,2,119329,115629,True,1,40,6,0.4,4,5,Low
CMR2023516,William Day,21,Female,CSE,3,C,CMRIT,Prof. Meena,6.68,9.02,9.27,8.92,7.04,6.71,9.71,8.6,7.94,28,23,27,97,1,0,78830,74906,True,3,30,9,0.94,13,9,Low
CMR2023155,Michelle Brown,19,Male,CSE,3,C,CMRIT,Dr. Ramesh,9.5,6.59,7.25,8.08,6.53,7.92,7.83,6.82,7.64,25,26,22,96,7,7,6266,87107,True,1,75,6,0.89,2,6,High
CMR2023387,James Padilla,19,Female,MECH,1,C,CMRIT,Dr. Ramesh,6.3,8.92,5.55,9.74,5.38,6.65,8.06,9.06,7.61,24,22,22,80,7,1,125768,36431,True,2,38,8,0.92,14,7,Low
CMR2024109,Lorraine Turner,20,Male,AIML,1,B,CMRIT,Dr. Ramesh,9.09,8.63,6.8,9.53,9.38,8.79,6.56,8.47,8.86,29,29,22,70,7,3,105853,110963,False,0,47,9,0.57,1,10,Medium
CMR2023986,Angela Jackson,20,Male,EEE,2,A,CMRIT,Dr. Ramesh,9.21,5.71,8.07,8.72,8.66,7.45,9.1,5.78,7.93,21,29,28,47,0,5,69536,109089,True,2,76,5,0.78,6,8,High
CMR2023748,Jenna Wilson,21,Female,AIML,4,C,CMRIT,Dr. Arvind,7.88,7.63,8.26,7.57,6.0,8.68,5.1,6.1,7.15,26,26,26,74,5,3,10488,49064,True,0,20,6,0.96,11,3,Medium
CMR2023229,Lori Guerrero,19,Female,MECH,4,B,CMRIT,Prof. Kavya,9.69,8.05,5.19,5.9,7.5,9.75,8.14,8.91,7.89,25,26,20,54,7,3,66771,55306,True,0,99,6,0.9,8,9,High
CMR2023865,Antonio Mccormick,23,Male,CIVIL,2,A,CMRIT,Prof. Meena,8.75,6.45,8.73,9.11,7.86,8.65,7.88,7.11,8.26,27,26,26,63,3,0,39673,111809,True,1,61,9,0.83,6,1,Medium
CMR2023943,Kathryn Price,21,Male,EEE,1,C,CMRIT,Dr. Ramesh,5.78,6.23,8.38,6.95,8.13,8.4,7.21,6.93,6.01,27,30,26,62,2,1,58607,92896,True,1,39,5,0.78,1,9,Medium
CMR2023607,David Lopez,21,Female,MECH,1,A,CMRIT,Prof. Meena,5.77,7.28,6.6,8.73,5.5,5.88,6.09,9.49,6.53,25,20,26,67,8,2,138451,149255,True,3,93,4,0.64,13,8,High
CMR2023247,Frank Cordova,23,Male,EEE,4,A,CMRIT,Dr. Ramesh,9.09,9.62,7.4,6.56,6.81,9.09,9.45,7.99,8.25,25,22,24,48,1,6,12539,36089,True,1,38,9,0.46,2,4,High
CMR2023645,Kim Morrow,18,Male,MECH,1,B,CMRIT,Dr. Ramesh,7.16,9.31,5.11,6.14,5.63,6.41,8.25,9.51,8.23,25,25,24,63,6,7,46575,6986,True,2,24,5,0.34,0,10,High
CMR2023997,Christina Johnson,20,Female,MECH,1,B,CMRIT,Prof. Kavya,9.65,5.67,7.45,5.55,7.73,7.05,6.68,7.09,7.66,28,21,28,66,3,1,145125,31740,True,3,29,7,0.45,12,6,Medium
CMR2023807,Robert Gonzales,19,Male,ECE,1,C,CMRIT,Dr. Arvind,9.46,5.78,9.24,8.51,8.47,8.1,9.33,7.89,7.62,24,28,24,78,1,0,136960,22290,True,0,21,6,0.94,11,7,Low
CMR2024052,Lindsay Smith,23,Male,ECE,2,B,CMRIT,Prof. Meena,10.0,6.84,8.37,6.78,7.64,7.04,7.45,7.27,8.0,22,28,28,79,0,1,61203,75802,True,1,49,6,0.87,12,4,Low
CMR2023940,Lydia Pham,18,Male,CIVIL,2,A,CMRIT,Dr. Arvind,8.09,7.45,7.44,8.02,5.01,8.23,5.92,7.91,7.75,25,26,21,44,8,5,103771,43331,True,2,68,9,0.8,4,8,High
CMR2023961,Sylvia Schroeder,23,Male,AIML,1,C,CMRIT,Dr. Ramesh,8.8,6.22,8.12,5.07,5.11,8.47,7.39,6.22,7.51,20,21,25,65,2,6,134195,34960,True,2,24,9,0.79,0,2,High
CMR2023089,Aimee Montoya,20,Female,ECE,1,C,CMRIT,Dr. Arvind,8.92,7.25,6.14,7.77,6.88,5.93,7.93,6.9,8.09,29,24,23,87,6,5,24269,26505,False,0,39,7,0.8,10,3,Low
CMR2024121,David Hinton,18,Male,AIML,3,C,CMRIT,Dr. Arvind,8.65,5.8,6.04,8.98,7.72,6.81,9.78,5.16,7.33,28,22,29,83,8,8,48549,71255,True,3,48,5,0.86,0,8,High
CMR2023593,Randy Smith,22,Male,CIVIL,1,A,CMRIT,Prof. Meena,6.48,8.86,7.32,5.46,7.91,8.98,5.63,5.27,7.67,28,21,28,55,0,8,130651,108443,True,0,86,5,0.68,3,3,High
CMR2023548,Jessica Khan,21,Female,CSE,4,B,CMRIT,Dr. Ramesh,6.26,6.34,6.36,6.44,7.57,6.57,9.53,9.54,7.33,29,23,25,67,3,2,85307,55291,False,0,86,9,0.59,4,10,High
CMR2023192,Debra Christian,19,Female,MECH,4,C,CMRIT,Prof. Kavya,8.48,8.34,6.88,9.53,7.63,6.28,5.3,6.0,7.3,29,24,20,95,1,0,126886,7184,True,3,54,9,0.9,10,6,Medium
CMR2023376,Glen Wood,23,Male,MECH,4,A,CMRIT,Prof. Meena,8.75,8.12,7.72,8.17,7.52,9.03,8.34,9.26,8.36,23,23,27,66,6,0,149595,104897,True,1,80,4,0.55,12,8,High
CMR2023672,Felicia Krueger,22,Male,CIVIL,4,B,CMRIT,Prof. Meena,7.53,7.57,5.33,7.12,9.94,6.39,6.27,8.35,7.31,25,24,24,85,8,1,117065,19021,True,2,28,7,0.72,3,8,Medium
CMR2023958,Thomas Harris,18,Male,CSE,4,A,CMRIT,Dr. Ramesh,7.68,7.82,7.36,9.43,9.21,8.19,8.83,6.12,8.08,22,27,27,81,8,6,127982,124506,True,0,84,6,0.4,2,8,High
CMR2023863,Tiffany Townsend,21,Female,CSE,4,A,CMRIT,Prof. Kavya,5.21,8.4,5.59,8.5,5.46,9.2,9.11,8.15,7.45,24,23,21,75,5,8,29084,57348,True,3,68,4,0.37,8,5,High
CMR2023802,Reginald Morrow,22,Male,CSE,1,B,CMRIT,Dr. Ramesh,9.69,6.05,9.59,7.37,5.58,5.53,8.45,8.74,7.87,29,27,30,86,8,4,113774,16950,True,3,39,6,0.78,9,1,Low
CMR2023295,John Young,18,Male,MECH,1,C,CMRIT,Prof. Meena,8.36,6.76,9.06,9.14,6.79,5.89,8.84,8.49,7.56,20,21,27,83,5,3,102119,55591,False,0,21,5,0.82,12,5,Low
CMR2023474,Robin Thompson,18,Female,CSE,3,C,CMRIT,Prof. Meena,6.41,6.67,5.34,5.38,5.46,7.79,5.56,5.79,6.17,28,21,29,81,5,1,127800,55040,True,3,55,7,0.62,14,3,Medium
CMR2024089,Lucas Schultz,22,Female,CSE,3,C,CMRIT,Prof. Meena,9.29,6.57,7.48,5.61,9.66,7.16,6.15,9.79,7.63,30,30,22,82,8,5,77788,112368,True,0,75,4,0.82,2,2,High
CMR2023639,Janet Kane DVM,22,Female,ECE,2,C,CMRIT,Dr. Arvind,8.34,6.79,6.18,7.67,9.62,8.99,9.61,8.95,7.25,20,23,20,47,7,1,77910,84194,True,3,30,8,0.9,9,6,High
CMR2023002,Angie Henderson,21,Female,EEE,3,A,CMRIT,Dr. Arvind,6.78,8.35,8.51,8.42,5.36,8.17,7.67,6.22,7.6,27,26,24,98,5,3,62570,90008,True,1,24,6,0.58,1,4,Low
CMR2023518,Penny Bowman,18,Female,CIVIL,2,A,CMRIT,Dr. Ramesh,8.58,6.93,8.13,5.96,9.09,8.54,7.48,8.53,7.4,27,24,30,96,8,3,21060,121003,True,0,30,5,0.98,4,3,Medium
CMR2023279,Nathan Malone,20,Male,AIML,1,A,CMRIT,Dr. Arvind,9.4,6.79,5.79,9.14,9.47,5.16,5.32,7.15,8.1,29,23,21,57,2,8,63745,132497,False,0,63,6,0.84,12,9,High
CMR2023644,Edwin Nunez,21,Male,AIML,3,A,CMRIT,Prof. Meena,9.68,7.75,7.7,6.94,8.81,5.65,9.23,6.3,7.75,21,22,20,75,7,4,41921,131314,True,3,35,6,0.73,7,4,Low
CMR2023387,James Padilla,19,Female,MECH,1,C,CMRIT,Dr. Ramesh,6.3,8.92,5.55,9.74,5.38,6.65,8.06,9.06,7.61,24,22,22,80,7,1,125768,36431,True,2,38,8,0.92,14,7,Low
CMR2024159,Kara Sandoval,18,Female,AIML,1,B,CMRIT,Dr. Ramesh,5.66,5.65,8.18,6.5,6.24,6.07,7.2,8.38,5.66,30,27,21,52,1,1,145743,113489,True,2,58,7,0.91,5,7,High
CMR2023312,Shannon Ramsey,20,Male,AIML,3,B,CMRIT,Prof. Meena,5.79,5.55,7.68,7.39,5.34,9.78,9.33,5.65,6.92,23,24,26,57,3,0,129460,46623,False,0,95,5,0.65,10,8,High
CMR2023162,Lindsey Walker,21,Male,MECH,1,C,CMRIT,Prof. Meena,7.61,6.85,5.22,7.65,6.15,9.01,8.95,6.91,7.23,29,29,21,78,8,6,116539,40096,False,0,81,5,0.94,1,5,High
CMR2023895,Ryan Murphy,21,Female,CIVIL,1,A,CMRIT,Dr. Ramesh,7.27,5.66,7.41,5.73,7.77,6.94,8.03,6.15,6.46,24,28,30,71,5,7,119467,84636,False,0,25,5,0.8,0,7,High
CMR2023727,Nancy Stewart,19,Female,ECE,1,A,CMRIT,Prof. Kavya,7.31,8.37,7.13,6.17,5.39,6.57,6.45,7.62,7.84,28,29,25,88,4,4,108146,96404,False,0,72,9,0.6,4,6,Medium
CMR2023552,Diana Hays,22,Female,AIML,2,A,CMRIT,Dr. Arvind,8.81,5.86,9.83,6.92,7.71,5.09,5.8,7.86,7.86,29,24,27,98,3,4,37653,30082,True,3,48,5,0.62,2,3,Low
CMR2023432,Travis Tucker,20,Female,ECE,2,B,CMRIT,Dr. Ramesh,9.97,8.64,9.76,8.81,8.57,7.26,7.89,5.12,9.29,23,27,25,75,2,3,129991,33560,False,0,62,5,0.87,1,2,Medium
CMR2024089,Lucas Schultz,22,Female,CSE,3,C,CMRIT,Prof. Meena,9.29,6.57,7.48,5.61,9.66,7.16,6.15,9.79,7.63,30,30,22,82,8,5,77788,112368,True,0,75,4,0.82,2,2,High
CMR2024008,Karen Keith,18,Female,EEE,2,C,CMRIT,Prof. Kavya,6.35,5.96,9.03,8.37,7.69,6.15,6.19,6.04,7.43,25,21,28,91,4,2,104942,119341,False,0,24,8,0.6,12,6,Medium
CMR2023953,Alyssa Haynes,18,Female,CSE,3,A,CMRIT,Dr. Ramesh,6.74,6.92,7.54,5.38,6.07,6.65,7.61,8.27,6.55,24,28,30,42,0,1,61948,130124,False,0,78,6,0.55,0,4,High
CMR2023925,Brenda Smith,22,Female,CIVIL,3,B,CMRIT,Prof. Kavya,9.54,9.67,5.38,9.65,6.07,7.18,9.25,6.84,7.92,26,24,26,82,6,1,54157,23808,True,0,24,9,0.65,9,2,Low
CMR2023706,Adam Jackson,20,Male,ECE,2,B,CMRIT,Prof. Kavya,9.6,8.69,9.7,7.77,6.6,8.37,5.51,7.57,8.94,28,30,20,82,6,4,144932,134234,True,3,38,9,0.47,4,2,Low
CMR2024111,Breanna Rivas,20,Male,CSE,4,C,CMRIT,Prof. Meena,7.2,5.17,5.03,6.82,8.21,7.39,6.14,6.6,6.57,29,22,21,79,3,5,36833,106864,True,2,23,7,0.79,9,9,Medium
CMR2023668,Nathaniel Lee,22,Female,EEE,1,B,CMRIT,Prof. Meena,5.67,8.59,8.96,9.26,8.19,7.12,5.74,5.55,7.13,22,20,23,86,6,8,143611,70858,True,3,63,5,0.6,11,10,High
CMR2023151,Pamela Boyd,23,Female,CSE,3,C,CMRIT,Prof. Meena,7.43,6.48,8.26,6.6,5.41,5.48,9.86,8.87,6.61,28,20,30,81,1,2,22163,60255,True,3,33,5,0.68,11,7,Medium
CMR2023783,Dennis Huffman,23,Female,CSE,4,B,CMRIT,Prof. Kavya,5.93,5.12,9.12,6.58,9.61,8.87,8.72,8.96,7.86,27,21,29,43,2,3,48826,148434,True,3,20,7,0.48,3,7,High
CMR2023204,Erin Warner,23,Female,AIML,1,A,CMRIT,Dr. Ramesh,7.32,8.98,8.69,6.04,8.08,7.07,5.23,6.75,8.15,30,23,20,89,0,1,57740,78826,False,0,28,6,0.51,8,6,Low
CMR2023273,Shelly Alexander,20,Female,EEE,1,B,CMRIT,Dr. Arvind,5.74,5.64,9.51,9.21,7.62,6.48,5.24,5.38,5.69,20,28,21,62,4,1,138864,116388,False,0,32,7,0.76,9,5,High
CMR2023679,William Harrison,22,Male,EEE,4,A,CMRIT,Prof. Meena,8.03,8.92,7.64,7.7,7.79,7.6,8.18,5.59,7.68,28,30,30,63,7,1,132217,24044,False,0,23,6,0.86,6,3,Medium
CMR2023489,Lance Simmons,18,Female,AIML,4,A,CMRIT,Prof. Meena,8.33,5.52,8.9,8.54,7.8,9.19,6.88,7.59,7.84,30,26,20,66,6,0,33258,30841,True,0,50,6,0.71,11,10,Medium
CMR2024012,Peter Thompson,21,Female,EEE,4,C,CMRIT,Dr. Arvind,5.0,6.69,7.71,7.53,9.72,8.43,6.92,8.31,7.54,24,29,30,76,8,5,52369,58584,False,0,46,6,0.73,10,7,Low
CMR2023825,Monica Ellis,23,Female,ECE,4,A,CMRIT,Prof. Kavya,8.51,9.45,7.13,7.24,8.83,5.13,7.86,5.79,7.49,28,24,25,95,5,5,41026,75905,True,1,41,9,0.37,5,4,Medium
CMR2023304,Maria Parker,19,Female,CSE,1,A,CMRIT,Prof. Kavya,6.42,6.09,6.31,5.87,9.24,6.23,5.98,5.88,6.25,24,21,20,82,2,8,40977,104332,True,2,46,6,0.62,5,6,High
CMR2023824,Aaron Schroeder,19,Male,CSE,4,A,CMRIT,Dr. Arvind,8.2,7.83,9.51,6.71,9.93,5.49,5.66,6.98,7.54,21,23,21,60,2,8,131253,102616,True,3,36,7,0.9,4,8,High
CMR2023213,Katherine Salas,21,Male,CSE,2,A,CMRIT,Dr. Ramesh,8.79,8.3,7.26,6.46,8.08,7.24,6.03,9.39,7.7,24,29,30,94,2,4,84835,118961,False,0,31,8,0.31,8,7,Low
CMR2023706,Adam Jackson,20,Male,ECE,2,B,CMRIT,Prof. Kavya,9.6,8.69,9.7,7.77,6.6,8.37,5.51,7.57,8.94,28,30,20,82,6,4,144932,134234,True,3,38,9,0.47,4,2,Low
CMR2023766,Raymond Chapman,18,Female,EEE,4,A,CMRIT,Prof. Meena,7.94,5.33,6.55,6.05,6.98,7.94,7.88,9.44,7.26,30,26,24,70,3,0,94510,18804,True,0,34,4,0.67,8,6,High
CMR2023649,Alexis Harris,22,Female,EEE,1,A,CMRIT,Dr. Ramesh,7.81,6.67,10.0,9.02,8.89,8.03,5.78,9.05,7.24,27,24,26,84,7,0,108186,119506,True,0,65,8,0.34,3,3,Medium
CMR2023496,Austin Osborne,23,Female,CSE,3,C,CMRIT,Dr. Arvind,9.74,8.64,8.57,7.45,8.52,9.71,9.93,6.08,8.77,27,24,28,95,0,0,84865,91647,True,3,38,8,0.99,9,6,Low
CMR2023108,Evelyn Galvan,20,Female,MECH,1,B,CMRIT,Prof. Meena,8.65,9.23,5.29,5.43,7.17,7.27,8.04,6.55,8.94,30,22,21,50,5,2,8320,40969,True,1,83,6,0.67,12,5,High
CMR2024091,Curtis Watson,23,Male,CSE,1,A,CMRIT,Dr. Arvind,8.83,7.09,5.48,5.25,6.08,5.74,9.16,7.62,7.96,28,21,28,73,1,6,59296,15030,False,0,70,9,0.38,3,9,High
CMR2023876,Michael Miles,19,Male,CSE,1,A,CMRIT,Prof. Meena,8.94,9.92,6.07,5.77,8.87,7.16,8.13,8.9,9.43,22,27,27,65,6,4,127536,127385,True,1,29,7,0.92,8,1,Medium
CMR2024008,Karen Keith,18,Female,EEE,2,C,CMRIT,Prof. Kavya,6.35,5.96,9.03,8.37,7.69,6.15,6.19,6.04,7.43,25,21,28,91,4,2,104942,119341,False,0,24,8,0.6,12,6,Medium
CMR2023539,David Davis,19,Male,AIML,1,A,CMRIT,Dr. Ramesh,6.48,6.04,9.14,8.4,5.34,7.26,5.59,9.72,6.26,30,26,20,98,7,0,83699,94959,False,0,67,5,0.51,9,10,Medium
CMR2024150,Jennifer Young,23,Female,CIVIL,3,C,CMRIT,Prof. Kavya,9.34,7.11,7.98,8.74,7.26,6.55,9.16,5.83,7.83,22,26,30,68,4,0,72610,48453,True,2,30,7,0.5,5,4,Medium
CMR2023243,Brandon Bailey MD,22,Male,AIML,2,B,CMRIT,Prof. Meena,9.94,7.63,6.68,9.67,7.95,6.88,5.03,8.19,8.48,24,26,22,93,4,7,126141,40894,True,1,68,6,0.69,0,5,High
CMR2024045,Hannah Martin,18,Female,MECH,2,B,CMRIT,Prof. Kavya,8.36,7.15,6.38,7.71,7.6,8.36,6.22,8.9,7.4,25,30,29,77,0,7,129746,76332,False,0,76,7,0.55,12,6,High
CMR2023822,Jose Ramirez,22,Male,ECE,3,B,CMRIT,Dr. Ramesh,6.13,7.02,7.52,7.77,7.8,8.48,6.04,5.97,7.45,23,23,22,41,5,8,82212,69563,False,0,40,8,0.6,0,9,High
CMR2023712,Timothy Edwards,19,Female,CIVIL,3,C,CMRIT,Prof. Kavya,7.16,9.53,8.99,6.3,9.22,8.25,8.39,5.24,8.24,27,23,30,69,7,2,47886,11636,False,0,63,9,0.87,3,8,Medium
CMR2023244,Shannon Rivera,22,Female,AIML,1,A,CMRIT,Prof. Kavya,6.31,9.78,9.17,7.36,8.27,9.46,7.09,7.46,8.04,30,23,20,76,6,4,36288,77670,False,0,28,8,0.82,9,8,Low
CMR2023266,Kimberly Gibson,20,Male,EEE,2,B,CMRIT,Prof. Kavya,5.14,9.88,6.18,7.25,6.24,7.91,8.24,5.43,7.11,27,22,25,75,0,0,109216,60631,False,0,74,9,0.72,1,2,Medium
CMR2024175,Janice Petty,22,Male,CIVIL,1,C,CMRIT,Prof. Kavya,5.35,6.08,6.6,9.82,8.64,8.48,5.47,9.8,5.71,23,26,30,84,8,1,109514,133203,True,2,28,7,0.36,13,4,High
CMR2023251,Olivia Harris,18,Female,CIVIL,1,B,CMRIT,Prof. Meena,7.61,8.38,5.6,6.97,8.48,9.89,8.71,9.46,8.0,22,21,25,57,4,6,57189,93770,True,3,35,5,0.89,11,8,High
CMR2023609,Casey Chase,21,Male,MECH,1,C,CMRIT,Dr. Arvind,9.97,7.9,5.32,6.45,7.87,9.67,8.57,7.27,8.94,24,29,22,87,7,1,110606,115293,False,0,57,8,0.75,12,10,Medium
CMR2024039,Corey Whitaker,23,Female,ECE,4,B,CMRIT,Dr. Ramesh,9.83,5.32,8.18,9.85,6.93,9.44,9.64,7.14,8.29,25,21,30,62,5,1,35884,134242,False,0,52,6,0.46,9,7,Medium
CMR2023991,Brian Harris,18,Female,CIVIL,1,A,CMRIT,Prof. Meena,9.57,7.28,7.17,6.34,6.83,8.97,8.97,8.36,8.43,29,25,21,96,1,4,52265,61804,False,0,20,8,0.56,12,2,Low
CMR2023997,Christina Johnson,20,Female,MECH,1,B,CMRIT,Prof. Kavya,9.65,5.67,7.45,5.55,7.73,7.05,6.68,7.09,7.66,28,21,28,66,3,1,145125,31740,True,3,29,7,0.45,12,6,Medium
CMR2023532,Donna Frye,20,Male,AIML,2,B,CMRIT,Prof. Kavya,7.5,8.6,8.6,7.29,6.95,8.77,9.6,7.4,8.0,29,24,30,99,0,4,70147,25361,True,0,23,8,0.34,0,5,Low
CMR2023119,Jeffrey Chandler,23,Male,ECE,1,A,CMRIT,Prof. Kavya,7.93,9.59,8.87,9.23,9.3,9.8,6.87,9.71,8.76,26,29,21,81,5,2,93227,84105,False,0,37,5,0.81,6,8,Low
CMR2023391,Laura Mckinney,23,Female,AIML,3,A,CMRIT,Prof. Meena,5.88,6.38,8.04,7.59,5.55,5.25,6.24,5.56,6.45,21,20,20,65,6,1,74777,67591,True,0,55,5,0.92,11,7,Medium
CMR2024170,Tina Taylor,19,Female,AIML,3,A,CMRIT,Dr. Arvind,5.72,9.67,9.71,9.47,8.87,8.23,7.5,8.87,8.61,21,26,30,58,4,5,87138,30239,True,1,31,6,0.88,5,8,High
CMR2023684,James Whitaker,19,Female,CIVIL,4,A,CMRIT,Dr. Ramesh,5.68,7.1,6.95,9.67,9.62,8.97,6.87,7.41,7.78,20,25,28,92,1,5,20466,28977,True,2,20,8,0.42,7,2,Low
CMR2024155,Lisa Torres,22,Male,MECH,4,C,CMRIT,Dr. Ramesh,8.59,5.7,5.32,8.79,6.41,9.86,6.28,8.64,7.45,24,27,24,70,8,4,106343,6289,False,0,42,8,0.47,7,2,Medium
CMR2023255,Kristen Davis,23,Male,CIVIL,3,B,CMRIT,Dr. Ramesh,7.14,9.96,7.06,5.28,6.22,6.17,6.56,5.42,6.97,21,24,21,72,6,4,93498,49506,True,2,24,7,0.76,6,10,Medium
CMR2023196,Daniel Salinas,23,Female,AIML,2,A,CMRIT,Prof. Kavya,5.92,8.81,8.06,6.33,7.84,6.15,6.16,8.44,7.28,25,21,27,48,2,3,40150,136681,False,0,67,5,0.9,7,8,High
CMR2023299,Amber Obrien,20,Male,CSE,4,A,CMRIT,Dr. Arvind,9.16,9.11,7.6,6.18,5.36,8.0,7.19,5.48,7.26,27,29,21,98,7,0,27422,20908,True,3,60,9,0.35,2,1,Medium
CMR2023865,Antonio Mccormick,23,Male,CIVIL,2,A,CMRIT,Prof. Meena,8.75,6.45,8.73,9.11,7.86,8.65,7.88,7.11,8.26,27,26,26,63,3,0,39673,111809,True,1,61,9,0.83,6,1,Medium
CMR2023119,Jeffrey Chandler,23,Male,ECE,1,A,CMRIT,Prof. Kavya,7.93,9.59,8.87,9.23,9.3,9.8,6.87,9.71,8.76,26,29,21,81,5,2,93227,84105,False,0,37,5,0.81,6,8,Low
CMR2024185,John Duncan,23,Male,EEE,2,C,CMRIT,Dr. Arvind,8.29,9.37,9.71,6.62,8.4,7.25,9.9,7.93,8.5,24,20,29,91,4,0,27291,111532,False,0,24,8,0.38,3,7,Low
CMR2023377,Paula Bradley,20,Male,MECH,3,B,CMRIT,Dr. Arvind,6.54,9.51,9.55,8.37,5.02,9.55,5.16,5.13,8.09,25,28,29,81,6,0,88223,92841,True,3,50,8,0.98,3,10,Low
CMR2023072,Brittney Phillips,20,Female,ECE,3,B,CMRIT,Dr. Ramesh,7.87,7.72,9.48,6.97,6.73,8.87,5.73,5.21,7.94,21,25,27,48,1,3,72225,130587,True,1,88,6,0.95,11,5,High
CMR2023432,Travis Tucker,20,Female,ECE,2,B,CMRIT,Dr. Ramesh,9.97,8.64,9.76,8.81,8.57,7.26,7.89,5.12,9.29,23,27,25,75,2,3,129991,33560,False,0,62,5,0.87,1,2,Medium
CMR2023141,David Douglas Jr.,21,Female,CSE,1,B,CMRIT,Dr. Arvind,5.06,9.34,7.62,8.72,8.62,6.12,9.78,9.37,7.2,28,28,29,93,8,0,29967,118468,True,3,64,9,0.77,6,3,Medium
CMR2023322,Johnathan Davis,19,Female,AIML,2,B,CMRIT,Dr. Arvind,7.88,9.84,6.01,9.31,7.41,9.76,6.8,6.89,8.26,27,27,26,78,8,2,137459,118621,True,3,22,7,0.6,1,5,Low
CMR2023516,William Day,21,Female,CSE,3,C,CMRIT,Prof. Meena,6.68,9.02,9.27,8.92,7.04,6.71,9.71,8.6,7.94,28,23,27,97,1,0,78830,74906,True,3,30,9,0.94,13,9,Low
CMR2023121,Kenneth Scott,23,Female,EEE,1,B,CMRIT,Prof. Kavya,6.25,5.34,6.28,5.54,5.01,6.93,8.66,9.85,5.79,26,27,26,50,7,1,97073,148136,False,0,32,7,0.85,9,4,High
CMR2023802,Reginald Morrow,22,Male,CSE,1,B,CMRIT,Dr. Ramesh,9.69,6.05,9.59,7.37,5.58,5.53,8.45,8.74,7.87,29,27,30,86,8,4,113774,16950,True,3,39,6,0.78,9,1,Low
CMR2023925,Brenda Smith,22,Female,CIVIL,3,B,CMRIT,Prof. Kavya,9.54,9.67,5.38,9.65,6.07,7.18,9.25,6.84,7.92,26,24,26,82,6,1,54157,23808,True,0,24,9,0.65,9,2,Low
CMR2023013,Michele Williams,19,Female,CSE,2,C,CMRIT,Dr. Arvind,8.91,7.06,8.35,8.68,6.24,5.8,8.51,6.91,8.25,20,27,23,65,5,4,57316,125665,False,0,59,5,0.46,10,4,Medium
CMR2023082,Michael Evans,19,Male,ECE,2,B,CMRIT,Dr. Ramesh,7.81,9.84,7.79,5.67,6.21,6.02,8.23,9.61,7.78,25,21,28,52,8,3,54933,18510,False,0,68,9,0.72,0,2,High
CMR2023295,John Young,18,Male,MECH,1,C,CMRIT,Prof. Meena,8.36,6.76,9.06,9.14,6.79,5.89,8.84,8.49,7.56,20,21,27,83,5,3,102119,55591,False,0,21,5,0.82,12,5,Low
CMR2023947,Ariel Sandoval,20,Female,CIVIL,3,A,CMRIT,Dr. Ramesh,6.53,8.13,6.57,9.79,7.89,9.85,7.09,6.92,8.13,25,21,22,87,5,0,19217,115546,True,3,73,9,0.64,9,4,Medium
CMR2024033,Debra Butler,18,Female,ECE,3,B,CMRIT,Dr. Arvind,7.26,9.02,8.46,8.03,6.71,8.59,5.12,9.35,8.01,30,28,29,97,6,5,137398,91633,False,0,70,9,0.48,0,2,Medium
CMR2023864,Austin Baker,18,Female,AIML,4,A,CMRIT,Prof. Kavya,8.29,5.56,8.28,5.16,9.97,8.99,8.36,5.79,7.55,20,25,23,70,0,8,128308,6837,False,0,81,6,0.55,4,5,High
CMR2024021,Olivia Ayers,18,Male,MECH,4,B,CMRIT,Dr. Ramesh,5.43,5.51,9.43,7.51,8.74,7.24,9.65,7.01,7.56,21,24,24,72,7,0,128308,122618,False,0,31,8,0.75,10,7,Medium
CMR2023096,Aaron Wise,23,Male,CIVIL,2,C,CMRIT,Prof. Kavya,7.76,6.65,7.13,7.31,8.99,8.15,5.93,8.29,7.21,26,20,29,88,1,1,56727,122853,False,0,69,4,0.79,3,5,High
CMR2023705,James Tran,20,Female,ECE,3,C,CMRIT,Dr. Ramesh,7.2,7.16,9.9,8.42,8.02,5.94,6.12,7.08,7.77,20,24,30,67,1,1,103809,48850,False,0,44,5,0.89,6,3,Medium
CMR2023078,Steve Sanchez,18,Female,AIML,4,B,CMRIT,Dr. Ramesh,7.79,8.36,6.54,5.11,6.27,5.02,6.09,5.37,6.32,26,25,21,89,6,5,146862,20795,True,3,24,6,0.59,12,3,Medium
CMR2023563,Veronica Silva,20,Male,AIML,2,B,CMRIT,Prof. Kavya,7.09,9.13,5.76,7.74,6.28,9.58,5.0,5.33,7.43,20,24,27,91,5,5,22324,62434,False,0,41,9,0.65,1,8,Medium
CMR2023133,Daniel Kennedy,21,Male,CIVIL,3,C,CMRIT,Prof. Kavya,9.73,9.5,8.27,6.11,6.12,9.36,7.1,9.43,8.18,25,24,29,70,3,8,82083,126572,True,3,26,9,0.71,9,2,High
CMR2024054,Maria Coleman,20,Male,EEE,1,C,CMRIT,Prof. Kavya,9.87,6.71,9.74,8.35,6.19,8.65,9.05,9.73,8.29,21,22,28,52,2,1,142124,107325,False,0,94,4,0.36,2,3,High
CMR2023948,Robert Stark,22,Female,MECH,2,B,CMRIT,Dr. Arvind,9.33,5.36,7.88,6.51,9.34,8.28,9.51,5.93,7.27,23,24,27,63,1,8,125971,149206,True,2,64,7,0.81,7,3,High
CMR2023618,Emily Wilson,18,Male,EEE,2,C,CMRIT,Dr. Arvind,9.16,6.99,7.67,9.64,9.53,8.7,7.5,7.57,8.37,22,21,20,56,8,6,47330,29187,False,0,95,8,0.88,1,4,High
CMR2023943,Kathryn Price,21,Male,EEE,1,C,CMRIT,Dr. Ramesh,5.78,6.23,8.38,6.95,8.13,8.4,7.21,6.93,6.01,27,30,26,62,2,1,58607,92896,True,1,39,5,0.78,1,9,Medium
CMR2023607,David Lopez,21,Female,MECH,1,A,CMRIT,Prof. Meena,5.77,7.28,6.6,8.73,5.5,5.88,6.09,9.49,6.53,25,20,26,67,8,2,138451,149255,True,3,93,4,0.64,13,8,High
CMR2024128,Anna Briggs,22,Female,AIML,4,B,CMRIT,Prof. Kavya,7.01,6.11,9.92,6.38,7.94,9.85,5.1,9.54,7.73,25,28,28,78,3,5,6833,128440,True,3,28,6,0.88,2,3,Low
CMR2024046,Nicole Barker,18,Female,ECE,3,C,CMRIT,Dr. Arvind,8.24,8.54,8.19,6.53,9.92,7.16,7.35,7.46,8.1,25,26,29,59,1,5,50802,41926,True,2,98,4,0.64,11,4,High
CMR2023852,Victor Edwards,21,Female,EEE,1,B,CMRIT,Prof. Meena,5.88,9.46,6.88,9.93,9.54,9.74,8.29,5.77,7.67,29,28,23,68,2,5,61449,89047,False,0,71,8,0.66,11,8,Medium
CMR2023878,Michelle Jackson,20,Male,EEE,4,B,CMRIT,Prof. Kavya,6.86,9.63,9.21,7.15,5.8,9.21,6.23,7.02,7.64,28,30,25,78,7,3,110785,73779,False,0,29,6,0.7,4,6,Low
CMR2023659,Lori Simmons,22,Male,EEE,1,C,CMRIT,Dr. Ramesh,5.45,5.37,9.99,5.56,9.48,9.97,6.24,8.31,5.41,29,30,22,61,2,3,58627,111792,True,1,47,7,0.8,14,1,High
CMR2023391,Laura Mckinney,23,Female,AIML,3,A,CMRIT,Prof. Meena,5.88,6.38,8.04,7.59,5.55,5.25,6.24,5.56,6.45,21,20,20,65,6,1,74777,67591,True,0,55,5,0.92,11,7,Medium
CMR2023259,Mrs. Kristen Reyes,20,Male,CIVIL,2,B,CMRIT,Dr. Arvind,9.12,8.23,6.28,8.01,7.03,5.57,5.96,6.23,7.91,24,27,27,82,8,2,119329,115629,True,1,40,6,0.4,4,5,Low
CMR2023322,Johnathan Davis,19,Female,AIML,2,B,CMRIT,Dr. Arvind,7.88,9.84,6.01,9.31,7.41,9.76,6.8,6.89,8.26,27,27,26,78,8,2,137459,118621,True,3,22,7,0.6,1,5,Low
CMR2023754,Dana Hopkins,22,Male,EEE,3,C,CMRIT,Prof. Meena,5.71,8.09,7.12,9.94,6.52,8.82,7.87,6.98,7.7,20,28,20,58,6,4,124874,85476,False,0,52,8,0.55,9,10,High
CMR2023313,Tracy Ballard,19,Female,CSE,4,C,CMRIT,Prof. Kavya,7.63,9.55,9.4,7.3,7.88,8.69,6.44,9.4,8.29,27,25,24,69,6,2,107521,50908,False,0,51,5,0.93,11,7,Medium
CMR2023937,Edward Jenkins,20,Female,ECE,4,B,CMRIT,Dr. Ramesh,6.92,9.17,7.82,6.89,5.81,5.82,7.26,6.2,6.99,23,23,30,60,8,2,42853,93588,False,0,65,5,0.95,13,2,Medium
CMR2024008,Karen Keith,18,Female,EEE,2,C,CMRIT,Prof. Kavya,6.35,5.96,9.03,8.37,7.69,6.15,6.19,6.04,7.43,25,21,28,91,4,2,104942,119341,False,0,24,8,0.6,12,6,Medium
CMR2023990,Carmen Preston,22,Male,CIVIL,4,A,CMRIT,Prof. Meena,9.21,6.19,7.83,8.34,5.43,9.69,7.39,6.23,7.54,26,29,20,41,5,2,127121,138767,False,0,82,7,0.64,0,1,High
CMR2023712,Timothy Edwards,19,Female,CIVIL,3,C,CMRIT,Prof. Kavya,7.16,9.53,8.99,6.3,9.22,8.25,8.39,5.24,8.24,27,23,30,69,7,2,47886,11636,False,0,63,9,0.87,3,8,Medium
CMR2023295,John Young,18,Male,MECH,1,C,CMRIT,Prof. Meena,8.36,6.76,9.06,9.14,6.79,5.89,8.84,8.49,7.56,20,21,27,83,5,3,102119,55591,False,0,21,5,0.82,12,5,Low
CMR2023706,Adam Jackson,20,Male,ECE,2,B,CMRIT,Prof. Kavya,9.6,8.69,9.7,7.77,6.6,8.37,5.51,7.57,8.94,28,30,20,82,6,4,144932,134234,True,3,38,9,0.47,4,2,Low
CMR2023710,Anthony Jones,21,Male,CSE,2,A,CMRIT,Prof. Meena,9.35,6.38,6.2,8.88,7.94,5.59,5.91,5.61,7.7,24,20,30,96,4,3,74408,147727,True,1,40,7,0.87,4,6,Low
CMR2023925,Brenda Smith,22,Female,CIVIL,3,B,CMRIT,Prof. Kavya,9.54,9.67,5.38,9.65,6.07,7.18,9.25,6.84,7.92,26,24,26,82,6,1,54157,23808,True,0,24,9,0.65,9,2,Low
CMR2023852,Victor Edwards,21,Female,EEE,1,B,CMRIT,Prof. Meena,5.88,9.46,6.88,9.93,9.54,9.74,8.29,5.77,7.67,29,28,23,68,2,5,61449,89047,False,0,71,8,0.66,11,8,Medium
CMR2023017,Derek Zuniga,23,Female,EEE,4,A,CMRIT,Prof. Kavya,8.28,5.03,8.75,8.85,5.53,7.13,5.88,9.79,7.4,28,27,20,60,7,8,70325,36813,False,0,37,7,0.77,8,10,High
CMR2023293,Margaret Coleman,22,Female,CIVIL,2,A,CMRIT,Dr. Ramesh,9.67,7.41,7.99,9.2,6.9,6.76,8.16,7.93,8.57,28,24,20,86,8,4,47314,145008,True,2,31,7,0.79,13,3,Low
CMR2023480,Dawn Mullins,18,Female,CSE,4,A,CMRIT,Prof. Kavya,9.57,5.23,6.89,7.99,7.63,5.79,5.07,9.49,7.21,21,26,21,91,0,4,34467,129699,False,0,73,8,0.61,13,10,Medium
CMR2024128,Anna Briggs,22,Female,AIML,4,B,CMRIT,Prof. Kavya,7.01,6.11,9.92,6.38,7.94,9.85,5.1,9.54,7.73,25,28,28,78,3,5,6833,128440,True,3,28,6,0.88,2,3,Low
CMR2023644,Edwin Nunez,21,Male,AIML,3,A,CMRIT,Prof. Meena,9.68,7.75,7.7,6.94,8.81,5.65,9.23,6.3,7.75,21,22,20,75,7,4,41921,131314,True,3,35,6,0.73,7,4,Low
CMR2023807,Robert Gonzales,19,Male,ECE,1,C,CMRIT,Dr. Arvind,9.46,5.78,9.24,8.51,8.47,8.1,9.33,7.89,7.62,24,28,24,78,1,0,136960,22290,True,0,21,6,0.94,11,7,Low
CMR2023377,Paula Bradley,20,Male,MECH,3,B,CMRIT,Dr. Arvind,6.54,9.51,9.55,8.37,5.02,9.55,5.16,5.13,8.09,25,28,29,81,6,0,88223,92841,True,3,50,8,0.98,3,10,Low
CMR2023119,Jeffrey Chandler,23,Male,ECE,1,A,CMRIT,Prof. Kavya,7.93,9.59,8.87,9.23,9.3,9.8,6.87,9.71,8.76,26,29,21,81,5,2,93227,84105,False,0,37,5,0.81,6,8,Low
CMR2023746,Michael Henry,22,Male,EEE,3,B,CMRIT,Prof. Kavya,9.19,8.37,5.21,6.94,7.85,7.51,9.66,7.21,7.51,28,27,23,87,4,1,87228,141519,False,0,69,9,0.58,13,7,Medium
CMR2024110,Mary Nelson,18,Female,AIML,3,B,CMRIT,Prof. Kavya,6.37,7.48,8.61,9.65,5.98,8.73,7.8,6.74,7.8,28,26,25,84,1,3,68858,45221,False,0,69,8,0.62,1,5,Medium
CMR2023111,Shannon Walker,21,Male,EEE,3,B,CMRIT,Dr. Arvind,5.43,7.28,6.84,6.46,8.92,8.7,6.21,6.84,7.27,27,23,28,100,5,0,69258,44470,True,3,23,5,0.68,10,1,Medium
CMR2023323,Brandy Chavez,22,Male,ECE,4,B,CMRIT,Dr. Arvind,7.27,6.88,8.03,5.36,5.68,7.35,5.77,5.95,6.54,20,28,25,81,1,6,133831,111051,False,0,70,9,0.56,7,5,High
CMR2024150,Jennifer Young,23,Female,CIVIL,3,C,CMRIT,Prof. Kavya,9.34,7.11,7.98,8.74,7.26,6.55,9.16,5.83,7.83,22,26,30,68,4,0,72610,48453,True,2,30,7,0.5,5,4,Medium
CMR2023568,Lisa Randall,18,Female,MECH,3,A,CMRIT,Dr. Ramesh,7.48,6.12,6.42,6.97,6.69,5.81,7.36,7.26,6.58,28,24,24,42,1,0,110144,114568,True,2,61,5,0.47,2,3,High
CMR2023984,Carla Jones,19,Female,MECH,2,B,CMRIT,Dr. Arvind,6.83,9.3,5.72,5.88,8.61,5.54,6.28,7.36,6.93,25,27,26,80,4,3,127305,53445,True,0,62,6,0.71,11,5,Medium
CMR2023935,Cody Ramirez,19,Male,EEE,3,B,CMRIT,Prof. Meena,9.47,5.41,6.59,7.22,5.47,6.11,8.32,5.35,6.71,29,28,20,79,2,6,41703,98772,True,0,85,6,0.44,11,7,High
CMR2023572,Reginald Knapp,23,Male,EEE,3,C,CMRIT,Prof. Meena,5.22,6.66,7.04,8.14,8.96,7.37,9.39,9.65,7.23,29,29,23,92,3,4,87622,63431,False,0,53,6,0.92,13,1,Medium
CMR2024064,Rebekah Greene,20,Female,CSE,3,A,CMRIT,Prof. Meena,6.27,9.05,8.8,8.16,7.95,6.04,7.24,7.79,7.71,21,28,27,59,5,7,110830,124932,False,0,75,4,0.31,4,4,High
CMR2024042,Kathy Reid,23,Male,ECE,4,B,CMRIT,Prof. Meena,5.52,6.73,6.31,7.08,5.08,6.23,5.77,6.96,6.21,29,26,27,65,4,1,75077,110617,True,3,37,4,0.74,11,4,High
CMR2023294,Ryan Gonzalez,21,Male,MECH,3,C,CMRIT,Dr. Arvind,8.18,9.9,8.54,6.37,8.31,6.61,6.05,9.79,7.98,25,20,22,88,6,8,5536,129919,True,0,42,7,0.69,11,8,High
CMR2024036,Samantha Robertson,20,Male,ECE,4,A,CMRIT,Prof. Kavya,7.94,9.41,9.79,7.04,6.08,5.28,7.82,8.64,7.75,22,30,26,87,6,5,134348,7051,False,0,85,8,0.58,10,9,High
CMR2023908,William Miller,18,Male,CIVIL,1,B,CMRIT,Dr. Ramesh,7.92,6.43,7.2,8.25,7.12,7.57,5.26,7.64,7.17,25,28,20,60,1,1,20669,31189,False,0,51,4,0.52,9,2,High
CMR2023025,Judy Baker,18,Male,ECE,1,C,CMRIT,Prof. Kavya,5.96,8.69,6.38,7.95,8.8,7.98,9.9,9.16,7.32,24,23,25,84,2,7,52039,84237,True,1,55,4,0.98,8,5,High
CMR2023089,Aimee Montoya,20,Female,ECE,1,C,CMRIT,Dr. Arvind,8.92,7.25,6.14,7.77,6.88,5.93,7.93,6.9,8.09,29,24,23,87,6,5,24269,26505,False,0,39,7,0.8,10,3,Low
CMR2023925,Brenda Smith,22,Female,CIVIL,3,B,CMRIT,Prof. Kavya,9.54,9.67,5.38,9.65,6.07,7.18,9.25,6.84,7.92,26,24,26,82,6,1,54157,23808,True,0,24,9,0.65,9,2,Low
CMR2023810,Carol Taylor,20,Male,EEE,1,C,CMRIT,Prof. Meena,5.8,8.67,5.09,6.48,6.46,8.79,9.21,6.85,7.23,24,26,27,43,8,7,127831,42053,True,2,28,7,0.37,7,4,High
CMR2023403,Kathleen Webster,19,Female,CIVIL,4,B,CMRIT,Dr. Ramesh,9.91,6.79,9.28,7.52,6.74,8.53,6.95,5.31,7.63,30,22,25,64,7,2,93943,125450,True,2,58,7,0.35,13,8,Medium
CMR2023684,James Whitaker,19,Female,CIVIL,4,A,CMRIT,Dr. Ramesh,5.68,7.1,6.95,9.67,9.62,8.97,6.87,7.41,7.78,20,25,28,92,1,5,20466,28977,True,2,20,8,0.42,7,2,Low
CMR2024010,Kathryn Lester,20,Male,ECE,1,B,CMRIT,Prof. Meena,6.64,6.29,5.62,7.75,6.01,5.19,7.96,7.94,6.46,24,22,28,82,6,8,138341,124361,True,2,56,9,0.81,10,7,High
CMR2023481,Howard Norman,21,Female,ECE,2,B,CMRIT,Dr. Arvind,9.78,8.34,5.48,7.46,9.16,7.86,5.63,7.57,7.76,22,23,30,51,4,5,26545,29848,False,0,56,8,0.37,3,5,High
CMR2023753,Jennifer Porter,21,Female,CIVIL,4,C,CMRIT,Prof. Meena,8.82,8.06,6.77,9.15,5.69,7.24,6.54,7.54,7.48,29,22,25,87,4,2,90498,63593,False,0,75,9,0.75,12,8,Medium
CMR2023835,Timothy Hill,21,Female,ECE,3,A,CMRIT,Prof. Meena,5.84,6.34,7.14,6.68,5.98,9.12,7.86,7.24,6.85,20,22,25,75,0,4,81918,145526,False,0,48,7,0.89,2,7,Medium
CMR2023556,Kathryn Williams,20,Male,MECH,3,B,CMRIT,Prof. Kavya,6.47,9.29,6.39,9.58,6.15,6.56,7.6,6.16,7.41,21,29,20,78,1,1,51122,80561,False,0,74,5,0.47,12,4,Medium
CMR2023154,Brenda Hall,22,Male,ECE,2,C,CMRIT,Dr. Arvind,6.06,9.53,9.26,5.71,5.92,8.08,6.26,5.57,7.64,30,29,20,71,5,5,148878,125917,True,2,28,6,0.37,11,10,Medium
CMR2024077,David Carter,18,Female,CSE,1,C,CMRIT,Prof. Meena,7.48,9.91,9.88,8.35,5.14,5.65,5.37,5.65,8.7,21,28,22,93,0,4,149102,97492,True,1,49,9,0.4,9,8,Low
CMR2023609,Casey Chase,21,Male,MECH,1,C,CMRIT,Dr. Arvind,9.97,7.9,5.32,6.45,7.87,9.67,8.57,7.27,8.94,24,29,22,87,7,1,110606,115293,False,0,57,8,0.75,12,10,Medium
CMR2023100,Sandra Aguilar,19,Female,CSE,2,B,CMRIT,Dr. Ramesh,7.25,6.74,9.08,7.2,9.97,8.88,6.18,9.05,7.57,29,25,29,78,8,2,117241,48511,True,1,46,4,0.7,8,5,High
CMR2023242,Kevin Walters,21,Female,MECH,1,C,CMRIT,Dr. Arvind,6.99,8.58,7.14,6.93,5.06,6.72,6.54,7.23,7.79,28,21,23,86,6,2,121449,113949,False,0,56,5,0.86,14,7,Medium
CMR2023287,Carolyn Miller,21,Male,CIVIL,2,C,CMRIT,Dr. Arvind,9.61,5.59,9.26,5.55,6.85,6.45,7.61,5.59,7.5,24,25,24,96,4,3,82065,132382,True,1,38,8,0.6,14,5,Low
CMR2023395,Dana Chapman,20,Male,CIVIL,1,A,CMRIT,Prof. Meena,8.19,9.83,9.39,8.39,9.5,7.25,9.79,7.63,9.01,24,30,25,84,5,1,91820,107505,False,0,55,6,0.43,9,9,Medium
CMR2023213,Katherine Salas,21,Male,CSE,2,A,CMRIT,Dr. Ramesh,8.79,8.3,7.26,6.46,8.08,7.24,6.03,9.39,7.7,24,29,30,94,2,4,84835,118961,False,0,31,8,0.31,8,7,Low
CMR2023864,Austin Baker,18,Female,AIML,4,A,CMRIT,Prof. Kavya,8.29,5.56,8.28,5.16,9.97,8.99,8.36,5.79,7.55,20,25,23,70,0,8,128308,6837,False,0,81,6,0.55,4,5,High
CMR2023746,Michael Henry,22,Male,EEE,3,B,CMRIT,Prof. Kavya,9.19,8.37,5.21,6.94,7.85,7.51,9.66,7.21,7.51,28,27,23,87,4,1,87228,141519,False,0,69,9,0.58,13,7,Medium
CMR2023533,Dr. Michael Evans,21,Female,CIVIL,2,A,CMRIT,Dr. Ramesh,6.84,8.23,9.85,8.71,6.86,6.4,8.27,6.49,8.41,20,21,24,96,7,2,42182,73871,False,0,46,4,0.94,11,1,High
CMR2023642,Joshua Rice,19,Female,CIVIL,4,A,CMRIT,Prof. Kavya,9.63,8.73,6.07,6.47,5.96,6.9,6.04,5.07,6.86,22,27,30,90,8,6,84027,141575,True,1,56,5,0.37,4,1,High
CMR2023842,Virginia Henderson,19,Male,EEE,2,C,CMRIT,Prof. Kavya,8.83,7.54,8.08,8.36,7.83,7.68,5.8,5.6,8.2,22,26,25,74,6,4,58496,66179,False,0,31,7,0.82,14,1,Medium
CMR2024012,Peter Thompson,21,Female,EEE,4,C,CMRIT,Dr. Arvind,5.0,6.69,7.71,7.53,9.72,8.43,6.92,8.31,7.54,24,29,30,76,8,5,52369,58584,False,0,46,6,0.73,10,7,Low
CMR2023635,Zachary Michael,23,Male,EEE,1,C,CMRIT,Prof. Kavya,8.59,9.8,8.23,5.88,7.29,6.08,7.21,8.59,9.2,23,29,30,53,6,2,53797,12672,False,0,43,5,0.41,9,10,High
CMR2023614,Elizabeth Sharp,18,Male,EEE,1,C,CMRIT,Dr. Arvind,5.4,8.15,5.37,8.69,5.27,7.04,5.89,8.15,6.78,23,29,27,68,7,4,112776,42656,True,2,48,9,0.5,0,8,Medium
CMR2023494,Meghan Cisneros,22,Male,EEE,2,C,CMRIT,Prof. Meena,8.14,9.44,9.9,8.73,8.53,9.91,9.02,6.32,9.05,25,25,23,90,8,2,88926,146654,False,0,29,9,0.39,13,4,Low
CMR2023250,Isaiah Avila,18,Female,CSE,2,B,CMRIT,Dr. Arvind,8.52,7.79,5.2,6.64,5.58,6.42,8.0,6.56,7.04,27,23,28,100,5,2,111766,81176,False,0,44,4,0.93,12,8,High
CMR2023984,Carla Jones,19,Female,MECH,2,B,CMRIT,Dr. Arvind,6.83,9.3,5.72,5.88,8.61,5.54,6.28,7.36,6.93,25,27,26,80,4,3,127305,53445,True,0,62,6,0.71,11,5,Medium
CMR2023712,Timothy Edwards,19,Female,CIVIL,3,C,CMRIT,Prof. Kavya,7.16,9.53,8.99,6.3,9.22,8.25,8.39,5.24,8.24,27,23,30,69,7,2,47886,11636,False,0,63,9,0.87,3,8,Medium
CMR2023541,Sean Moore,21,Female,AIML,4,A,CMRIT,Dr. Arvind,6.55,8.89,9.27,6.08,7.05,5.05,5.64,9.31,7.23,20,28,27,81,0,4,23114,136615,True,3,55,9,0.7,12,9,Medium
CMR2023878,Michelle Jackson,20,Male,EEE,4,B,CMRIT,Prof. Kavya,6.86,9.63,9.21,7.15,5.8,9.21,6.23,7.02,7.64,28,30,25,78,7,3,110785,73779,False,0,29,6,0.7,4,6,Low
CMR2024185,John Duncan,23,Male,EEE,2,C,CMRIT,Dr. Arvind,8.29,9.37,9.71,6.62,8.4,7.25,9.9,7.93,8.5,24,20,29,91,4,0,27291,111532,False,0,24,8,0.38,3,7,Low
CMR2023056,Timothy Duncan,18,Female,AIML,2,A,CMRIT,Dr. Arvind,9.59,7.36,9.16,8.79,7.35,8.08,9.53,5.1,8.72,23,22,28,80,7,1,143352,115953,True,2,50,6,0.39,3,7,Low
CMR2023625,Michael Miller,23,Male,AIML,3,C,CMRIT,Prof. Kavya,8.89,6.71,6.87,6.26,9.67,6.97,7.97,5.98,7.56,25,29,24,97,1,5,53677,69651,True,2,70,5,0.91,3,9,Medium
CMR2023280,Amanda Jones,22,Male,CIVIL,1,B,CMRIT,Prof. Meena,9.81,8.78,9.87,8.91,8.05,9.29,5.51,7.81,9.29,28,21,22,71,1,2,35948,58840,False,0,40,9,0.5,7,9,Medium
CMR2024105,Amber Vang,18,Male,AIML,1,C,CMRIT,Prof. Kavya,6.97,9.85,8.07,5.44,9.08,7.02,6.5,5.02,8.41,26,20,23,42,5,7,48995,116837,False,0,64,5,0.96,11,9,High
CMR2023706,Adam Jackson,20,Male,ECE,2,B,CMRIT,Prof. Kavya,9.6,8.69,9.7,7.77,6.6,8.37,5.51,7.57,8.94,28,30,20,82,6,4,144932,134234,True,3,38,9,0.47,4,2,Low
CMR2024058,Sarah Brooks,21,Male,CIVIL,1,B,CMRIT,Prof. Meena,7.18,9.86,6.19,7.33,5.72,8.02,5.01,7.11,8.52,27,21,30,65,8,0,114061,53638,True,3,38,4,0.5,8,9,High
CMR2023532,Donna Frye,20,Male,AIML,2,B,CMRIT,Prof. Kavya,7.5,8.6,8.6,7.29,6.95,8.77,9.6,7.4,8.0,29,24,30,99,0,4,70147,25361,True,0,23,8,0.34,0,5,Low
CMR2023116,William Herrera,20,Female,AIML,1,C,CMRIT,Prof. Kavya,8.24,7.49,9.41,7.4,5.44,6.92,7.1,8.21,7.87,28,23,30,98,8,5,147516,10119,False,0,65,7,0.68,7,6,Medium
CMR2023725,Rebecca Marquez,21,Male,CIVIL,1,A,CMRIT,Prof. Kavya,7.1,7.81,6.98,6.55,8.33,7.18,7.0,7.86,7.46,29,27,24,94,5,0,28337,115045,True,3,64,7,0.78,0,5,Medium
CMR2023532,Donna Frye,20,Male,AIML,2,B,CMRIT,Prof. Kavya,7.5,8.6,8.6,7.29,6.95,8.77,9.6,7.4,8.0,29,24,30,99,0,4,70147,25361,True,0,23,8,0.34,0,5,Low
CMR2024012,Peter Thompson,21,Female,EEE,4,C,CMRIT,Dr. Arvind,5.0,6.69,7.71,7.53,9.72,8.43,6.92,8.31,7.54,24,29,30,76,8,5,52369,58584,False,0,46,6,0.73,10,7,Low
CMR2023159,Jamie Smith,20,Female,AIML,4,B,CMRIT,Dr. Arvind,7.43,7.41,8.02,7.51,5.69,5.83,5.39,8.22,6.94,23,22,22,70,3,2,46250,99954,True,1,73,6,0.8,7,8,Medium
CMR2023686,Maria Henry,22,Female,CIVIL,3,A,CMRIT,Prof. Kavya,8.99,7.61,7.07,7.78,6.07,9.29,6.72,7.98,7.8,24,27,21,97,1,0,113375,28092,True,3,45,6,0.87,1,4,Low
CMR2023501,Brian Fitzgerald,20,Male,EEE,1,C,CMRIT,Dr. Ramesh,8.32,6.6,7.64,7.88,7.66,6.97,7.73,6.0,7.46,25,22,27,71,1,5,56915,81797,False,0,71,7,0.56,7,1,Medium
CMR2023000,Allison Hill,23,Male,CSE,3,A,CMRIT,Prof. Kavya,5.7,5.51,8.7,7.73,7.95,5.16,5.47,6.16,6.79,29,20,28,88,2,6,57124,147853,False,0,48,7,0.71,12,1,High
CMR2023387,James Padilla,19,Female,MECH,1,C,CMRIT,Dr. Ramesh,6.3,8.92,5.55,9.74,5.38,6.65,8.06,9.06,7.61,24,22,22,80,7,1,125768,36431,True,2,38,8,0.92,14,7,Low
CMR2023621,Lisa Perry,18,Female,MECH,4,A,CMRIT,Dr. Arvind,7.02,5.75,5.36,8.26,9.69,5.36,7.85,6.64,6.99,26,27,29,90,8,0,15337,145052,False,0,50,7,0.74,8,5,Medium
CMR2023828,Derrick Clayton,23,Female,EEE,3,A,CMRIT,Dr. Arvind,8.18,8.93,6.8,7.64,5.96,8.69,5.86,8.87,7.7,26,27,22,63,4,3,111045,50062,True,2,70,7,0.39,9,3,Medium
CMR2023213,Katherine Salas,21,Male,CSE,2,A,CMRIT,Dr. Ramesh,8.79,8.3,7.26,6.46,8.08,7.24,6.03,9.39,7.7,24,29,30,94,2,4,84835,118961,False,0,31,8,0.31,8,7,Low
CMR2023552,Diana Hays,22,Female,AIML,2,A,CMRIT,Dr. Arvind,8.81,5.86,9.83,6.92,7.71,5.09,5.8,7.86,7.86,29,24,27,98,3,4,37653,30082,True,3,48,5,0.62,2,3,Low
CMR2023601,Jennifer Simpson DVM,19,Male,CIVIL,1,B,CMRIT,Prof. Meena,6.54,8.96,9.32,7.56,9.8,7.65,9.58,5.11,7.75,23,21,25,93,0,5,68292,136326,True,2,62,9,0.98,7,10,Medium
CMR2023403,Kathleen Webster,19,Female,CIVIL,4,B,CMRIT,Dr. Ramesh,9.91,6.79,9.28,7.52,6.74,8.53,6.95,5.31,7.63,30,22,25,64,7,2,93943,125450,True,2,58,7,0.35,13,8,Medium
CMR2023821,Mark Beard,19,Male,CSE,3,B,CMRIT,Prof. Kavya,8.1,6.4,7.71,9.57,7.92,5.87,5.78,9.79,7.59,23,23,22,62,0,1,6719,48980,True,2,28,4,0.41,5,6,High
CMR2023643,Courtney Smith,23,Male,ECE,1,C,CMRIT,Dr. Arvind,9.91,5.75,6.43,5.64,9.2,7.96,8.5,6.83,7.83,25,26,21,89,1,3,5324,61260,False,0,36,9,0.71,13,1,Low
CMR2023371,Debra White,23,Female,CSE,1,A,CMRIT,Dr. Ramesh,9.59,9.61,8.84,6.0,6.64,6.59,9.98,7.43,9.6,27,21,24,78,6,0,124165,15035,True,3,38,9,0.45,9,1,Low
CMR2023157,Jason Stein,23,Male,ECE,4,A,CMRIT,Dr. Arvind,5.67,7.51,5.45,6.82,5.05,6.19,9.82,9.91,7.05,30,22,28,100,5,0,41797,121974,True,1,92,8,0.76,2,8,High
CMR2024152,Jillian Wilson,22,Male,ECE,3,C,CMRIT,Prof. Meena,7.58,5.39,6.36,8.06,7.58,6.06,9.1,6.69,6.84,26,22,24,76,8,6,16831,98188,False,0,52,6,0.53,9,10,High
CMR2023070,Jordan Henderson,23,Male,CIVIL,1,C,CMRIT,Prof. Meena,5.85,8.15,8.1,9.21,5.74,8.4,5.16,9.74,7.0,21,23,20,89,7,0,120615,87232,False,0,39,7,0.78,6,9,Medium
CMR2024185,John Duncan,23,Male,EEE,2,C,CMRIT,Dr. Arvind,8.29,9.37,9.71,6.62,8.4,7.25,9.9,7.93,8.5,24,20,29,91,4,0,27291,111532,False,0,24,8,0.38,3,7,Low
CMR2023272,Jonathan Lawrence,23,Male,ECE,2,B,CMRIT,Prof. Meena,9.43,7.38,7.82,7.12,8.78,9.05,8.07,7.17,7.94,26,21,20,73,8,1,139569,94586,False,0,48,9,0.78,2,8,Medium
CMR2023474,Robin Thompson,18,Female,CSE,3,C,CMRIT,Prof. Meena,6.41,6.67,5.34,5.38,5.46,7.79,5.56,5.79,6.17,28,21,29,81,5,1,127800,55040,True,3,55,7,0.62,14,3,Medium
CMR2024089,Lucas Schultz,22,Female,CSE,3,C,CMRIT,Prof. Meena,9.29,6.57,7.48,5.61,9.66,7.16,6.15,9.79,7.63,30,30,22,82,8,5,77788,112368,True,0,75,4,0.82,2,2,High
CMR2023109,Sharon Cochran,23,Female,CIVIL,1,A,CMRIT,Dr. Arvind,9.04,6.36,5.32,8.56,7.88,5.39,7.28,6.8,7.7,27,29,22,87,8,0,101387,46237,False,0,33,8,0.77,1,4,Low
CMR2023268,Cynthia Rowe,18,Female,CSE,2,B,CMRIT,Dr. Arvind,8.74,9.63,6.41,9.38,8.06,8.81,6.32,6.57,8.54,22,25,27,56,2,7,44653,120340,True,1,39,4,0.46,0,8,High
CMR2023276,Wayne Morgan,18,Female,EEE,2,B,CMRIT,Prof. Meena,5.11,5.83,5.76,8.51,9.82,7.36,9.3,7.93,6.3,23,24,29,66,7,8,107690,18348,False,0,21,4,0.74,11,7,High
CMR2024084,Eugene Baldwin,21,Male,CIVIL,3,B,CMRIT,Prof. Kavya,7.01,5.05,8.6,5.72,7.81,7.87,8.52,8.18,7.01,26,24,27,93,5,5,111582,22708,False,0,58,5,0.62,7,4,Medium
CMR2023442,Robert Harrison,23,Male,CSE,2,C,CMRIT,Prof. Kavya,8.64,5.42,7.22,6.38,5.99,7.53,5.86,8.73,6.92,20,24,24,99,7,1,96929,35858,False,0,79,8,0.89,1,10,High
CMR2023660,William David DDS,18,Female,ECE,1,B,CMRIT,Dr. Arvind,8.9,8.5,9.55,6.8,9.78,8.75,7.48,6.31,8.7,29,21,26,94,1,7,88331,13274,True,2,55,4,0.85,6,7,High
CMR2024052,Lindsay Smith,23,Male,ECE,2,B,CMRIT,Prof. Meena,10.0,6.84,8.37,6.78,7.64,7.04,7.45,7.27,8.0,22,28,28,79,0,1,61203,75802,True,1,49,6,0.87,12,4,Low
CMR2023982,Joshua Garcia,18,Male,EEE,1,C,CMRIT,Dr. Arvind,7.63,7.56,8.92,7.21,5.8,7.95,9.66,7.12,7.59,23,21,29,87,7,0,118111,68045,True,1,99,8,0.54,1,7,High
CMR2023876,Michael Miles,19,Male,CSE,1,A,CMRIT,Prof. Meena,8.94,9.92,6.07,5.77,8.87,7.16,8.13,8.9,9.43,22,27,27,65,6,4,127536,127385,True,1,29,7,0.92,8,1,Medium
CMR2023533,Dr. Michael Evans,21,Female,CIVIL,2,A,CMRIT,Dr. Ramesh,6.84,8.23,9.85,8.71,6.86,6.4,8.27,6.49,8.41,20,21,24,96,7,2,42182,73871,False,0,46,4,0.94,11,1,High
CMR2023838,Michael Young,21,Male,ECE,3,C,CMRIT,Dr. Ramesh,7.6,9.08,8.73,7.86,9.69,5.75,7.38,8.48,8.12,29,21,20,64,0,4,140534,85757,False,0,25,9,0.62,13,9,Medium
CMR2024173,Monica Anderson,20,Female,EEE,1,A,CMRIT,Dr. Ramesh,9.77,8.91,6.02,6.51,9.82,9.89,6.31,7.51,9.34,25,27,21,51,7,3,57986,61187,False,0,42,7,0.6,6,2,High
CMR2023183,Ashley Barton,23,Male,CSE,3,C,CMRIT,Prof. Kavya,6.6,5.32,9.84,9.1,5.95,8.42,8.83,5.77,7.54,24,25,26,46,7,3,89416,33957,True,0,25,5,0.43,0,4,High
CMR2024122,John Garcia,19,Male,AIML,4,A,CMRIT,Prof. Meena,9.91,8.81,6.45,6.74,5.92,7.36,5.03,8.09,7.29,20,28,24,71,6,3,41104,147808,False,0,52,9,0.35,10,3,Medium
CMR2023670,Chelsea Gill,18,Male,AIML,2,A,CMRIT,Prof. Meena,6.43,7.69,8.83,8.65,7.46,9.7,8.67,9.92,7.9,27,27,26,74,6,2,59075,68673,False,0,41,7,0.42,3,9,Medium
CMR2023866,Lori Mason,19,Female,CSE,3,A,CMRIT,Prof. Kavya,6.87,9.06,9.54,5.03,9.53,7.58,5.24,9.64,7.93,20,26,23,48,8,1,15886,108868,False,0,50,7,0.88,5,1,High
CMR2023295,John Young,18,Male,MECH,1,C,CMRIT,Prof. Meena,8.36,6.76,9.06,9.14,6.79,5.89,8.84,8.49,7.56,20,21,27,83,5,3,102119,55591,False,0,21,5,0.82,12,5,Low
CMR2023641,Martha Bailey,22,Male,AIML,4,A,CMRIT,Prof. Kavya,8.66,5.58,5.79,9.33,9.62,9.8,7.05,8.76,8.07,22,20,21,47,0,7,28392,35391,True,3,71,4,0.39,2,1,High
CMR2023230,Jessica Stephens,20,Male,AIML,1,A,CMRIT,Prof. Meena,7.49,5.8,9.61,5.27,6.82,6.05,6.26,8.08,6.64,27,20,21,86,7,5,18751,145865,True,1,23,7,0.66,1,4,Medium
CMR2024064,Rebekah Greene,20,Female,CSE,3,A,CMRIT,Prof. Meena,6.27,9.05,8.8,8.16,7.95,6.04,7.24,7.79,7.71,21,28,27,59,5,7,110830,124932,False,0,75,4,0.31,4,4,High
CMR2024008,Karen Keith,18,Female,EEE,2,C,CMRIT,Prof. Kavya,6.35,5.96,9.03,8.37,7.69,6.15,6.19,6.04,7.43,25,21,28,91,4,2,104942,119341,False,0,24,8,0.6,12,6,Medium
CMR2023644,Edwin Nunez,21,Male,AIML,3,A,CMRIT,Prof. Meena,9.68,7.75,7.7,6.94,8.81,5.65,9.23,6.3,7.75,21,22,20,75,7,4,41921,131314,True,3,35,6,0.73,7,4,Low
CMR2023923,Amanda Sullivan MD,22,Male,CIVIL,1,C,CMRIT,Dr. Ramesh,6.23,5.72,9.77,8.85,6.29,9.48,9.67,6.51,5.97,24,22,20,71,1,3,59926,88689,True,0,74,4,0.79,9,2,High
CMR2023940,Lydia Pham,18,Male,CIVIL,2,A,CMRIT,Dr. Arvind,8.09,7.45,7.44,8.02,5.01,8.23,5.92,7.91,7.75,25,26,21,44,8,5,103771,43331,True,2,68,9,0.8,4,8,High
CMR2023750,Krista Benton,19,Male,MECH,2,C,CMRIT,Prof. Meena,8.37,9.41,6.02,9.07,7.04,8.73,7.53,8.17,8.22,30,28,26,40,1,3,51408,109241,False,0,33,5,0.6,4,2,High
CMR2024185,John Duncan,23,Male,EEE,2,C,CMRIT,Dr. Arvind,8.29,9.37,9.71,6.62,8.4,7.25,9.9,7.93,8.5,24,20,29,91,4,0,27291,111532,False,0,24,8,0.38,3,7,Low
CMR2023771,Mr. Jeffrey Horton,22,Male,MECH,1,A,CMRIT,Prof. Kavya,9.79,7.66,9.26,9.92,6.54,8.23,6.58,5.61,8.72,26,20,29,42,4,5,20485,144229,False,0,88,4,0.9,11,2,High
CMR2024028,Patrick Mccall,19,Male,CSE,3,C,CMRIT,Dr. Arvind,6.81,9.24,9.76,6.6,5.19,5.29,6.54,5.05,7.15,27,28,21,60,7,6,31164,17439,False,0,66,8,0.68,10,6,High
CMR2023710,Anthony Jones,21,Male,CSE,2,A,CMRIT,Prof. Meena,9.35,6.38,6.2,8.88,7.94,5.59,5.91,5.61,7.7,24,20,30,96,4,3,74408,147727,True,1,40,7,0.87,4,6,Low
CMR2023389,Scott Williams,21,Male,ECE,2,C,CMRIT,Dr. Arvind,8.8,6.56,7.27,5.77,7.52,9.57,6.09,6.82,7.1,27,29,28,81,1,2,58220,109911,True,0,55,7,0.41,4,10,Medium
CMR2024114,Dennis Mills,18,Male,CIVIL,2,C,CMRIT,Prof. Kavya,7.65,6.51,9.86,9.16,8.12,8.82,8.43,9.45,8.29,28,26,27,71,7,3,38516,56548,True,0,27,6,0.77,8,2,Medium
CMR2023839,Michele Smith,19,Female,EEE,4,A,CMRIT,Dr. Arvind,9.5,6.14,6.24,6.34,7.12,7.55,6.06,6.98,6.99,30,27,30,75,2,2,60309,10833,False,0,80,9,0.85,14,2,High
CMR2023414,Erica Alvarez,21,Female,MECH,4,B,CMRIT,Dr. Arvind,5.81,6.91,8.73,9.62,5.66,5.08,9.0,9.75,7.57,21,23,28,90,0,1,82548,93482,False,0,24,8,0.49,4,5,Low
CMR2023255,Kristen Davis,23,Male,CIVIL,3,B,CMRIT,Dr. Ramesh,7.14,9.96,7.06,5.28,6.22,6.17,6.56,5.42,6.97,21,24,21,72,6,4,93498,49506,True,2,24,7,0.76,6,10,Medium
CMR2023191,Karen Graham,19,Female,MECH,4,C,CMRIT,Prof. Kavya,7.2,9.62,6.17,8.43,5.78,8.64,5.43,8.7,7.5,23,29,22,53,8,3,80414,8600,False,0,34,6,0.62,0,6,High
CMR2023275,Matthew Moore,23,Female,EEE,4,C,CMRIT,Prof. Meena,6.51,9.07,8.08,8.45,9.82,8.38,9.02,5.44,8.1,22,20,23,67,8,3,34337,9164,True,0,46,7,0.75,10,4,Medium
CMR2024097,Nicholas Carlson,22,Female,EEE,4,A,CMRIT,Prof. Meena,5.68,6.89,6.96,5.07,8.99,8.86,6.24,6.1,6.85,30,20,20,99,3,0,12840,25832,False,0,48,6,0.41,4,10,Medium
CMR2024143,Matthew Wright,21,Male,MECH,2,A,CMRIT,Prof. Meena,5.97,5.79,8.3,9.15,8.74,5.13,5.4,9.98,7.3,26,29,28,60,2,4,18897,81319,False,0,73,9,0.59,8,10,Medium
CMR2023230,Jessica Stephens,20,Male,AIML,1,A,CMRIT,Prof. Meena,7.49,5.8,9.61,5.27,6.82,6.05,6.26,8.08,6.64,27,20,21,86,7,5,18751,145865,True,1,23,7,0.66,1,4,Medium
CMR2023894,Dr. Andrea Marshall,23,Female,EEE,1,A,CMRIT,Prof. Kavya,7.97,8.41,5.9,9.68,8.93,8.01,8.16,6.67,8.19,21,28,28,81,7,0,31153,45550,False,0,32,8,0.84,13,1,Low
CMR2023116,William Herrera,20,Female,AIML,1,C,CMRIT,Prof. Kavya,8.24,7.49,9.41,7.4,5.44,6.92,7.1,8.21,7.87,28,23,30,98,8,5,147516,10119,False,0,65,7,0.68,7,6,Medium
CMR2023802,Reginald Morrow,22,Male,CSE,1,B,CMRIT,Dr. Ramesh,9.69,6.05,9.59,7.37,5.58,5.53,8.45,8.74,7.87,29,27,30,86,8,4,113774,16950,True,3,39,6,0.78,9,1,Low
CMR2024077,David Carter,18,Female,CSE,1,C,CMRIT,Prof. Meena,7.48,9.91,9.88,8.35,5.14,5.65,5.37,5.65,8.7,21,28,22,93,0,4,149102,97492,True,1,49,9,0.4,9,8,Low
CMR2024122,John Garcia,19,Male,AIML,4,A,CMRIT,Prof. Meena,9.91,8.81,6.45,6.74,5.92,7.36,5.03,8.09,7.29,20,28,24,71,6,3,41104,147808,False,0,52,9,0.35,10,3,Medium
CMR2023552,Diana Hays,22,Female,AIML,2,A,CMRIT,Dr. Arvind,8.81,5.86,9.83,6.92,7.71,5.09,5.8,7.86,7.86,29,24,27,98,3,4,37653,30082,True,3,48,5,0.62,2,3,Low
CMR2023945,Paula Brown,21,Male,AIML,4,C,CMRIT,Dr. Arvind,5.52,8.3,6.01,8.42,7.06,7.85,9.41,6.7,7.41,23,28,22,65,4,2,15811,29706,True,2,23,7,0.86,2,7,Medium
CMR2024089,Lucas Schultz,22,Female,CSE,3,C,CMRIT,Prof. Meena,9.29,6.57,7.48,5.61,9.66,7.16,6.15,9.79,7.63,30,30,22,82,8,5,77788,112368,True,0,75,4,0.82,2,2,High
CMR2023984,Carla Jones,19,Female,MECH,2,B,CMRIT,Dr. Arvind,6.83,9.3,5.72,5.88,8.61,5.54,6.28,7.36,6.93,25,27,26,80,4,3,127305,53445,True,0,62,6,0.71,11,5,Medium
CMR2023132,Mary Marshall,19,Male,MECH,4,C,CMRIT,Dr. Arvind,8.4,8.61,8.28,9.99,6.3,7.09,6.94,5.18,7.6,29,23,25,51,4,1,63291,145151,False,0,65,8,0.51,2,9,High
CMR2023225,Benjamin Smith,22,Male,EEE,2,B,CMRIT,Prof. Meena,9.48,8.15,6.8,5.42,8.16,8.68,5.7,5.97,7.46,29,23,27,41,0,5,106913,21513,False,0,83,8,0.98,12,8,High
CMR2023295,John Young,18,Male,MECH,1,C,CMRIT,Prof. Meena,8.36,6.76,9.06,9.14,6.79,5.89,8.84,8.49,7.56,20,21,27,83,5,3,102119,55591,False,0,21,5,0.82,12,5,Low
CMR2024126,Mary Jackson,19,Female,CIVIL,2,C,CMRIT,Dr. Ramesh,7.93,6.48,5.6,5.03,9.09,8.27,9.82,7.04,6.26,29,26,21,84,2,2,56155,37025,False,0,40,9,0.53,2,4,Medium
CMR2023494,Meghan Cisneros,22,Male,EEE,2,C,CMRIT,Prof. Meena,8.14,9.44,9.9,8.73,8.53,9.91,9.02,6.32,9.05,25,25,23,90,8,2,88926,146654,False,0,29,9,0.39,13,4,Low
CMR2023601,Jennifer Simpson DVM,19,Male,CIVIL,1,B,CMRIT,Prof. Meena,6.54,8.96,9.32,7.56,9.8,7.65,9.58,5.11,7.75,23,21,25,93,0,5,68292,136326,True,2,62,9,0.98,7,10,Medium
CMR2023266,Kimberly Gibson,20,Male,EEE,2,B,CMRIT,Prof. Kavya,5.14,9.88,6.18,7.25,6.24,7.91,8.24,5.43,7.11,27,22,25,75,0,0,109216,60631,False,0,74,9,0.72,1,2,Medium
CMR2023168,Joel Williams,18,Female,CIVIL,2,C,CMRIT,Prof. Kavya,9.0,7.06,6.77,7.68,8.5,6.32,6.44,6.99,7.63,25,21,28,100,3,7,51788,129926,False,0,65,5,0.93,4,3,High
CMR2023624,Shelley Miller,21,Male,AIML,3,C,CMRIT,Prof. Kavya,7.47,8.75,8.95,7.66,8.41,5.0,8.22,8.41,7.71,23,25,20,76,0,0,75602,12837,False,0,69,7,0.81,5,8,Medium
CMR2023342,Anthony Harmon,22,Female,CSE,3,C,CMRIT,Dr. Arvind,7.76,8.04,9.48,5.85,9.73,6.95,6.73,8.71,7.97,28,28,29,49,6,4,110552,130006,True,2,21,9,0.66,2,3,High
CMR2023979,David Rodriguez,23,Male,AIML,4,C,CMRIT,Dr. Arvind,5.94,8.99,8.62,5.5,5.71,8.28,7.88,6.37,7.16,22,26,25,97,2,5,53405,125774,False,0,39,8,0.6,10,7,Medium
CMR2023690,Ryan Landry,20,Female,CIVIL,4,C,CMRIT,Prof. Meena,5.27,8.51,5.84,5.12,8.59,6.85,6.17,9.09,6.93,24,21,30,62,0,0,51432,5170,True,1,43,7,0.93,12,10,Medium
CMR2023211,Denise Mccann,18,Female,CSE,3,B,CMRIT,Prof. Meena,9.23,6.41,6.74,7.87,7.54,7.03,8.57,5.53,7.47,28,30,21,75,2,7,84198,144656,False,0,71,8,0.59,9,4,High
CMR2023147,Stephanie Salazar,21,Male,CSE,1,A,CMRIT,Dr. Arvind,8.75,5.8,6.43,6.25,9.2,8.45,6.48,8.77,7.28,20,25,27,84,0,6,31864,63800,False,0,50,8,0.85,12,5,High
CMR2024093,Michael Sims,18,Female,EEE,2,C,CMRIT,Prof. Kavya,7.29,6.76,6.41,7.33,6.12,8.62,8.91,9.8,6.95,23,20,26,75,3,6,121246,141427,False,0,33,9,0.48,4,10,High
CMR2023878,Michelle Jackson,20,Male,EEE,4,B,CMRIT,Prof. Kavya,6.86,9.63,9.21,7.15,5.8,9.21,6.23,7.02,7.64,28,30,25,78,7,3,110785,73779,False,0,29,6,0.7,4,6,Low
CMR2023109,Sharon Cochran,23,Female,CIVIL,1,A,CMRIT,Dr. Arvind,9.04,6.36,5.32,8.56,7.88,5.39,7.28,6.8,7.7,27,29,22,87,8,0,101387,46237,False,0,33,8,0.77,1,4,Low
CMR2024066,Yolanda Green,23,Male,CSE,1,B,CMRIT,Prof. Meena,5.1,6.7,6.45,7.42,7.28,8.9,7.92,9.7,5.9,29,24,27,65,4,7,113411,35767,True,0,26,7,0.97,9,8,High
CMR2023913,Emily Nelson,20,Female,CIVIL,3,B,CMRIT,Prof. Kavya,6.08,5.93,7.0,8.86,6.49,7.21,8.97,5.87,6.93,29,28,26,100,5,3,117564,55679,False,0,42,9,0.34,12,10,Medium
CMR2023919,Samantha Terry,21,Female,AIML,3,C,CMRIT,Dr. Arvind,9.19,8.74,9.96,8.16,6.94,8.51,6.72,7.03,8.58,23,29,21,72,1,1,125588,41357,False,0,21,5,0.58,9,5,Medium
CMR2023387,James Padilla,19,Female,MECH,1,C,CMRIT,Dr. Ramesh,6.3,8.92,5.55,9.74,5.38,6.65,8.06,9.06,7.61,24,22,22,80,7,1,125768,36431,True,2,38,8,0.92,14,7,Low
CMR2023075,Sarah Moore,18,Female,AIML,4,C,CMRIT,Dr. Arvind,8.59,5.07,6.69,6.48,8.37,5.97,8.05,8.19,7.18,26,26,28,99,3,0,90964,27737,False,0,32,5,0.99,7,6,Medium
CMR2023070,Jordan Henderson,23,Male,CIVIL,1,C,CMRIT,Prof. Meena,5.85,8.15,8.1,9.21,5.74,8.4,5.16,9.74,7.0,21,23,20,89,7,0,120615,87232,False,0,39,7,0.78,6,9,Medium
CMR2023925,Brenda Smith,22,Female,CIVIL,3,B,CMRIT,Prof. Kavya,9.54,9.67,5.38,9.65,6.07,7.18,9.25,6.84,7.92,26,24,26,82,6,1,54157,23808,True,0,24,9,0.65,9,2,Low
CMR2024185,John Duncan,23,Male,EEE,2,C,CMRIT,Dr. Arvind,8.29,9.37,9.71,6.62,8.4,7.25,9.9,7.93,8.5,24,20,29,91,4,0,27291,111532,False,0,24,8,0.38,3,7,Low
CMR2023468,Katie Mcneil,22,Female,CIVIL,3,B,CMRIT,Prof. Kavya,6.71,8.39,7.52,8.13,5.56,8.78,5.91,5.03,7.52,28,27,27,80,8,2,47763,51870,True,3,58,4,0.95,7,6,High
CMR2023366,Courtney Rodriguez,19,Male,ECE,2,C,CMRIT,Prof. Kavya,8.19,5.16,6.35,9.88,7.82,7.82,8.95,5.23,7.39,25,21,24,86,5,2,7222,98493,False,0,70,8,0.44,12,7,Medium
CMR2023738,Mr. David Wright,18,Female,ECE,2,C,CMRIT,Prof. Meena,5.77,8.39,8.14,6.7,9.36,5.32,5.78,7.99,7.25,29,25,26,71,3,3,108337,144926,False,0,52,8,0.81,2,4,Medium
CMR2023727,Nancy Stewart,19,Female,ECE,1,A,CMRIT,Prof. Kavya,7.31,8.37,7.13,6.17,5.39,6.57,6.45,7.62,7.84,28,29,25,88,4,4,108146,96404,False,0,72,9,0.6,4,6,Medium
CMR2023917,Christine Parker,23,Female,AIML,1,B,CMRIT,Dr. Ramesh,6.97,7.69,6.48,7.35,8.19,8.08,8.76,8.79,7.33,30,21,26,84,7,1,30213,97926,True,0,32,7,0.93,8,4,Medium
CMR2023117,Ashley Waller,21,Female,AIML,1,B,CMRIT,Prof. Kavya,5.15,9.05,6.4,9.04,7.36,6.79,7.92,6.16,7.1,22,21,23,51,3,5,68216,74868,True,1,93,7,0.55,13,3,High
CMR2023628,Joseph Wilson,22,Male,ECE,1,A,CMRIT,Dr. Arvind,6.05,6.54,6.63,7.27,6.63,6.64,5.54,8.64,6.29,25,29,23,79,4,2,114965,129742,True,1,74,7,0.9,0,1,Medium
CMR2023119,Jeffrey Chandler,23,Male,ECE,1,A,CMRIT,Prof. Kavya,7.93,9.59,8.87,9.23,9.3,9.8,6.87,9.71,8.76,26,29,21,81,5,2,93227,84105,False,0,37,5,0.81,6,8,Low
CMR2023056,Timothy Duncan,18,Female,AIML,2,A,CMRIT,Dr. Arvind,9.59,7.36,9.16,8.79,7.35,8.08,9.53,5.1,8.72,23,22,28,80,7,1,143352,115953,True,2,50,6,0.39,3,7,Low
CMR2023888,Chris Velazquez,18,Male,CIVIL,3,B,CMRIT,Prof. Kavya,8.25,9.04,5.22,6.17,5.45,9.56,8.0,8.81,7.28,25,28,24,82,7,7,9603,127852,True,2,39,4,0.46,9,8,High
CMR2023907,Kelly Haynes,22,Male,ECE,4,A,CMRIT,Prof. Kavya,5.33,9.63,6.38,8.66,8.48,6.87,7.41,7.9,7.58,23,22,25,92,5,3,29325,35004,False,0,95,7,0.67,7,10,High
CMR2023338,Scott Thomas,21,Male,EEE,4,A,CMRIT,Dr. Ramesh,8.77,6.04,8.29,5.59,9.31,8.48,5.03,7.24,7.34,25,21,20,47,8,4,38768,59061,True,0,91,6,0.9,0,2,High
CMR2023988,Anna Wheeler,19,Female,MECH,4,B,CMRIT,Prof. Meena,5.24,8.24,5.24,5.04,8.9,8.94,6.37,8.42,7.05,27,30,25,96,3,8,83013,23037,True,1,74,8,0.65,0,2,High
CMR2023127,Jason Powell,22,Female,CSE,2,B,CMRIT,Prof. Meena,5.72,8.04,8.47,5.19,9.45,6.66,6.19,8.73,6.86,24,25,20,95,3,2,93569,84444,False,0,55,7,0.9,10,2,Medium
CMR2023056,Timothy Duncan,18,Female,AIML,2,A,CMRIT,Dr. Arvind,9.59,7.36,9.16,8.79,7.35,8.08,9.53,5.1,8.72,23,22,28,80,7,1,143352,115953,True,2,50,6,0.39,3,7,Low
CMR2023878,Michelle Jackson,20,Male,EEE,4,B,CMRIT,Prof. Kavya,6.86,9.63,9.21,7.15,5.8,9.21,6.23,7.02,7.64,28,30,25,78,7,3,110785,73779,False,0,29,6,0.7,4,6,Low
CMR2023946,Kendra Wang DVM,21,Female,AIML,3,A,CMRIT,Prof. Kavya,7.44,9.97,6.58,6.73,9.81,9.55,7.45,9.17,8.35,30,26,25,67,2,2,106162,128014,False,0,53,8,0.61,4,10,Medium
CMR2023617,Jonathan Jacobson,22,Female,AIML,4,B,CMRIT,Dr. Arvind,6.88,5.95,7.24,9.46,7.73,6.54,7.96,8.63,7.55,22,29,25,67,4,4,17526,41923,False,0,57,8,0.33,13,2,Medium
CMR2023119,Jeffrey Chandler,23,Male,ECE,1,A,CMRIT,Prof. Kavya,7.93,9.59,8.87,9.23,9.3,9.8,6.87,9.71,8.76,26,29,21,81,5,2,93227,84105,False,0,37,5,0.81,6,8,Low
CMR2023518,Penny Bowman,18,Female,CIVIL,2,A,CMRIT,Dr. Ramesh,8.58,6.93,8.13,5.96,9.09,8.54,7.48,8.53,7.4,27,24,30,96,8,3,21060,121003,True,0,30,5,0.98,4,3,Medium
CMR2023287,Carolyn Miller,21,Male,CIVIL,2,C,CMRIT,Dr. Arvind,9.61,5.59,9.26,5.55,6.85,6.45,7.61,5.59,7.5,24,25,24,96,4,3,82065,132382,True,1,38,8,0.6,14,5,Low
CMR2023314,Richard Smith,23,Male,EEE,1,A,CMRIT,Prof. Kavya,6.37,8.14,6.46,9.58,8.49,8.61,6.09,7.47,7.26,28,21,25,42,7,0,25062,32583,False,0,72,7,0.42,3,9,High
CMR2023215,Anthony Everett,19,Male,CSE,1,A,CMRIT,Prof. Meena,8.29,9.87,5.68,5.69,9.03,9.3,9.47,8.48,9.08,26,29,22,67,0,7,124116,138540,False,0,90,7,0.57,3,3,High
CMR2023619,Elizabeth Mendez,19,Female,CIVIL,4,C,CMRIT,Prof. Meena,6.17,7.13,9.13,9.37,7.7,9.38,9.24,5.89,8.0,30,25,26,86,6,6,12643,93728,True,3,22,7,0.85,9,9,High
CMR2023601,Jennifer Simpson DVM,19,Male,CIVIL,1,B,CMRIT,Prof. Meena,6.54,8.96,9.32,7.56,9.8,7.65,9.58,5.11,7.75,23,21,25,93,0,5,68292,136326,True,2,62,9,0.98,7,10,Medium
CMR2023644,Edwin Nunez,21,Male,AIML,3,A,CMRIT,Prof. Meena,9.68,7.75,7.7,6.94,8.81,5.65,9.23,6.3,7.75,21,22,20,75,7,4,41921,131314,True,3,35,6,0.73,7,4,Low
CMR2023500,Jennifer Banks,20,Male,ECE,2,C,CMRIT,Prof. Kavya,9.5,7.49,8.02,9.99,9.6,9.69,9.64,7.74,8.75,26,27,21,90,6,0,22160,93694,True,2,38,5,0.97,7,4,Low
CMR2023304,Maria Parker,19,Female,CSE,1,A,CMRIT,Prof. Kavya,6.42,6.09,6.31,5.87,9.24,6.23,5.98,5.88,6.25,24,21,20,82,2,8,40977,104332,True,2,46,6,0.62,5,6,High
CMR2023846,Brandi Haney,21,Male,AIML,1,C,CMRIT,Dr. Ramesh,7.59,9.49,9.8,5.33,5.8,5.75,5.83,9.73,8.54,28,22,30,73,8,5,82590,83419,False,0,23,9,0.9,7,3,Medium
CMR2023938,Amy Ramirez,22,Female,AIML,1,B,CMRIT,Dr. Ramesh,9.56,5.7,7.18,5.92,9.41,8.09,5.45,5.79,7.63,27,24,22,97,1,5,41394,39346,True,2,31,7,0.62,14,3,Low
CMR2023287,Carolyn Miller,21,Male,CIVIL,2,C,CMRIT,Dr. Arvind,9.61,5.59,9.26,5.55,6.85,6.45,7.61,5.59,7.5,24,25,24,96,4,3,82065,132382,True,1,38,8,0.6,14,5,Low
CMR2024133,Caitlin Perry,21,Female,ECE,3,A,CMRIT,Dr. Ramesh,7.26,7.91,9.14,8.72,5.68,8.2,9.63,6.42,7.82,23,24,27,81,8,3,97971,33606,False,0,23,9,0.48,5,10,Low
CMR2023757,Melissa Stephens,21,Female,CIVIL,2,C,CMRIT,Prof. Meena,6.31,9.27,9.97,7.77,7.08,9.33,5.07,9.63,8.33,27,25,20,46,5,3,17384,5165,True,0,64,9,0.57,10,7,High
CMR2023594,Tanya Russell,22,Male,AIML,1,B,CMRIT,Dr. Ramesh,6.3,6.66,5.68,5.89,7.14,9.25,6.03,9.01,6.48,23,30,21,87,5,7,140778,43750,False,0,29,7,0.8,8,2,High
CMR2023539,David Davis,19,Male,AIML,1,A,CMRIT,Dr. Ramesh,6.48,6.04,9.14,8.4,5.34,7.26,5.59,9.72,6.26,30,26,20,98,7,0,83699,94959,False,0,67,5,0.51,9,10,Medium
CMR2023277,Marie Christian,20,Male,EEE,4,B,CMRIT,Prof. Meena,6.16,5.3,5.1,7.88,7.77,6.34,8.24,9.45,7.03,21,27,29,62,7,3,95902,122525,False,0,22,5,0.5,3,8,Medium
CMR2023519,Vincent Reynolds,23,Male,CIVIL,1,A,CMRIT,Prof. Kavya,9.24,8.78,6.14,6.97,9.18,6.48,7.06,8.2,9.01,23,26,24,62,0,6,95376,68116,True,2,56,5,0.35,1,8,High
CMR2023516,William Day,21,Female,CSE,3,C,CMRIT,Prof. Meena,6.68,9.02,9.27,8.92,7.04,6.71,9.71,8.6,7.94,28,23,27,97,1,0,78830,74906,True,3,30,9,0.94,13,9,Low
CMR2023868,Lisa Ramirez,22,Male,EEE,1,A,CMRIT,Prof. Meena,5.21,9.32,7.32,9.59,9.74,9.67,8.31,6.29,7.27,24,30,29,84,4,5,40930,16493,False,0,56,9,0.69,9,5,Medium
CMR2024151,Robert West,23,Female,CSE,2,A,CMRIT,Prof. Meena,9.69,9.92,8.84,9.34,8.95,8.98,6.98,7.87,9.45,30,29,27,91,7,4,104436,144873,True,3,20,8,0.52,7,2,Low
CMR2023978,Derek Wright,23,Female,CIVIL,1,A,CMRIT,Dr. Ramesh,5.32,5.69,7.8,6.76,6.77,8.38,8.45,8.18,5.51,24,25,20,98,7,4,53494,29697,False,0,46,6,0.46,1,3,High
CMR2023650,Andrew Harper,18,Male,ECE,4,B,CMRIT,Prof. Meena,5.5,9.83,8.13,5.12,5.34,5.58,7.23,7.43,6.77,27,21,24,92,4,0,14791,10150,False,0,94,5,0.68,8,2,High
CMR2023609,Casey Chase,21,Male,MECH,1,C,CMRIT,Dr. Arvind,9.97,7.9,5.32,6.45,7.87,9.67,8.57,7.27,8.94,24,29,22,87,7,1,110606,115293,False,0,57,8,0.75,12,10,Medium
CMR2023079,Lisa Barnes,21,Female,EEE,4,A,CMRIT,Prof. Kavya,8.27,6.74,5.89,7.69,7.64,8.64,6.11,5.02,7.0,20,24,27,52,1,0,147723,116182,False,0,49,5,0.62,2,5,High
CMR2023253,Barbara Dudley,23,Female,EEE,2,B,CMRIT,Prof. Meena,7.45,6.31,6.72,9.3,7.73,9.76,5.16,7.15,7.45,21,26,27,96,2,7,87459,103654,False,0,78,4,0.32,8,5,High
CMR2023109,Sharon Cochran,23,Female,CIVIL,1,A,CMRIT,Dr. Arvind,9.04,6.36,5.32,8.56,7.88,5.39,7.28,6.8,7.7,27,29,22,87,8,0,101387,46237,False,0,33,8,0.77,1,4,Low
CMR2024039,Corey Whitaker,23,Female,ECE,4,B,CMRIT,Dr. Ramesh,9.83,5.32,8.18,9.85,6.93,9.44,9.64,7.14,8.29,25,21,30,62,5,1,35884,134242,False,0,52,6,0.46,9,7,Medium
CMR2023002,Angie Henderson,21,Female,EEE,3,A,CMRIT,Dr. Arvind,6.78,8.35,8.51,8.42,5.36,8.17,7.67,6.22,7.6,27,26,24,98,5,3,62570,90008,True,1,24,6,0.58,1,4,Low
CMR2024126,Mary Jackson,19,Female,CIVIL,2,C,CMRIT,Dr. Ramesh,7.93,6.48,5.6,5.03,9.09,8.27,9.82,7.04,6.26,29,26,21,84,2,2,56155,37025,False,0,40,9,0.53,2,4,Medium
CMR2023684,James Whitaker,19,Female,CIVIL,4,A,CMRIT,Dr. Ramesh,5.68,7.1,6.95,9.67,9.62,8.97,6.87,7.41,7.78,20,25,28,92,1,5,20466,28977,True,2,20,8,0.42,7,2,Low
CMR2023878,Michelle Jackson,20,Male,EEE,4,B,CMRIT,Prof. Kavya,6.86,9.63,9.21,7.15,5.8,9.21,6.23,7.02,7.64,28,30,25,78,7,3,110785,73779,False,0,29,6,0.7,4,6,Low
CMR2023681,Justin Walker,21,Female,ECE,3,A,CMRIT,Prof. Meena,7.43,6.45,5.45,8.74,7.44,6.93,5.92,5.37,7.07,28,30,30,67,4,2,149552,42920,False,0,31,8,0.8,6,3,Medium
CMR2023802,Reginald Morrow,22,Male,CSE,1,B,CMRIT,Dr. Ramesh,9.69,6.05,9.59,7.37,5.58,5.53,8.45,8.74,7.87,29,27,30,86,8,4,113774,16950,True,3,39,6,0.78,9,1,Low
CMR2023241,Matthew Moon,20,Male,CIVIL,4,A,CMRIT,Prof. Kavya,8.39,5.58,5.12,8.09,6.1,6.79,6.63,8.04,6.84,23,29,28,72,6,3,63233,77856,True,0,30,8,0.89,10,2,Medium
CMR2023050,Jessica Holmes,22,Female,CIVIL,3,C,CMRIT,Dr. Arvind,5.75,5.34,7.21,6.51,6.37,5.28,7.54,6.55,6.08,27,20,20,75,0,7,101662,80255,True,0,98,8,0.65,7,10,High
CMR2023062,Connor West,22,Female,MECH,1,B,CMRIT,Dr. Arvind,8.52,6.07,8.06,8.47,9.99,6.0,5.68,5.37,7.29,22,27,21,90,5,8,88778,96075,True,2,58,5,0.8,14,3,High
CMR2023456,Dustin Gallegos,23,Female,MECH,4,B,CMRIT,Dr. Ramesh,6.71,6.6,9.11,5.76,9.27,7.49,7.66,5.85,7.31,26,24,26,63,4,4,13458,25606,False,0,91,6,0.36,11,9,High
CMR2023621,Lisa Perry,18,Female,MECH,4,A,CMRIT,Dr. Arvind,7.02,5.75,5.36,8.26,9.69,5.36,7.85,6.64,6.99,26,27,29,90,8,0,15337,145052,False,0,50,7,0.74,8,5,Medium
CMR2023697,Alicia Li,21,Female,MECH,2,A,CMRIT,Prof. Kavya,7.97,7.97,7.12,5.84,5.23,9.77,6.2,8.36,7.22,22,20,22,96,0,2,124950,102004,False,0,86,5,0.35,7,8,High
CMR2024099,Steven Howard,19,Male,ECE,1,B,CMRIT,Prof. Meena,8.72,7.26,9.24,9.77,5.92,5.39,6.84,7.82,7.99,20,24,21,91,1,2,140419,48516,True,2,28,7,0.58,0,9,Low
CMR2023684,James Whitaker,19,Female,CIVIL,4,A,CMRIT,Dr. Ramesh,5.68,7.1,6.95,9.67,9.62,8.97,6.87,7.41,7.78,20,25,28,92,1,5,20466,28977,True,2,20,8,0.42,7,2,Low
CMR2023293,Margaret Coleman,22,Female,CIVIL,2,A,CMRIT,Dr. Ramesh,9.67,7.41,7.99,9.2,6.9,6.76,8.16,7.93,8.57,28,24,20,86,8,4,47314,145008,True,2,31,7,0.79,13,3,Low
CMR2023249,Kimberly Gutierrez,19,Male,MECH,1,A,CMRIT,Dr. Ramesh,7.64,8.58,9.82,5.86,8.77,5.02,8.63,9.62,8.11,28,27,25,66,1,5,53529,120255,True,1,65,7,0.6,8,4,Medium
CMR2023206,Bryan Herrera,22,Male,AIML,3,B,CMRIT,Dr. Ramesh,9.85,6.4,5.16,9.92,8.13,9.21,7.85,6.95,8.11,29,21,24,68,4,3,87444,13291,False,0,72,4,0.65,3,6,High
CMR2023925,Brenda Smith,22,Female,CIVIL,3,B,CMRIT,Prof. Kavya,9.54,9.67,5.38,9.65,6.07,7.18,9.25,6.84,7.92,26,24,26,82,6,1,54157,23808,True,0,24,9,0.65,9,2,Low
CMR2023765,Laura Griffin,21,Female,AIML,1,B,CMRIT,Prof. Meena,5.92,8.42,6.57,5.61,8.46,7.04,9.16,6.06,7.17,25,23,27,57,6,7,139180,18107,True,0,65,7,0.78,3,5,High
CMR2023242,Kevin Walters,21,Female,MECH,1,C,CMRIT,Dr. Arvind,6.99,8.58,7.14,6.93,5.06,6.72,6.54,7.23,7.79,28,21,23,86,6,2,121449,113949,False,0,56,5,0.86,14,7,Medium
CMR2023509,Michelle Ho,23,Female,MECH,3,B,CMRIT,Prof. Meena,7.4,9.49,7.27,9.4,6.12,6.43,8.65,9.82,7.68,26,24,22,94,3,6,101489,10488,False,0,58,5,0.33,6,9,High
CMR2023163,Jeffrey Johnson,20,Male,CSE,1,C,CMRIT,Dr. Ramesh,7.6,6.88,6.03,9.02,7.04,5.53,7.13,7.93,7.24,24,28,26,51,5,8,100851,77236,False,0,46,7,0.69,8,8,High
CMR2024102,Nicholas Lawrence,22,Male,CSE,2,C,CMRIT,Dr. Arvind,9.23,6.89,8.29,8.0,9.44,8.63,7.05,7.76,8.1,23,24,21,73,1,1,16866,62788,False,0,30,6,0.37,12,2,Medium
CMR2023909,Casey Wilkins,20,Male,EEE,4,C,CMRIT,Prof. Meena,5.85,5.52,9.0,7.43,7.74,7.74,5.49,8.08,7.11,26,30,28,66,8,0,88907,115951,False,0,36,6,0.83,13,1,Medium
CMR2023500,Jennifer Banks,20,Male,ECE,2,C,CMRIT,Prof. Kavya,9.5,7.49,8.02,9.99,9.6,9.69,9.64,7.74,8.75,26,27,21,90,6,0,22160,93694,True,2,38,5,0.97,7,4,Low
CMR2023937,Edward Jenkins,20,Female,ECE,4,B,CMRIT,Dr. Ramesh,6.92,9.17,7.82,6.89,5.81,5.82,7.26,6.2,6.99,23,23,30,60,8,2,42853,93588,False,0,65,5,0.95,13,2,Medium
CMR2023056,Timothy Duncan,18,Female,AIML,2,A,CMRIT,Dr. Arvind,9.59,7.36,9.16,8.79,7.35,8.08,9.53,5.1,8.72,23,22,28,80,7,1,143352,115953,True,2,50,6,0.39,3,7,Low
CMR2024151,Robert West,23,Female,CSE,2,A,CMRIT,Prof. Meena,9.69,9.92,8.84,9.34,8.95,8.98,6.98,7.87,9.45,30,29,27,91,7,4,104436,144873,True,3,20,8,0.52,7,2,Low
CMR2023086,Shirley Suarez,18,Male,MECH,4,A,CMRIT,Dr. Ramesh,7.65,6.37,9.89,5.09,9.07,8.37,9.03,9.55,8.13,21,21,28,65,7,3,44032,68168,True,2,65,6,0.86,1,6,Medium
CMR2023077,Megan Young,21,Female,MECH,2,A,CMRIT,Dr. Ramesh,7.63,7.64,6.81,9.59,5.56,9.14,9.51,6.01,7.92,28,22,22,45,8,7,91014,141404,False,0,34,9,0.44,9,8,High
CMR2023217,Mark Brown,22,Male,ECE,1,B,CMRIT,Prof. Meena,7.56,7.35,8.67,7.11,9.8,8.99,6.45,5.18,7.46,29,24,29,91,0,4,73273,21100,False,0,94,5,0.7,10,5,High
CMR2024170,Tina Taylor,19,Female,AIML,3,A,CMRIT,Dr. Arvind,5.72,9.67,9.71,9.47,8.87,8.23,7.5,8.87,8.61,21,26,30,58,4,5,87138,30239,True,1,31,6,0.88,5,8,High
CMR2024187,Donna Boone,22,Female,ECE,2,A,CMRIT,Prof. Meena,9.21,8.49,6.77,7.18,7.37,5.84,5.04,5.06,7.91,26,21,30,84,5,2,122133,58659,False,0,59,7,0.71,12,5,Medium
CMR2023644,Edwin Nunez,21,Male,AIML,3,A,CMRIT,Prof. Meena,9.68,7.75,7.7,6.94,8.81,5.65,9.23,6.3,7.75,21,22,20,75,7,4,41921,131314,True,3,35,6,0.73,7,4,Low
CMR2023292,Jeremy Reed,18,Female,CIVIL,2,A,CMRIT,Dr. Arvind,7.77,7.93,5.51,8.81,8.26,5.63,7.84,7.23,7.5,30,28,23,42,0,7,42320,102859,True,1,88,7,0.97,8,8,High
CMR2023078,Steve Sanchez,18,Female,AIML,4,B,CMRIT,Dr. Ramesh,7.79,8.36,6.54,5.11,6.27,5.02,6.09,5.37,6.32,26,25,21,89,6,5,146862,20795,True,3,24,6,0.59,12,3,Medium
CMR2023680,Suzanne Wood,22,Female,EEE,1,C,CMRIT,Prof. Kavya,5.63,9.72,5.66,9.41,8.82,6.79,9.25,8.16,7.68,29,28,22,63,2,1,104651,8851,False,0,30,8,0.9,12,10,Medium
CMR2023292,Jeremy Reed,18,Female,CIVIL,2,A,CMRIT,Dr. Arvind,7.77,7.93,5.51,8.81,8.26,5.63,7.84,7.23,7.5,30,28,23,42,0,7,42320,102859,True,1,88,7,0.97,8,8,High
CMR2024077,David Carter,18,Female,CSE,1,C,CMRIT,Prof. Meena,7.48,9.91,9.88,8.35,5.14,5.65,5.37,5.65,8.7,21,28,22,93,0,4,149102,97492,True,1,49,9,0.4,9,8,Low
CMR2023458,Aaron Miller,19,Female,MECH,4,B,CMRIT,Prof. Kavya,7.09,8.0,6.6,6.82,5.53,9.42,9.8,8.81,7.76,25,28,28,50,2,6,144593,107805,True,3,83,7,0.5,14,8,High
CMR2023322,Johnathan Davis,19,Female,AIML,2,B,CMRIT,Dr. Arvind,7.88,9.84,6.01,9.31,7.41,9.76,6.8,6.89,8.26,27,27,26,78,8,2,137459,118621,True,3,22,7,0.6,1,5,Low
CMR2023161,Jennifer Adkins,22,Male,MECH,2,C,CMRIT,Dr. Arvind,5.84,8.43,9.61,7.98,5.34,6.89,5.66,5.08,7.96,28,28,30,72,1,1,115046,44206,True,1,80,8,0.72,14,9,High
CMR2023577,Raymond Le,23,Female,MECH,4,B,CMRIT,Dr. Arvind,8.21,6.0,5.21,7.26,5.02,6.78,9.94,9.67,7.26,30,25,26,75,1,2,6949,87619,False,0,30,5,0.89,9,9,Medium
CMR2023371,Debra White,23,Female,CSE,1,A,CMRIT,Dr. Ramesh,9.59,9.61,8.84,6.0,6.64,6.59,9.98,7.43,9.6,27,21,24,78,6,0,124165,15035,True,3,38,9,0.45,9,1,Low
CMR2023067,Carol Tucker,19,Male,EEE,4,B,CMRIT,Dr. Arvind,7.49,5.45,6.97,7.29,6.2,7.92,5.24,6.41,6.62,29,30,30,88,6,5,128361,79907,True,0,75,5,0.92,11,6,Medium
CMR2023747,Dana Bennett,22,Female,CIVIL,2,A,CMRIT,Dr. Arvind,8.29,5.56,5.7,9.65,9.04,5.9,5.97,5.09,7.3,21,20,24,89,1,1,47754,71305,True,0,56,9,0.64,8,10,Medium
CMR2023089,Aimee Montoya,20,Female,ECE,1,C,CMRIT,Dr. Arvind,8.92,7.25,6.14,7.77,6.88,5.93,7.93,6.9,8.09,29,24,23,87,6,5,24269,26505,False,0,39,7,0.8,10,3,Low
CMR2023010,Monica Herrera,23,Female,EEE,3,A,CMRIT,Dr. Ramesh,7.29,9.99,9.98,5.37,6.07,6.33,9.67,9.4,7.5,23,25,24,59,1,2,46352,119867,False,0,98,9,0.67,10,9,High
CMR2023322,Johnathan Davis,19,Female,AIML,2,B,CMRIT,Dr. Arvind,7.88,9.84,6.01,9.31,7.41,9.76,6.8,6.89,8.26,27,27,26,78,8,2,137459,118621,True,3,22,7,0.6,1,5,Low
CMR2023906,Michelle Davis DVM,23,Female,EEE,3,A,CMRIT,Dr. Arvind,8.04,5.13,9.64,9.84,9.6,7.74,5.01,5.89,8.33,25,25,21,74,8,3,59600,76063,False,0,52,8,0.58,2,3,Medium
CMR2023710,Anthony Jones,21,Male,CSE,2,A,CMRIT,Prof. Meena,9.35,6.38,6.2,8.88,7.94,5.59,5.91,5.61,7.7,24,20,30,96,4,3,74408,147727,True,1,40,7,0.87,4,6,Low
CMR2023925,Brenda Smith,22,Female,CIVIL,3,B,CMRIT,Prof. Kavya,9.54,9.67,5.38,9.65,6.07,7.18,9.25,6.84,7.92,26,24,26,82,6,1,54157,23808,True,0,24,9,0.65,9,2,Low
CMR2024128,Anna Briggs,22,Female,AIML,4,B,CMRIT,Prof. Kavya,7.01,6.11,9.92,6.38,7.94,9.85,5.1,9.54,7.73,25,28,28,78,3,5,6833,128440,True,3,28,6,0.88,2,3,Low
CMR2024173,Monica Anderson,20,Female,EEE,1,A,CMRIT,Dr. Ramesh,9.77,8.91,6.02,6.51,9.82,9.89,6.31,7.51,9.34,25,27,21,51,7,3,57986,61187,False,0,42,7,0.6,6,2,High
CMR2023885,Kenneth Sharp,18,Male,AIML,2,C,CMRIT,Prof. Meena,9.56,9.99,5.08,8.88,9.18,9.1,9.34,8.65,8.38,27,20,23,43,2,0,112009,55852,True,2,54,5,0.94,8,7,High
CMR2023643,Courtney Smith,23,Male,ECE,1,C,CMRIT,Dr. Arvind,9.91,5.75,6.43,5.64,9.2,7.96,8.5,6.83,7.83,25,26,21,89,1,3,5324,61260,False,0,36,9,0.71,13,1,Low
CMR2023892,Jake Shaw,21,Male,CSE,4,B,CMRIT,Dr. Arvind,9.36,8.57,8.14,7.24,8.36,7.76,9.05,9.92,8.55,29,25,24,44,8,8,23507,121698,False,0,83,6,0.52,9,9,High
CMR2023365,Kenneth Lewis,21,Male,AIML,4,A,CMRIT,Dr. Ramesh,9.08,7.34,6.57,8.21,9.14,5.82,9.02,8.23,7.93,23,24,21,74,1,1,32367,25397,False,0,97,6,0.32,4,3,High
CMR2023058,Brent Jordan,18,Female,AIML,1,C,CMRIT,Dr. Arvind,5.67,6.76,6.69,8.21,9.15,8.42,9.9,7.39,6.21,22,22,21,60,4,8,124977,14695,False,0,45,4,0.85,14,1,High
CMR2024111,Breanna Rivas,20,Male,CSE,4,C,CMRIT,Prof. Meena,7.2,5.17,5.03,6.82,8.21,7.39,6.14,6.6,6.57,29,22,21,79,3,5,36833,106864,True,2,23,7,0.79,9,9,Medium
CMR2023055,Michael Lewis,18,Female,ECE,1,C,CMRIT,Dr. Ramesh,6.43,8.82,6.36,9.53,5.74,7.19,9.73,6.11,7.62,27,25,20,54,0,5,113762,18960,False,0,84,6,0.47,1,6,High
CMR2024107,Jennifer James,22,Female,MECH,1,B,CMRIT,Dr. Ramesh,9.49,6.23,9.04,5.13,5.27,9.46,8.99,5.02,7.86,21,27,27,92,0,7,63175,130952,False,0,93,6,0.72,12,4,High
CMR2024055,Gregory King,20,Male,ECE,2,B,CMRIT,Dr. Ramesh,9.62,7.93,8.95,7.73,9.03,5.73,6.67,8.09,8.56,24,26,25,83,5,4,123359,74233,False,0,68,6,0.79,2,6,Medium
CMR2023089,Aimee Montoya,20,Female,ECE,1,C,CMRIT,Dr. Arvind,8.92,7.25,6.14,7.77,6.88,5.93,7.93,6.9,8.09,29,24,23,87,6,5,24269,26505,False,0,39,7,0.8,10,3,Low
CMR2024181,Christina Weber,21,Male,AIML,2,C,CMRIT,Dr. Ramesh,5.16,8.47,7.06,7.19,7.59,7.07,9.49,6.37,6.97,26,27,24,69,5,5,30759,107995,True,3,31,5,0.33,3,2,Medium
CMR2023189,Jessica Gross,18,Female,MECH,1,B,CMRIT,Prof. Kavya,6.63,8.49,5.77,8.37,9.99,9.86,8.76,7.88,7.56,21,23,26,75,6,4,80964,108369,True,1,63,4,0.63,11,1,High
CMR2023500,Jennifer Banks,20,Male,ECE,2,C,CMRIT,Prof. Kavya,9.5,7.49,8.02,9.99,9.6,9.69,9.64,7.74,8.75,26,27,21,90,6,0,22160,93694,True,2,38,5,0.97,7,4,Low
CMR2023941,Virginia Casey,20,Female,CSE,4,C,CMRIT,Prof. Kavya,6.13,6.43,8.9,8.63,9.89,5.68,6.17,9.81,7.71,30,30,27,93,3,7,127021,145109,True,2,62,7,0.5,11,5,High
CMR2023409,Jesse Brown,19,Female,CIVIL,1,A,CMRIT,Dr. Ramesh,7.48,6.13,6.75,7.39,8.91,9.38,6.14,9.66,6.8,20,23,28,67,6,8,104454,9743,False,0,26,7,0.84,11,3,High
CMR2023430,Maria Henderson,19,Female,ECE,4,A,CMRIT,Prof. Kavya,9.7,5.18,5.1,9.7,5.51,6.99,7.42,5.78,6.92,24,20,23,95,1,1,69830,13854,False,0,35,7,0.76,2,5,Medium
CMR2024054,Maria Coleman,20,Male,EEE,1,C,CMRIT,Prof. Kavya,9.87,6.71,9.74,8.35,6.19,8.65,9.05,9.73,8.29,21,22,28,52,2,1,142124,107325,False,0,94,4,0.36,2,3,High
CMR2023445,Tracy Montoya,22,Female,CSE,2,B,CMRIT,Prof. Kavya,7.34,5.16,5.58,8.29,5.93,5.7,7.93,6.86,6.59,26,30,29,81,1,2,13873,89507,True,2,21,5,0.59,5,6,Medium
CMR2024037,Eric Hunter,21,Male,MECH,2,B,CMRIT,Prof. Kavya,9.36,5.79,9.53,8.58,9.51,8.8,5.55,6.09,8.31,23,25,23,71,6,7,15940,119501,False,0,74,8,0.81,10,7,High
CMR2023670,Chelsea Gill,18,Male,AIML,2,A,CMRIT,Prof. Meena,6.43,7.69,8.83,8.65,7.46,9.7,8.67,9.92,7.9,27,27,26,74,6,2,59075,68673,False,0,41,7,0.42,3,9,Medium
CMR2024119,Brittany Davis,23,Female,EEE,2,B,CMRIT,Prof. Kavya,5.58,5.89,8.62,6.98,8.62,6.08,5.95,7.54,6.77,21,28,20,89,3,7,50930,88748,False,0,99,8,0.7,7,8,High
CMR2023088,Lisa Archer,22,Male,AIML,3,A,CMRIT,Prof. Kavya,7.94,8.76,8.56,6.99,5.38,5.81,6.2,9.17,7.24,26,30,28,67,3,1,91960,105622,True,0,84,9,0.98,0,2,High
CMR2023500,Jennifer Banks,20,Male,ECE,2,C,CMRIT,Prof. Kavya,9.5,7.49,8.02,9.99,9.6,9.69,9.64,7.74,8.75,26,27,21,90,6,0,22160,93694,True,2,38,5,0.97,7,4,Low
CMR2023427,Emily Bennett,19,Female,CIVIL,4,B,CMRIT,Prof. Meena,7.99,7.72,6.48,6.09,9.81,9.48,8.82,7.1,7.94,27,25,23,85,2,7,116375,35361,True,3,60,9,0.38,11,7,High
CMR2023761,Amanda Terrell,20,Male,CSE,2,C,CMRIT,Prof. Kavya,6.56,7.45,5.41,5.69,6.67,6.74,5.51,8.51,6.28,29,20,20,55,2,7,70309,108386,True,1,31,4,0.95,12,8,High
CMR2023710,Anthony Jones,21,Male,CSE,2,A,CMRIT,Prof. Meena,9.35,6.38,6.2,8.88,7.94,5.59,5.91,5.61,7.7,24,20,30,96,4,3,74408,147727,True,1,40,7,0.87,4,6,Low
CMR2023496,Austin Osborne,23,Female,CSE,3,C,CMRIT,Dr. Arvind,9.74,8.64,8.57,7.45,8.52,9.71,9.93,6.08,8.77,27,24,28,95,0,0,84865,91647,True,3,38,8,0.99,9,6,Low
CMR2023770,Jesse Clark,22,Male,CSE,2,A,CMRIT,Prof. Meena,7.34,5.23,6.58,7.8,7.13,7.11,6.04,9.12,6.74,25,21,30,41,1,1,87072,137275,True,3,21,9,0.52,2,7,High
CMR2023138,David Alvarez,18,Male,EEE,2,C,CMRIT,Prof. Kavya,8.89,9.16,9.87,6.79,7.05,5.8,7.74,9.55,8.68,27,25,23,44,1,4,5717,8342,True,0,93,9,0.65,1,9,High
CMR2023360,Parker Cain,22,Male,AIML,4,C,CMRIT,Dr. Arvind,8.0,8.4,5.75,8.34,6.51,9.09,6.74,5.52,7.29,27,30,25,92,1,1,74573,25019,True,1,38,6,0.4,7,8,Medium
CMR2023842,Virginia Henderson,19,Male,EEE,2,C,CMRIT,Prof. Kavya,8.83,7.54,8.08,8.36,7.83,7.68,5.8,5.6,8.2,22,26,25,74,6,4,58496,66179,False,0,31,7,0.82,14,1,Medium
CMR2024049,Megan Adams,23,Female,EEE,1,A,CMRIT,Dr. Arvind,8.14,5.59,5.97,5.84,6.07,8.68,8.94,8.19,6.87,27,20,24,56,7,7,9782,126900,True,2,71,8,1.0,7,2,High
CMR2023875,Patrick Yang,19,Male,MECH,3,B,CMRIT,Prof. Kavya,6.06,6.48,8.3,8.02,7.63,9.45,5.05,8.36,7.66,25,25,21,60,6,1,91050,75445,False,0,36,7,0.34,14,8,Medium
CMR2023503,Zachary Mitchell,22,Male,MECH,3,C,CMRIT,Dr. Ramesh,9.55,5.49,9.75,9.46,8.56,5.36,6.02,6.03,8.03,30,29,20,51,6,3,16857,105004,True,0,57,4,0.93,10,6,High
CMR2023572,Reginald Knapp,23,Male,EEE,3,C,CMRIT,Prof. Meena,5.22,6.66,7.04,8.14,8.96,7.37,9.39,9.65,7.23,29,29,23,92,3,4,87622,63431,False,0,53,6,0.92,13,1,Medium
CMR2024151,Robert West,23,Female,CSE,2,A,CMRIT,Prof. Meena,9.69,9.92,8.84,9.34,8.95,8.98,6.98,7.87,9.45,30,29,27,91,7,4,104436,144873,True,3,20,8,0.52,7,2,Low
CMR2023504,Katherine Martinez,20,Female,CSE,2,A,CMRIT,Prof. Kavya,8.11,6.29,9.61,8.4,8.55,9.51,6.55,9.7,8.1,30,24,26,56,0,6,7681,114022,False,0,68,6,0.89,3,8,High
CMR2023387,James Padilla,19,Female,MECH,1,C,CMRIT,Dr. Ramesh,6.3,8.92,5.55,9.74,5.38,6.65,8.06,9.06,7.61,24,22,22,80,7,1,125768,36431,True,2,38,8,0.92,14,7,Low
CMR2024082,Brenda Gonzalez,22,Male,CIVIL,3,C,CMRIT,Dr. Ramesh,9.56,8.39,5.74,6.21,9.72,5.57,7.3,9.1,7.53,26,24,21,80,1,8,72796,133802,False,0,73,8,0.98,0,1,High
CMR2023433,Chad Jones,21,Male,CSE,2,B,CMRIT,Prof. Meena,7.62,9.2,8.8,5.29,7.47,7.06,8.7,9.17,7.73,20,25,29,60,3,5,111570,6460,False,0,46,8,0.86,8,8,Medium
CMR2023710,Anthony Jones,21,Male,CSE,2,A,CMRIT,Prof. Meena,9.35,6.38,6.2,8.88,7.94,5.59,5.91,5.61,7.7,24,20,30,96,4,3,74408,147727,True,1,40,7,0.87,4,6,Low
CMR2023046,John Pierce,19,Female,CSE,2,C,CMRIT,Dr. Ramesh,5.46,7.65,6.88,7.27,5.79,6.56,6.62,9.71,6.81,29,21,20,68,6,4,45784,46264,True,0,54,7,0.76,7,10,Medium
CMR2023997,Christina Johnson,20,Female,MECH,1,B,CMRIT,Prof. Kavya,9.65,5.67,7.45,5.55,7.73,7.05,6.68,7.09,7.66,28,21,28,66,3,1,145125,31740,True,3,29,7,0.45,12,6,Medium
CMR2023309,Dawn Summers,20,Male,ECE,3,B,CMRIT,Prof. Meena,9.73,9.11,8.79,5.06,8.27,9.95,9.76,9.33,8.48,23,23,23,67,6,3,129371,66269,False,0,79,6,0.85,5,4,High
CMR2023807,Robert Gonzales,19,Male,ECE,1,C,CMRIT,Dr. Arvind,9.46,5.78,9.24,8.51,8.47,8.1,9.33,7.89,7.62,24,28,24,78,1,0,136960,22290,True,0,21,6,0.94,11,7,Low
CMR2024185,John Duncan,23,Male,EEE,2,C,CMRIT,Dr. Arvind,8.29,9.37,9.71,6.62,8.4,7.25,9.9,7.93,8.5,24,20,29,91,4,0,27291,111532,False,0,24,8,0.38,3,7,Low
CMR2024012,Peter Thompson,21,Female,EEE,4,C,CMRIT,Dr. Arvind,5.0,6.69,7.71,7.53,9.72,8.43,6.92,8.31,7.54,24,29,30,76,8,5,52369,58584,False,0,46,6,0.73,10,7,Low
CMR2023536,Morgan Valencia,19,Female,CIVIL,3,B,CMRIT,Prof. Kavya,7.9,6.86,9.92,8.84,5.74,8.36,9.45,8.38,7.94,26,25,26,95,2,0,27661,71374,True,2,65,9,0.63,12,9,Medium
CMR2023938,Amy Ramirez,22,Female,AIML,1,B,CMRIT,Dr. Ramesh,9.56,5.7,7.18,5.92,9.41,8.09,5.45,5.79,7.63,27,24,22,97,1,5,41394,39346,True,2,31,7,0.62,14,3,Low
CMR2024156,Christine Powers,23,Female,AIML,1,B,CMRIT,Prof. Meena,5.39,5.92,6.68,5.24,6.36,9.0,8.11,9.49,5.65,26,27,26,58,4,5,136975,140913,False,0,95,8,0.67,7,6,High
CMR2023644,Edwin Nunez,21,Male,AIML,3,A,CMRIT,Prof. Meena,9.68,7.75,7.7,6.94,8.81,5.65,9.23,6.3,7.75,21,22,20,75,7,4,41921,131314,True,3,35,6,0.73,7,4,Low
CMR2023480,Dawn Mullins,18,Female,CSE,4,A,CMRIT,Prof. Kavya,9.57,5.23,6.89,7.99,7.63,5.79,5.07,9.49,7.21,21,26,21,91,0,4,34467,129699,False,0,73,8,0.61,13,10,Medium
CMR2023114,Garrett Lin,23,Male,AIML,3,A,CMRIT,Dr. Ramesh,8.56,9.84,6.98,5.24,6.49,9.1,5.87,9.76,7.7,27,28,28,48,3,6,70497,29831,False,0,33,5,0.39,0,4,High
CMR2023991,Brian Harris,18,Female,CIVIL,1,A,CMRIT,Prof. Meena,9.57,7.28,7.17,6.34,6.83,8.97,8.97,8.36,8.43,29,25,21,96,1,4,52265,61804,False,0,20,8,0.56,12,2,Low
CMR2023925,Brenda Smith,22,Female,CIVIL,3,B,CMRIT,Prof. Kavya,9.54,9.67,5.38,9.65,6.07,7.18,9.25,6.84,7.92,26,24,26,82,6,1,54157,23808,True,0,24,9,0.65,9,2,Low
CMR2023043,Anthony Humphrey,23,Female,CSE,1,B,CMRIT,Prof. Kavya,5.33,6.38,8.17,7.74,6.63,9.97,7.65,7.27,5.86,29,26,21,65,6,1,34992,149529,True,3,77,5,0.59,13,8,High
CMR2023089,Aimee Montoya,20,Female,ECE,1,C,CMRIT,Dr. Arvind,8.92,7.25,6.14,7.77,6.88,5.93,7.93,6.9,8.09,29,24,23,87,6,5,24269,26505,False,0,39,7,0.8,10,3,Low
CMR2024181,Christina Weber,21,Male,AIML,2,C,CMRIT,Dr. Ramesh,5.16,8.47,7.06,7.19,7.59,7.07,9.49,6.37,6.97,26,27,24,69,5,5,30759,107995,True,3,31,5,0.33,3,2,Medium
CMR2023109,Sharon Cochran,23,Female,CIVIL,1,A,CMRIT,Dr. Arvind,9.04,6.36,5.32,8.56,7.88,5.39,7.28,6.8,7.7,27,29,22,87,8,0,101387,46237,False,0,33,8,0.77,1,4,Low
CMR2023244,Shannon Rivera,22,Female,AIML,1,A,CMRIT,Prof. Kavya,6.31,9.78,9.17,7.36,8.27,9.46,7.09,7.46,8.04,30,23,20,76,6,4,36288,77670,False,0,28,8,0.82,9,8,Low
CMR2023183,Ashley Barton,23,Male,CSE,3,C,CMRIT,Prof. Kavya,6.6,5.32,9.84,9.1,5.95,8.42,8.83,5.77,7.54,24,25,26,46,7,3,89416,33957,True,0,25,5,0.43,0,4,High
CMR2023925,Brenda Smith,22,Female,CIVIL,3,B,CMRIT,Prof. Kavya,9.54,9.67,5.38,9.65,6.07,7.18,9.25,6.84,7.92,26,24,26,82,6,1,54157,23808,True,0,24,9,0.65,9,2,Low
CMR2023552,Diana Hays,22,Female,AIML,2,A,CMRIT,Dr. Arvind,8.81,5.86,9.83,6.92,7.71,5.09,5.8,7.86,7.86,29,24,27,98,3,4,37653,30082,True,3,48,5,0.62,2,3,Low
CMR2023002,Angie Henderson,21,Female,EEE,3,A,CMRIT,Dr. Arvind,6.78,8.35,8.51,8.42,5.36,8.17,7.67,6.22,7.6,27,26,24,98,5,3,62570,90008,True,1,24,6,0.58,1,4,Low
CMR2023119,Jeffrey Chandler,23,Male,ECE,1,A,CMRIT,Prof. Kavya,7.93,9.59,8.87,9.23,9.3,9.8,6.87,9.71,8.76,26,29,21,81,5,2,93227,84105,False,0,37,5,0.81,6,8,Low
CMR2024185,John Duncan,23,Male,EEE,2,C,CMRIT,Dr. Arvind,8.29,9.37,9.71,6.62,8.4,7.25,9.9,7.93,8.5,24,20,29,91,4,0,27291,111532,False,0,24,8,0.38,3,7,Low
CMR2023460,Kelsey Rodriguez,18,Female,MECH,2,A,CMRIT,Prof. Meena,6.85,9.37,5.88,9.69,9.61,6.61,6.46,9.47,7.95,23,29,27,91,5,2,125374,69237,False,0,50,5,0.98,8,2,Low
CMR2023002,Angie Henderson,21,Female,EEE,3,A,CMRIT,Dr. Arvind,6.78,8.35,8.51,8.42,5.36,8.17,7.67,6.22,7.6,27,26,24,98,5,3,62570,90008,True,1,24,6,0.58,1,4,Low
CMR2023687,Robert Jackson,20,Female,CSE,2,B,CMRIT,Prof. Meena,6.11,5.92,7.34,6.48,9.85,8.92,8.64,7.19,6.46,28,23,25,68,3,8,44684,115277,True,3,54,8,0.6,11,7,High
CMR2023024,Matthew Foster,19,Male,AIML,4,B,CMRIT,Prof. Kavya,8.45,8.23,7.45,8.96,5.47,6.11,8.46,6.53,7.46,29,25,27,59,4,3,144177,95113,False,0,90,6,0.55,7,5,High
CMR2023931,Sandra Rivera,19,Female,CSE,1,A,CMRIT,Dr. Arvind,8.34,9.13,9.73,6.57,6.59,8.9,7.21,5.73,8.73,30,28,29,71,8,0,39406,7006,False,0,57,4,0.75,14,6,High
CMR2023942,Joshua Washington,18,Male,MECH,3,B,CMRIT,Prof. Kavya,8.39,8.5,5.52,5.4,7.26,7.49,9.85,8.56,7.09,25,20,25,75,1,5,51345,128451,False,0,28,5,0.32,9,3,Medium
CMR2023220,Courtney Mills,21,Female,MECH,1,A,CMRIT,Dr. Arvind,9.78,7.16,9.59,9.29,6.67,6.34,5.49,8.27,8.47,26,27,30,93,1,0,68385,56098,False,0,43,6,0.68,10,1,Low
CMR2024118,Susan Conley,19,Male,EEE,3,A,CMRIT,Dr. Ramesh,6.6,7.5,5.43,6.67,8.51,7.97,8.3,8.47,7.11,30,26,22,46,2,0,131217,144105,False,0,98,4,0.42,5,10,High
CMR2023942,Joshua Washington,18,Male,MECH,3,B,CMRIT,Prof. Kavya,8.39,8.5,5.52,5.4,7.26,7.49,9.85,8.56,7.09,25,20,25,75,1,5,51345,128451,False,0,28,5,0.32,9,3,Medium
CMR2023212,Melissa Martinez,21,Male,ECE,2,C,CMRIT,Prof. Meena,8.92,7.18,8.94,7.72,6.18,8.31,5.39,9.65,8.19,29,27,21,46,6,5,126348,90295,True,3,42,6,0.97,1,10,High
CMR2023078,Steve Sanchez,18,Female,AIML,4,B,CMRIT,Dr. Ramesh,7.79,8.36,6.54,5.11,6.27,5.02,6.09,5.37,6.32,26,25,21,89,6,5,146862,20795,True,3,24,6,0.59,12,3,Medium
CMR2023006,Abigail Shaffer,21,Female,EEE,4,A,CMRIT,Prof. Kavya,6.12,6.69,7.94,6.15,6.1,5.35,8.16,6.14,6.58,20,25,21,76,7,3,139782,67391,False,0,82,5,0.68,11,10,High
CMR2023743,Valerie Taylor,18,Female,CSE,4,B,CMRIT,Dr. Ramesh,5.71,8.02,5.14,6.84,8.63,5.79,7.96,5.59,6.71,25,26,23,67,3,7,16020,44750,False,0,60,9,0.79,6,4,High
CMR2023460,Kelsey Rodriguez,18,Female,MECH,2,A,CMRIT,Prof. Meena,6.85,9.37,5.88,9.69,9.61,6.61,6.46,9.47,7.95,23,29,27,91,5,2,125374,69237,False,0,50,5,0.98,8,2,Low
CMR2023726,Christian Dawson,18,Female,AIML,3,B,CMRIT,Prof. Kavya,7.35,5.19,8.7,9.88,7.83,8.08,9.81,7.21,7.84,21,30,29,77,7,0,98872,41006,False,0,48,6,0.44,11,6,Low
CMR2023643,Courtney Smith,23,Male,ECE,1,C,CMRIT,Dr. Arvind,9.91,5.75,6.43,5.64,9.2,7.96,8.5,6.83,7.83,25,26,21,89,1,3,5324,61260,False,0,36,9,0.71,13,1,Low
CMR2023046,John Pierce,19,Female,CSE,2,C,CMRIT,Dr. Ramesh,5.46,7.65,6.88,7.27,5.79,6.56,6.62,9.71,6.81,29,21,20,68,6,4,45784,46264,True,0,54,7,0.76,7,10,Medium
CMR2023259,Mrs. Kristen Reyes,20,Male,CIVIL,2,B,CMRIT,Dr. Arvind,9.12,8.23,6.28,8.01,7.03,5.57,5.96,6.23,7.91,24,27,27,82,8,2,119329,115629,True,1,40,6,0.4,4,5,Low
CMR2023868,Lisa Ramirez,22,Male,EEE,1,A,CMRIT,Prof. Meena,5.21,9.32,7.32,9.59,9.74,9.67,8.31,6.29,7.27,24,30,29,84,4,5,40930,16493,False,0,56,9,0.69,9,5,Medium
CMR2023807,Robert Gonzales,19,Male,ECE,1,C,CMRIT,Dr. Arvind,9.46,5.78,9.24,8.51,8.47,8.1,9.33,7.89,7.62,24,28,24,78,1,0,136960,22290,True,0,21,6,0.94,11,7,Low
CMR2023266,Kimberly Gibson,20,Male,EEE,2,B,CMRIT,Prof. Kavya,5.14,9.88,6.18,7.25,6.24,7.91,8.24,5.43,7.11,27,22,25,75,0,0,109216,60631,False,0,74,9,0.72,1,2,Medium
CMR2023902,Sherry Tapia,22,Male,CIVIL,3,A,CMRIT,Prof. Kavya,8.94,6.5,6.37,7.4,8.5,5.29,7.95,9.09,7.17,23,27,27,52,0,2,80445,11771,True,1,88,7,0.5,10,4,High
CMR2023213,Katherine Salas,21,Male,CSE,2,A,CMRIT,Dr. Ramesh,8.79,8.3,7.26,6.46,8.08,7.24,6.03,9.39,7.7,24,29,30,94,2,4,84835,118961,False,0,31,8,0.31,8,7,Low
CMR2024052,Lindsay Smith,23,Male,ECE,2,B,CMRIT,Prof. Meena,10.0,6.84,8.37,6.78,7.64,7.04,7.45,7.27,8.0,22,28,28,79,0,1,61203,75802,True,1,49,6,0.87,12,4,Low
CMR2024026,Lee Steele,22,Female,CIVIL,1,A,CMRIT,Prof. Meena,6.65,9.04,9.2,9.87,5.55,7.3,8.79,5.89,7.84,28,23,21,95,6,3,62760,86539,True,0,27,5,0.97,1,5,Low
CMR2023259,Mrs. Kristen Reyes,20,Male,CIVIL,2,B,CMRIT,Dr. Arvind,9.12,8.23,6.28,8.01,7.03,5.57,5.96,6.23,7.91,24,27,27,82,8,2,119329,115629,True,1,40,6,0.4,4,5,Low
CMR2023337,Charles Lester,20,Female,ECE,1,A,CMRIT,Dr. Ramesh,5.41,7.45,8.34,7.55,5.12,7.86,7.86,6.37,6.43,21,29,22,85,8,2,105652,131927,False,0,58,8,0.39,5,2,Medium
CMR2023002,Angie Henderson,21,Female,EEE,3,A,CMRIT,Dr. Arvind,6.78,8.35,8.51,8.42,5.36,8.17,7.67,6.22,7.6,27,26,24,98,5,3,62570,90008,True,1,24,6,0.58,1,4,Low
CMR2023876,Michael Miles,19,Male,CSE,1,A,CMRIT,Prof. Meena,8.94,9.92,6.07,5.77,8.87,7.16,8.13,8.9,9.43,22,27,27,65,6,4,127536,127385,True,1,29,7,0.92,8,1,Medium
CMR2023494,Meghan Cisneros,22,Male,EEE,2,C,CMRIT,Prof. Meena,8.14,9.44,9.9,8.73,8.53,9.91,9.02,6.32,9.05,25,25,23,90,8,2,88926,146654,False,0,29,9,0.39,13,4,Low
CMR2023997,Christina Johnson,20,Female,MECH,1,B,CMRIT,Prof. Kavya,9.65,5.67,7.45,5.55,7.73,7.05,6.68,7.09,7.66,28,21,28,66,3,1,145125,31740,True,3,29,7,0.45,12,6,Medium
CMR2023681,Justin Walker,21,Female,ECE,3,A,CMRIT,Prof. Meena,7.43,6.45,5.45,8.74,7.44,6.93,5.92,5.37,7.07,28,30,30,67,4,2,149552,42920,False,0,31,8,0.8,6,3,Medium
CMR2023293,Margaret Coleman,22,Female,CIVIL,2,A,CMRIT,Dr. Ramesh,9.67,7.41,7.99,9.2,6.9,6.76,8.16,7.93,8.57,28,24,20,86,8,4,47314,145008,True,2,31,7,0.79,13,3,Low
CMR2023706,Adam Jackson,20,Male,ECE,2,B,CMRIT,Prof. Kavya,9.6,8.69,9.7,7.77,6.6,8.37,5.51,7.57,8.94,28,30,20,82,6,4,144932,134234,True,3,38,9,0.47,4,2,Low
CMR2023185,Dr. Hannah Patterson,20,Male,AIML,1,A,CMRIT,Prof. Kavya,7.66,5.95,7.63,6.24,8.13,5.89,8.75,7.08,6.8,21,30,29,72,5,2,98837,125250,False,0,33,5,0.85,8,7,Medium
CMR2023259,Mrs. Kristen Reyes,20,Male,CIVIL,2,B,CMRIT,Dr. Arvind,9.12,8.23,6.28,8.01,7.03,5.57,5.96,6.23,7.91,24,27,27,82,8,2,119329,115629,True,1,40,6,0.4,4,5,Low
CMR2023377,Paula Bradley,20,Male,MECH,3,B,CMRIT,Dr. Arvind,6.54,9.51,9.55,8.37,5.02,9.55,5.16,5.13,8.09,25,28,29,81,6,0,88223,92841,True,3,50,8,0.98,3,10,Low
CMR2023460,Kelsey Rodriguez,18,Female,MECH,2,A,CMRIT,Prof. Meena,6.85,9.37,5.88,9.69,9.61,6.61,6.46,9.47,7.95,23,29,27,91,5,2,125374,69237,False,0,50,5,0.98,8,2,Low
CMR2023144,Amber Wright,23,Male,CSE,2,B,CMRIT,Prof. Kavya,9.11,8.71,7.05,6.27,5.98,5.6,9.26,6.08,7.79,23,25,21,71,0,8,113650,17189,True,3,78,9,0.71,8,3,High
CMR2023712,Timothy Edwards,19,Female,CIVIL,3,C,CMRIT,Prof. Kavya,7.16,9.53,8.99,6.3,9.22,8.25,8.39,5.24,8.24,27,23,30,69,7,2,47886,11636,False,0,63,9,0.87,3,8,Medium
CMR2023220,Courtney Mills,21,Female,MECH,1,A,CMRIT,Dr. Arvind,9.78,7.16,9.59,9.29,6.67,6.34,5.49,8.27,8.47,26,27,30,93,1,0,68385,56098,False,0,43,6,0.68,10,1,Low
CMR2023128,Cameron Fisher,20,Female,ECE,3,C,CMRIT,Prof. Meena,8.02,5.45,7.21,9.57,7.04,7.42,7.58,6.87,7.45,20,28,22,52,3,0,22201,86559,False,0,37,8,0.92,0,3,High
CMR2023862,Holly Vega,22,Male,AIML,4,B,CMRIT,Prof. Kavya,8.04,6.69,9.85,6.91,8.46,8.55,6.03,6.02,7.57,23,25,26,72,8,0,39642,57451,True,1,97,7,0.51,13,1,High
CMR2024063,Ralph Yoder,19,Male,MECH,3,B,CMRIT,Prof. Meena,7.83,5.06,6.1,9.04,9.31,7.27,7.46,7.46,7.43,27,20,23,59,1,2,13561,95544,False,0,84,7,0.94,14,10,High
CMR2023777,Cody Davidson,22,Female,AIML,4,A,CMRIT,Prof. Meena,6.33,5.98,8.21,7.12,7.76,7.8,5.6,5.53,6.79,26,24,20,81,5,8,58240,84971,True,0,84,7,0.44,7,8,High
CMR2023694,Mary Jensen,21,Female,MECH,1,A,CMRIT,Prof. Meena,8.59,7.39,5.22,8.48,6.21,7.39,6.34,8.4,7.99,23,30,23,64,2,5,80753,85414,False,0,48,4,0.3,7,8,High
CMR2023056,Timothy Duncan,18,Female,AIML,2,A,CMRIT,Dr. Arvind,9.59,7.36,9.16,8.79,7.35,8.08,9.53,5.1,8.72,23,22,28,80,7,1,143352,115953,True,2,50,6,0.39,3,7,Low
CMR2023439,Jason Rhodes,21,Female,EEE,3,C,CMRIT,Dr. Ramesh,7.79,7.18,6.74,5.13,6.83,7.33,8.35,8.64,6.83,23,29,28,63,8,3,55065,105258,False,0,42,9,1.0,3,8,Medium
CMR2023717,Brenda Hinton,19,Male,EEE,1,A,CMRIT,Dr. Ramesh,7.46,5.78,5.5,8.22,9.76,9.9,6.11,9.81,6.62,30,28,30,74,4,6,52942,28498,False,0,100,7,0.95,12,5,High
CMR2023268,Cynthia Rowe,18,Female,CSE,2,B,CMRIT,Dr. Arvind,8.74,9.63,6.41,9.38,8.06,8.81,6.32,6.57,8.54,22,25,27,56,2,7,44653,120340,True,1,39,4,0.46,0,8,High
CMR2023318,Stephen Hoffman,21,Male,AIML,2,A,CMRIT,Dr. Arvind,6.62,5.07,8.27,5.06,6.06,6.1,8.29,6.39,6.25,29,25,20,90,2,4,22650,62294,False,0,58,8,0.65,1,9,Medium
CMR2023202,Elizabeth Perkins,18,Male,CSE,4,A,CMRIT,Prof. Kavya,8.36,8.06,8.46,7.97,8.94,5.89,7.28,7.89,7.86,20,21,24,70,2,1,89625,101618,False,0,28,7,0.89,1,5,Medium
CMR2023530,Marilyn Wang,18,Female,CIVIL,1,C,CMRIT,Dr. Arvind,7.55,9.15,6.99,5.76,5.04,8.14,8.11,6.33,8.35,25,28,26,47,4,7,46907,57844,False,0,62,5,0.53,4,7,High
CMR2023552,Diana Hays,22,Female,AIML,2,A,CMRIT,Dr. Arvind,8.81,5.86,9.83,6.92,7.71,5.09,5.8,7.86,7.86,29,24,27,98,3,4,37653,30082,True,3,48,5,0.62,2,3,Low
CMR2023460,Kelsey Rodriguez,18,Female,MECH,2,A,CMRIT,Prof. Meena,6.85,9.37,5.88,9.69,9.61,6.61,6.46,9.47,7.95,23,29,27,91,5,2,125374,69237,False,0,50,5,0.98,8,2,Low
CMR2023396,Jennifer Collins,21,Female,MECH,3,B,CMRIT,Dr. Ramesh,9.85,7.49,8.43,7.33,5.75,9.83,8.12,8.32,8.11,24,27,24,43,7,4,21938,82260,True,3,25,5,0.5,9,2,High
CMR2023698,Renee Browning,18,Female,CSE,1,B,CMRIT,Prof. Kavya,6.13,8.76,5.03,5.95,8.5,5.84,8.24,8.04,7.45,30,22,21,46,1,8,97424,142476,True,3,20,9,0.56,1,7,High
CMR2023290,David Smith,19,Male,CIVIL,4,A,CMRIT,Dr. Arvind,7.01,5.22,9.31,5.12,7.19,7.07,9.3,6.59,7.1,24,21,21,59,6,2,31039,147024,True,2,38,5,0.48,1,3,High
CMR2023501,Brian Fitzgerald,20,Male,EEE,1,C,CMRIT,Dr. Ramesh,8.32,6.6,7.64,7.88,7.66,6.97,7.73,6.0,7.46,25,22,27,71,1,5,56915,81797,False,0,71,7,0.56,7,1,Medium
CMR2023188,Madison Poole,23,Male,CIVIL,3,B,CMRIT,Prof. Kavya,7.44,9.5,8.51,9.1,5.48,8.21,5.19,9.04,8.04,26,21,20,99,0,6,92658,96207,False,0,73,4,0.91,3,10,High
CMR2023802,Reginald Morrow,22,Male,CSE,1,B,CMRIT,Dr. Ramesh,9.69,6.05,9.59,7.37,5.58,5.53,8.45,8.74,7.87,29,27,30,86,8,4,113774,16950,True,3,39,6,0.78,9,1,Low
CMR2023272,Jonathan Lawrence,23,Male,ECE,2,B,CMRIT,Prof. Meena,9.43,7.38,7.82,7.12,8.78,9.05,8.07,7.17,7.94,26,21,20,73,8,1,139569,94586,False,0,48,9,0.78,2,8,Medium
CMR2023705,James Tran,20,Female,ECE,3,C,CMRIT,Dr. Ramesh,7.2,7.16,9.9,8.42,8.02,5.94,6.12,7.08,7.77,20,24,30,67,1,1,103809,48850,False,0,44,5,0.89,6,3,Medium
CMR2023151,Pamela Boyd,23,Female,CSE,3,C,CMRIT,Prof. Meena,7.43,6.48,8.26,6.6,5.41,5.48,9.86,8.87,6.61,28,20,30,81,1,2,22163,60255,True,3,33,5,0.68,11,7,Medium
CMR2023749,Leslie Gardner,22,Female,AIML,1,A,CMRIT,Dr. Arvind,8.16,6.63,5.9,6.22,7.65,6.17,8.55,9.68,7.39,28,22,26,88,6,3,49804,21370,True,3,70,8,0.79,2,8,Medium
CMR2023991,Brian Harris,18,Female,CIVIL,1,A,CMRIT,Prof. Meena,9.57,7.28,7.17,6.34,6.83,8.97,8.97,8.36,8.43,29,25,21,96,1,4,52265,61804,False,0,20,8,0.56,12,2,Low
CMR2023318,Stephen Hoffman,21,Male,AIML,2,A,CMRIT,Dr. Arvind,6.62,5.07,8.27,5.06,6.06,6.1,8.29,6.39,6.25,29,25,20,90,2,4,22650,62294,False,0,58,8,0.65,1,9,Medium
CMR2023244,Shannon Rivera,22,Female,AIML,1,A,CMRIT,Prof. Kavya,6.31,9.78,9.17,7.36,8.27,9.46,7.09,7.46,8.04,30,23,20,76,6,4,36288,77670,False,0,28,8,0.82,9,8,Low
CMR2023056,Timothy Duncan,18,Female,AIML,2,A,CMRIT,Dr. Arvind,9.59,7.36,9.16,8.79,7.35,8.08,9.53,5.1,8.72,23,22,28,80,7,1,143352,115953,True,2,50,6,0.39,3,7,Low
CMR2023080,Kelly Donovan,23,Female,MECH,1,A,CMRIT,Prof. Kavya,5.34,7.97,7.23,8.36,9.36,6.22,5.22,7.19,6.65,28,23,20,89,5,3,41735,137093,False,0,49,9,0.7,9,10,Medium
CMR2023532,Donna Frye,20,Male,AIML,2,B,CMRIT,Prof. Kavya,7.5,8.6,8.6,7.29,6.95,8.77,9.6,7.4,8.0,29,24,30,99,0,4,70147,25361,True,0,23,8,0.34,0,5,Low
CMR2023427,Emily Bennett,19,Female,CIVIL,4,B,CMRIT,Prof. Meena,7.99,7.72,6.48,6.09,9.81,9.48,8.82,7.1,7.94,27,25,23,85,2,7,116375,35361,True,3,60,9,0.38,11,7,High
CMR2023799,Donald Medina,19,Male,AIML,1,B,CMRIT,Prof. Meena,9.22,8.02,8.76,5.82,6.28,8.93,5.09,7.0,8.62,24,24,30,69,3,0,28053,37433,True,3,45,8,0.69,8,3,Medium
CMR2024060,Arthur Mcneil,23,Male,AIML,3,A,CMRIT,Dr. Arvind,9.07,9.99,8.53,7.98,8.41,5.62,5.35,9.32,8.27,28,29,21,61,3,1,54238,109098,True,3,79,4,0.62,2,2,High
CMR2023293,Margaret Coleman,22,Female,CIVIL,2,A,CMRIT,Dr. Ramesh,9.67,7.41,7.99,9.2,6.9,6.76,8.16,7.93,8.57,28,24,20,86,8,4,47314,145008,True,2,31,7,0.79,13,3,Low
CMR2023377,Paula Bradley,20,Male,MECH,3,B,CMRIT,Dr. Arvind,6.54,9.51,9.55,8.37,5.02,9.55,5.16,5.13,8.09,25,28,29,81,6,0,88223,92841,True,3,50,8,0.98,3,10,Low
CMR2023410,Angela Lin,19,Male,EEE,1,C,CMRIT,Dr. Arvind,6.76,6.72,9.59,6.19,5.46,5.05,7.07,8.76,6.74,28,29,20,60,5,3,8905,70515,True,0,27,5,0.61,4,1,Medium
CMR2023335,Andrea Hubbard,23,Male,CIVIL,4,A,CMRIT,Prof. Kavya,6.62,8.96,9.33,5.27,9.67,6.52,8.27,7.89,7.82,27,27,24,83,2,6,42964,59988,True,1,21,6,0.81,9,2,High
CMR2023552,Diana Hays,22,Female,AIML,2,A,CMRIT,Dr. Arvind,8.81,5.86,9.83,6.92,7.71,5.09,5.8,7.86,7.86,29,24,27,98,3,4,37653,30082,True,3,48,5,0.62,2,3,Low
CMR2023849,Brittany Jenkins,22,Male,AIML,2,B,CMRIT,Dr. Arvind,6.24,5.91,9.55,7.85,7.03,9.08,8.52,6.25,7.39,26,30,27,42,5,5,5201,39566,False,0,51,7,0.52,13,5,High
CMR2023242,Kevin Walters,21,Female,MECH,1,C,CMRIT,Dr. Arvind,6.99,8.58,7.14,6.93,5.06,6.72,6.54,7.23,7.79,28,21,23,86,6,2,121449,113949,False,0,56,5,0.86,14,7,Medium
CMR2023220,Courtney Mills,21,Female,MECH,1,A,CMRIT,Dr. Arvind,9.78,7.16,9.59,9.29,6.67,6.34,5.49,8.27,8.47,26,27,30,93,1,0,68385,56098,False,0,43,6,0.68,10,1,Low
CMR2023546,Johnny Khan,19,Male,EEE,1,C,CMRIT,Prof. Kavya,6.24,8.77,9.2,6.81,6.13,6.31,5.3,7.16,7.5,25,26,20,70,8,6,55490,102958,False,0,77,8,0.89,3,3,High
CMR2023204,Erin Warner,23,Female,AIML,1,A,CMRIT,Dr. Ramesh,7.32,8.98,8.69,6.04,8.08,7.07,5.23,6.75,8.15,30,23,20,89,0,1,57740,78826,False,0,28,6,0.51,8,6,Low
CMR2023439,Jason Rhodes,21,Female,EEE,3,C,CMRIT,Dr. Ramesh,7.79,7.18,6.74,5.13,6.83,7.33,8.35,8.64,6.83,23,29,28,63,8,3,55065,105258,False,0,42,9,1.0,3,8,Medium
CMR2023782,Chelsea Nguyen,22,Male,CSE,3,B,CMRIT,Prof. Meena,8.02,5.15,5.48,6.22,6.67,8.99,9.83,5.13,6.75,27,23,29,74,6,0,125973,28455,True,0,77,5,0.41,1,4,High
CMR2023710,Anthony Jones,21,Male,CSE,2,A,CMRIT,Prof. Meena,9.35,6.38,6.2,8.88,7.94,5.59,5.91,5.61,7.7,24,20,30,96,4,3,74408,147727,True,1,40,7,0.87,4,6,Low
CMR2024110,Mary Nelson,18,Female,AIML,3,B,CMRIT,Prof. Kavya,6.37,7.48,8.61,9.65,5.98,8.73,7.8,6.74,7.8,28,26,25,84,1,3,68858,45221,False,0,69,8,0.62,1,5,Medium
CMR2023238,Sara Johnston,23,Male,ECE,2,A,CMRIT,Dr. Ramesh,9.36,6.16,9.74,8.22,7.06,6.71,8.23,6.63,8.37,29,30,28,50,4,3,148777,121721,False,0,58,8,0.39,12,5,High
CMR2023643,Courtney Smith,23,Male,ECE,1,C,CMRIT,Dr. Arvind,9.91,5.75,6.43,5.64,9.2,7.96,8.5,6.83,7.83,25,26,21,89,1,3,5324,61260,False,0,36,9,0.71,13,1,Low
CMR2023878,Michelle Jackson,20,Male,EEE,4,B,CMRIT,Prof. Kavya,6.86,9.63,9.21,7.15,5.8,9.21,6.23,7.02,7.64,28,30,25,78,7,3,110785,73779,False,0,29,6,0.7,4,6,Low
CMR2023002,Angie Henderson,21,Female,EEE,3,A,CMRIT,Dr. Arvind,6.78,8.35,8.51,8.42,5.36,8.17,7.67,6.22,7.6,27,26,24,98,5,3,62570,90008,True,1,24,6,0.58,1,4,Low
CMR2023551,Angel Gordon,19,Male,CSE,3,A,CMRIT,Dr. Ramesh,9.24,6.39,7.74,6.34,8.92,9.63,8.43,6.02,8.04,30,29,20,54,3,4,7583,34211,False,0,99,9,0.49,6,4,High
CMR2024088,Katherine Gallagher,19,Male,CIVIL,3,B,CMRIT,Prof. Meena,6.53,5.39,8.1,6.86,6.86,5.44,6.6,7.55,6.53,20,27,28,79,4,1,24757,28889,True,2,22,6,0.8,3,5,Medium
CMR2023377,Paula Bradley,20,Male,MECH,3,B,CMRIT,Dr. Arvind,6.54,9.51,9.55,8.37,5.02,9.55,5.16,5.13,8.09,25,28,29,81,6,0,88223,92841,True,3,50,8,0.98,3,10,Low
CMR2023669,Michael Morrison,18,Female,MECH,3,C,CMRIT,Prof. Kavya,6.84,6.32,7.57,6.55,5.62,7.79,8.76,7.52,6.78,24,25,24,61,2,3,17359,13240,False,0,52,6,0.76,4,8,Medium
CMR2023340,Allison Smith,22,Female,ECE,2,C,CMRIT,Prof. Meena,5.37,6.27,6.91,9.52,7.0,5.42,6.27,7.13,7.02,22,28,23,50,6,2,23496,75621,True,2,92,9,0.75,8,10,High
CMR2023607,David Lopez,21,Female,MECH,1,A,CMRIT,Prof. Meena,5.77,7.28,6.6,8.73,5.5,5.88,6.09,9.49,6.53,25,20,26,67,8,2,138451,149255,True,3,93,4,0.64,13,8,High
CMR2024031,Annette Melton,19,Male,MECH,2,C,CMRIT,Dr. Arvind,7.48,9.0,8.54,8.73,5.06,7.84,5.7,9.0,8.44,30,30,25,42,7,4,134047,38949,True,3,26,9,0.44,2,1,High
CMR2023683,Jennifer Hernandez,20,Female,CSE,1,C,CMRIT,Dr. Ramesh,5.32,7.0,9.63,9.49,7.05,9.75,7.3,6.06,6.16,22,24,27,81,8,2,51563,136884,True,2,55,4,0.34,7,9,High
CMR2023377,Paula Bradley,20,Male,MECH,3,B,CMRIT,Dr. Arvind,6.54,9.51,9.55,8.37,5.02,9.55,5.16,5.13,8.09,25,28,29,81,6,0,88223,92841,True,3,50,8,0.98,3,10,Low
CMR2023432,Travis Tucker,20,Female,ECE,2,B,CMRIT,Dr. Ramesh,9.97,8.64,9.76,8.81,8.57,7.26,7.89,5.12,9.29,23,27,25,75,2,3,129991,33560,False,0,62,5,0.87,1,2,Medium
CMR2024071,Sarah Pittman,20,Female,ECE,4,B,CMRIT,Prof. Kavya,5.53,9.81,8.16,8.82,7.6,5.05,5.83,6.75,7.19,24,22,28,91,0,7,6693,89930,True,3,72,6,0.98,5,6,High
CMR2023459,Ruben Dunn,20,Male,MECH,3,B,CMRIT,Prof. Kavya,8.42,5.49,7.9,7.09,7.09,5.94,5.15,6.12,6.99,29,29,28,83,1,5,26104,112157,True,2,98,5,0.42,10,8,High
CMR2024002,Dennis Marshall,20,Male,AIML,3,B,CMRIT,Prof. Kavya,5.47,6.95,8.88,8.02,5.04,8.86,7.35,7.0,7.2,30,25,29,98,0,8,17095,117367,False,0,66,8,0.68,2,5,High
CMR2023644,Edwin Nunez,21,Male,AIML,3,A,CMRIT,Prof. Meena,9.68,7.75,7.7,6.94,8.81,5.65,9.23,6.3,7.75,21,22,20,75,7,4,41921,131314,True,3,35,6,0.73,7,4,Low
CMR2023460,Kelsey Rodriguez,18,Female,MECH,2,A,CMRIT,Prof. Meena,6.85,9.37,5.88,9.69,9.61,6.61,6.46,9.47,7.95,23,29,27,91,5,2,125374,69237,False,0,50,5,0.98,8,2,Low
CMR2024179,Elizabeth Miles,18,Female,CIVIL,1,C,CMRIT,Prof. Meena,5.99,5.91,6.49,9.22,9.0,7.03,9.45,8.89,5.95,24,24,28,93,7,2,142922,149719,True,1,51,7,0.53,11,1,High
CMR2023014,Dylan Miller,18,Female,ECE,4,C,CMRIT,Dr. Arvind,9.7,5.58,9.85,5.89,9.81,6.33,5.54,7.17,7.48,25,26,29,40,8,8,139066,35315,False,0,93,5,0.48,11,7,High
CMR2024103,Jacob Santos,22,Male,ECE,1,B,CMRIT,Dr. Ramesh,8.49,6.16,6.57,5.58,9.37,8.34,6.55,7.25,7.33,28,25,26,69,8,3,5357,77060,True,3,78,4,0.51,13,9,High
CMR2023785,Laurie Bailey,23,Female,ECE,1,A,CMRIT,Prof. Kavya,7.35,5.39,7.33,9.09,8.6,5.12,9.85,5.67,6.37,25,25,29,60,8,1,146570,96948,True,3,24,5,0.37,9,2,Medium
CMR2023802,Reginald Morrow,22,Male,CSE,1,B,CMRIT,Dr. Ramesh,9.69,6.05,9.59,7.37,5.58,5.53,8.45,8.74,7.87,29,27,30,86,8,4,113774,16950,True,3,39,6,0.78,9,1,Low
CMR2023387,James Padilla,19,Female,MECH,1,C,CMRIT,Dr. Ramesh,6.3,8.92,5.55,9.74,5.38,6.65,8.06,9.06,7.61,24,22,22,80,7,1,125768,36431,True,2,38,8,0.92,14,7,Low
CMR2023482,Evelyn Martinez,23,Female,CIVIL,3,A,CMRIT,Dr. Arvind,7.11,8.31,7.9,9.67,5.17,9.53,6.93,5.24,7.95,23,22,20,94,5,3,42474,13942,True,1,70,6,0.31,7,8,Medium
CMR2024073,David Stokes,21,Male,MECH,4,A,CMRIT,Dr. Ramesh,6.26,5.79,6.55,6.81,7.04,7.88,5.57,9.58,6.93,29,26,24,75,8,0,83752,35108,False,0,21,5,0.44,2,9,Medium
CMR2023701,James Watson,23,Male,CIVIL,1,A,CMRIT,Prof. Meena,9.87,9.78,7.89,8.55,8.51,8.37,8.68,8.67,9.82,22,20,30,71,5,2,59488,18292,False,0,39,5,0.9,2,8,Medium
CMR2023402,Mary Thompson,19,Male,EEE,4,B,CMRIT,Dr. Arvind,8.34,9.8,7.46,8.34,6.96,8.49,5.54,7.08,7.75,26,22,20,68,0,5,79297,124821,True,3,21,8,0.51,10,10,Medium
CMR2023377,Paula Bradley,20,Male,MECH,3,B,CMRIT,Dr. Arvind,6.54,9.51,9.55,8.37,5.02,9.55,5.16,5.13,8.09,25,28,29,81,6,0,88223,92841,True,3,50,8,0.98,3,10,Low
CMR2023832,Scott Alexander,23,Male,ECE,4,B,CMRIT,Prof. Meena,5.55,8.43,7.09,9.2,7.37,7.18,5.65,6.41,7.11,28,25,20,92,6,2,8860,90344,True,3,42,5,0.49,1,8,Medium
CMR2023503,Zachary Mitchell,22,Male,MECH,3,C,CMRIT,Dr. Ramesh,9.55,5.49,9.75,9.46,8.56,5.36,6.02,6.03,8.03,30,29,20,51,6,3,16857,105004,True,0,57,4,0.93,10,6,High
CMR2023779,Kevin Price,23,Male,AIML,1,C,CMRIT,Dr. Ramesh,8.62,6.78,7.31,5.04,8.79,5.33,5.28,8.45,7.7,29,24,21,43,7,4,61384,46827,False,0,67,5,0.89,10,2,High
CMR2023002,Angie Henderson,21,Female,EEE,3,A,CMRIT,Dr. Arvind,6.78,8.35,8.51,8.42,5.36,8.17,7.67,6.22,7.6,27,26,24,98,5,3,62570,90008,True,1,24,6,0.58,1,4,Low
CMR2023878,Michelle Jackson,20,Male,EEE,4,B,CMRIT,Prof. Kavya,6.86,9.63,9.21,7.15,5.8,9.21,6.23,7.02,7.64,28,30,25,78,7,3,110785,73779,False,0,29,6,0.7,4,6,Low
CMR2023096,Aaron Wise,23,Male,CIVIL,2,C,CMRIT,Prof. Kavya,7.76,6.65,7.13,7.31,8.99,8.15,5.93,8.29,7.21,26,20,29,88,1,1,56727,122853,False,0,69,4,0.79,3,5,High
CMR2023192,Debra Christian,19,Female,MECH,4,C,CMRIT,Prof. Kavya,8.48,8.34,6.88,9.53,7.63,6.28,5.3,6.0,7.3,29,24,20,95,1,0,126886,7184,True,3,54,9,0.9,10,6,Medium
CMR2023686,Maria Henry,22,Female,CIVIL,3,A,CMRIT,Prof. Kavya,8.99,7.61,7.07,7.78,6.07,9.29,6.72,7.98,7.8,24,27,21,97,1,0,113375,28092,True,3,45,6,0.87,1,4,Low
CMR2024052,Lindsay Smith,23,Male,ECE,2,B,CMRIT,Prof. Meena,10.0,6.84,8.37,6.78,7.64,7.04,7.45,7.27,8.0,22,28,28,79,0,1,61203,75802,True,1,49,6,0.87,12,4,Low
CMR2023938,Amy Ramirez,22,Female,AIML,1,B,CMRIT,Dr. Ramesh,9.56,5.7,7.18,5.92,9.41,8.09,5.45,5.79,7.63,27,24,22,97,1,5,41394,39346,True,2,31,7,0.62,14,3,Low
CMR2023644,Edwin Nunez,21,Male,AIML,3,A,CMRIT,Prof. Meena,9.68,7.75,7.7,6.94,8.81,5.65,9.23,6.3,7.75,21,22,20,75,7,4,41921,131314,True,3,35,6,0.73,7,4,Low
CMR2023377,Paula Bradley,20,Male,MECH,3,B,CMRIT,Dr. Arvind,6.54,9.51,9.55,8.37,5.02,9.55,5.16,5.13,8.09,25,28,29,81,6,0,88223,92841,True,3,50,8,0.98,3,10,Low
CMR2024052,Lindsay Smith,23,Male,ECE,2,B,CMRIT,Prof. Meena,10.0,6.84,8.37,6.78,7.64,7.04,7.45,7.27,8.0,22,28,28,79,0,1,61203,75802,True,1,49,6,0.87,12,4,Low
CMR2024026,Lee Steele,22,Female,CIVIL,1,A,CMRIT,Prof. Meena,6.65,9.04,9.2,9.87,5.55,7.3,8.79,5.89,7.84,28,23,21,95,6,3,62760,86539,True,0,27,5,0.97,1,5,Low
CMR2023938,Amy Ramirez,22,Female,AIML,1,B,CMRIT,Dr. Ramesh,9.56,5.7,7.18,5.92,9.41,8.09,5.45,5.79,7.63,27,24,22,97,1,5,41394,39346,True,2,31,7,0.62,14,3,Low
CMR2023991,Brian Harris,18,Female,CIVIL,1,A,CMRIT,Prof. Meena,9.57,7.28,7.17,6.34,6.83,8.97,8.97,8.36,8.43,29,25,21,96,1,4,52265,61804,False,0,20,8,0.56,12,2,Low
CMR2023640,Michael Stanley,20,Male,AIML,1,A,CMRIT,Prof. Kavya,8.21,5.84,9.63,9.71,8.75,8.32,5.46,5.99,7.03,24,30,28,83,7,1,55554,19860,True,0,93,7,0.99,1,4,High
CMR2023677,Joseph Howard,20,Female,EEE,3,C,CMRIT,Dr. Ramesh,5.17,5.99,8.87,5.08,9.18,7.02,5.91,6.85,6.89,24,25,29,67,4,1,104402,119697,True,2,22,9,0.33,6,7,Medium
CMR2023951,Sarah Thompson,21,Female,CIVIL,4,A,CMRIT,Prof. Kavya,9.69,8.46,8.03,7.49,8.7,5.43,6.03,5.04,7.36,25,30,30,57,0,1,71373,79983,False,0,96,5,0.32,5,7,High
CMR2023494,Meghan Cisneros,22,Male,EEE,2,C,CMRIT,Prof. Meena,8.14,9.44,9.9,8.73,8.53,9.91,9.02,6.32,9.05,25,25,23,90,8,2,88926,146654,False,0,29,9,0.39,13,4,Low
CMR2023460,Kelsey Rodriguez,18,Female,MECH,2,A,CMRIT,Prof. Meena,6.85,9.37,5.88,9.69,9.61,6.61,6.46,9.47,7.95,23,29,27,91,5,2,125374,69237,False,0,50,5,0.98,8,2,Low
CMR2023719,Jeffrey Roberson,23,Female,EEE,1,B,CMRIT,Prof. Kavya,9.11,8.09,9.97,6.06,8.28,9.5,6.21,9.49,8.6,27,23,21,92,3,0,35078,144348,True,2,70,9,0.86,4,2,Medium
CMR2023259,Mrs. Kristen Reyes,20,Male,CIVIL,2,B,CMRIT,Dr. Arvind,9.12,8.23,6.28,8.01,7.03,5.57,5.96,6.23,7.91,24,27,27,82,8,2,119329,115629,True,1,40,6,0.4,4,5,Low
CMR2024102,Nicholas Lawrence,22,Male,CSE,2,C,CMRIT,Dr. Arvind,9.23,6.89,8.29,8.0,9.44,8.63,7.05,7.76,8.1,23,24,21,73,1,1,16866,62788,False,0,30,6,0.37,12,2,Medium
CMR2023894,Dr. Andrea Marshall,23,Female,EEE,1,A,CMRIT,Prof. Kavya,7.97,8.41,5.9,9.68,8.93,8.01,8.16,6.67,8.19,21,28,28,81,7,0,31153,45550,False,0,32,8,0.84,13,1,Low
CMR2023826,Heather Brown,18,Female,CSE,3,A,CMRIT,Prof. Kavya,5.5,8.2,6.5,8.33,5.25,9.26,7.43,7.96,7.17,30,22,24,74,3,4,127195,38252,False,0,52,5,0.41,1,9,Medium
CMR2024185,John Duncan,23,Male,EEE,2,C,CMRIT,Dr. Arvind,8.29,9.37,9.71,6.62,8.4,7.25,9.9,7.93,8.5,24,20,29,91,4,0,27291,111532,False,0,24,8,0.38,3,7,Low
CMR2024178,Jason Graves,18,Female,EEE,4,A,CMRIT,Dr. Ramesh,6.73,8.04,7.01,7.99,9.19,6.98,8.43,6.23,7.58,22,23,23,90,0,7,125904,20536,True,3,33,9,0.78,8,1,High
CMR2023287,Carolyn Miller,21,Male,CIVIL,2,C,CMRIT,Dr. Arvind,9.61,5.59,9.26,5.55,6.85,6.45,7.61,5.59,7.5,24,25,24,96,4,3,82065,132382,True,1,38,8,0.6,14,5,Low
CMR2023119,Jeffrey Chandler,23,Male,ECE,1,A,CMRIT,Prof. Kavya,7.93,9.59,8.87,9.23,9.3,9.8,6.87,9.71,8.76,26,29,21,81,5,2,93227,84105,False,0,37,5,0.81,6,8,Low
CMR2024180,Michelle Walls,19,Female,MECH,2,C,CMRIT,Dr. Arvind,7.75,6.69,6.37,6.58,9.35,6.06,8.85,9.47,6.85,26,20,23,75,7,3,86478,141152,True,1,74,7,0.68,14,4,Medium
CMR2023204,Erin Warner,23,Female,AIML,1,A,CMRIT,Dr. Ramesh,7.32,8.98,8.69,6.04,8.08,7.07,5.23,6.75,8.15,30,23,20,89,0,1,57740,78826,False,0,28,6,0.51,8,6,Low
CMR2024151,Robert West,23,Female,CSE,2,A,CMRIT,Prof. Meena,9.69,9.92,8.84,9.34,8.95,8.98,6.98,7.87,9.45,30,29,27,91,7,4,104436,144873,True,3,20,8,0.52,7,2,Low
CMR2023016,Holly Wood,21,Female,EEE,2,C,CMRIT,Prof. Meena,8.97,9.8,8.68,8.29,6.42,8.32,8.1,5.47,8.94,23,30,24,69,6,3,63888,57200,True,0,25,5,0.99,9,2,Medium
CMR2023859,Brian Porter MD,20,Male,MECH,1,B,CMRIT,Dr. Ramesh,9.89,8.44,9.27,9.87,5.45,8.48,9.81,5.83,9.16,28,29,25,92,1,8,25567,75250,False,0,69,5,0.98,0,10,High
CMR2023354,Patricia Le,21,Female,EEE,3,A,CMRIT,Prof. Kavya,5.02,7.86,7.96,5.04,9.64,7.56,7.52,8.6,7.18,24,24,23,80,2,4,82689,75389,True,1,48,4,0.67,4,1,High
CMR2023644,Edwin Nunez,21,Male,AIML,3,A,CMRIT,Prof. Meena,9.68,7.75,7.7,6.94,8.81,5.65,9.23,6.3,7.75,21,22,20,75,7,4,41921,131314,True,3,35,6,0.73,7,4,Low
CMR2023432,Travis Tucker,20,Female,ECE,2,B,CMRIT,Dr. Ramesh,9.97,8.64,9.76,8.81,8.57,7.26,7.89,5.12,9.29,23,27,25,75,2,3,129991,33560,False,0,62,5,0.87,1,2,Medium
CMR2023558,Larry Robertson,21,Male,EEE,2,C,CMRIT,Dr. Ramesh,8.57,5.81,8.03,5.21,9.91,5.68,6.44,7.64,6.9,27,30,26,90,6,4,149261,146942,False,0,87,7,0.97,8,6,High
CMR2023336,Daniel Kane,21,Male,CSE,1,B,CMRIT,Prof. Meena,5.9,5.26,9.9,8.25,7.97,9.85,8.13,7.02,5.58,20,21,23,89,7,6,108978,133090,False,0,96,5,0.76,6,2,High
CMR2024155,Lisa Torres,22,Male,MECH,4,C,CMRIT,Dr. Ramesh,8.59,5.7,5.32,8.79,6.41,9.86,6.28,8.64,7.45,24,27,24,70,8,4,106343,6289,False,0,42,8,0.47,7,2,Medium
CMR2024102,Nicholas Lawrence,22,Male,CSE,2,C,CMRIT,Dr. Arvind,9.23,6.89,8.29,8.0,9.44,8.63,7.05,7.76,8.1,23,24,21,73,1,1,16866,62788,False,0,30,6,0.37,12,2,Medium
CMR2023294,Ryan Gonzalez,21,Male,MECH,3,C,CMRIT,Dr. Arvind,8.18,9.9,8.54,6.37,8.31,6.61,6.05,9.79,7.98,25,20,22,88,6,8,5536,129919,True,0,42,7,0.69,11,8,High
CMR2024092,Frank Whitaker,22,Female,CIVIL,3,A,CMRIT,Dr. Arvind,9.66,9.65,5.23,6.75,5.18,7.96,6.67,7.0,7.41,28,28,22,50,0,8,104665,130470,True,0,21,7,0.96,11,8,High
CMR2023714,Jennifer Jones,23,Male,CIVIL,2,A,CMRIT,Dr. Arvind,5.93,7.32,9.23,5.97,7.13,8.02,6.13,7.87,7.11,21,23,26,79,5,5,143696,27765,False,0,41,4,0.44,3,7,High
CMR2023710,Anthony Jones,21,Male,CSE,2,A,CMRIT,Prof. Meena,9.35,6.38,6.2,8.88,7.94,5.59,5.91,5.61,7.7,24,20,30,96,4,3,74408,147727,True,1,40,7,0.87,4,6,Low
CMR2023056,Timothy Duncan,18,Female,AIML,2,A,CMRIT,Dr. Arvind,9.59,7.36,9.16,8.79,7.35,8.08,9.53,5.1,8.72,23,22,28,80,7,1,143352,115953,True,2,50,6,0.39,3,7,Low
CMR2023287,Carolyn Miller,21,Male,CIVIL,2,C,CMRIT,Dr. Arvind,9.61,5.59,9.26,5.55,6.85,6.45,7.61,5.59,7.5,24,25,24,96,4,3,82065,132382,True,1,38,8,0.6,14,5,Low
CMR2023259,Mrs. Kristen Reyes,20,Male,CIVIL,2,B,CMRIT,Dr. Arvind,9.12,8.23,6.28,8.01,7.03,5.57,5.96,6.23,7.91,24,27,27,82,8,2,119329,115629,True,1,40,6,0.4,4,5,Low
CMR2023395,Dana Chapman,20,Male,CIVIL,1,A,CMRIT,Prof. Meena,8.19,9.83,9.39,8.39,9.5,7.25,9.79,7.63,9.01,24,30,25,84,5,1,91820,107505,False,0,55,6,0.43,9,9,Medium
CMR2023465,Jeffrey Mendez,21,Male,CIVIL,1,B,CMRIT,Prof. Kavya,6.55,6.12,6.39,8.89,8.95,8.25,6.78,7.3,6.33,30,20,28,44,4,8,64866,58092,False,0,24,7,0.74,5,9,High
CMR2023283,Shelia Wallace,20,Male,ECE,2,C,CMRIT,Prof. Meena,7.23,6.03,7.72,8.94,8.26,8.49,9.44,8.91,7.48,26,23,24,73,8,4,27093,14691,False,0,69,9,0.8,14,3,Medium
CMR2023710,Anthony Jones,21,Male,CSE,2,A,CMRIT,Prof. Meena,9.35,6.38,6.2,8.88,7.94,5.59,5.91,5.61,7.7,24,20,30,96,4,3,74408,147727,True,1,40,7,0.87,4,6,Low
CMR2023849,Brittany Jenkins,22,Male,AIML,2,B,CMRIT,Dr. Arvind,6.24,5.91,9.55,7.85,7.03,9.08,8.52,6.25,7.39,26,30,27,42,5,5,5201,39566,False,0,51,7,0.52,13,5,High
CMR2023148,Kathy Rivas,21,Female,CIVIL,3,C,CMRIT,Dr. Ramesh,5.06,6.26,8.1,8.9,9.35,9.15,9.56,8.52,7.8,30,25,29,51,8,1,148291,56503,True,2,77,5,0.99,1,3,High
CMR2023496,Austin Osborne,23,Female,CSE,3,C,CMRIT,Dr. Arvind,9.74,8.64,8.57,7.45,8.52,9.71,9.93,6.08,8.77,27,24,28,95,0,0,84865,91647,True,3,38,8,0.99,9,6,Low
CMR2023670,Chelsea Gill,18,Male,AIML,2,A,CMRIT,Prof. Meena,6.43,7.69,8.83,8.65,7.46,9.7,8.67,9.92,7.9,27,27,26,74,6,2,59075,68673,False,0,41,7,0.42,3,9,Medium
CMR2023697,Alicia Li,21,Female,MECH,2,A,CMRIT,Prof. Kavya,7.97,7.97,7.12,5.84,5.23,9.77,6.2,8.36,7.22,22,20,22,96,0,2,124950,102004,False,0,86,5,0.35,7,8,High
CMR2023629,Kevin Davis,23,Male,ECE,1,A,CMRIT,Dr. Arvind,5.89,6.91,7.65,9.99,8.48,7.62,7.81,8.03,6.4,22,27,20,65,2,2,76219,99630,True,1,85,8,0.69,12,6,High
CMR2023785,Laurie Bailey,23,Female,ECE,1,A,CMRIT,Prof. Kavya,7.35,5.39,7.33,9.09,8.6,5.12,9.85,5.67,6.37,25,25,29,60,8,1,146570,96948,True,3,24,5,0.37,9,2,Medium
CMR2023945,Paula Brown,21,Male,AIML,4,C,CMRIT,Dr. Arvind,5.52,8.3,6.01,8.42,7.06,7.85,9.41,6.7,7.41,23,28,22,65,4,2,15811,29706,True,2,23,7,0.86,2,7,Medium
CMR2023819,Megan Burns,19,Female,CIVIL,2,B,CMRIT,Prof. Kavya,7.7,5.44,9.47,5.59,6.94,6.74,5.24,9.87,7.05,29,26,20,69,2,8,37882,117839,False,0,77,7,0.75,13,3,High
CMR2023387,James Padilla,19,Female,MECH,1,C,CMRIT,Dr. Ramesh,6.3,8.92,5.55,9.74,5.38,6.65,8.06,9.06,7.61,24,22,22,80,7,1,125768,36431,True,2,38,8,0.92,14,7,Low
CMR2023253,Barbara Dudley,23,Female,EEE,2,B,CMRIT,Prof. Meena,7.45,6.31,6.72,9.3,7.73,9.76,5.16,7.15,7.45,21,26,27,96,2,7,87459,103654,False,0,78,4,0.32,8,5,High
CMR2023109,Sharon Cochran,23,Female,CIVIL,1,A,CMRIT,Dr. Arvind,9.04,6.36,5.32,8.56,7.88,5.39,7.28,6.8,7.7,27,29,22,87,8,0,101387,46237,False,0,33,8,0.77,1,4,Low
CMR2024077,David Carter,18,Female,CSE,1,C,CMRIT,Prof. Meena,7.48,9.91,9.88,8.35,5.14,5.65,5.37,5.65,8.7,21,28,22,93,0,4,149102,97492,True,1,49,9,0.4,9,8,Low
CMR2023496,Austin Osborne,23,Female,CSE,3,C,CMRIT,Dr. Arvind,9.74,8.64,8.57,7.45,8.52,9.71,9.93,6.08,8.77,27,24,28,95,0,0,84865,91647,True,3,38,8,0.99,9,6,Low
CMR2023759,Margaret Miller,21,Female,CIVIL,1,A,CMRIT,Prof. Kavya,6.36,6.48,9.75,6.26,8.01,9.69,6.97,6.37,6.42,25,26,28,47,5,5,110085,103100,True,2,24,7,0.4,12,3,High
CMR2023770,Jesse Clark,22,Male,CSE,2,A,CMRIT,Prof. Meena,7.34,5.23,6.58,7.8,7.13,7.11,6.04,9.12,6.74,25,21,30,41,1,1,87072,137275,True,3,21,9,0.52,2,7,High
CMR2023907,Kelly Haynes,22,Male,ECE,4,A,CMRIT,Prof. Kavya,5.33,9.63,6.38,8.66,8.48,6.87,7.41,7.9,7.58,23,22,25,92,5,3,29325,35004,False,0,95,7,0.67,7,10,High
CMR2023002,Angie Henderson,21,Female,EEE,3,A,CMRIT,Dr. Arvind,6.78,8.35,8.51,8.42,5.36,8.17,7.67,6.22,7.6,27,26,24,98,5,3,62570,90008,True,1,24,6,0.58,1,4,Low
CMR2023725,Rebecca Marquez,21,Male,CIVIL,1,A,CMRIT,Prof. Kavya,7.1,7.81,6.98,6.55,8.33,7.18,7.0,7.86,7.46,29,27,24,94,5,0,28337,115045,True,3,64,7,0.78,0,5,Medium
CMR2023691,Pamela Gutierrez,19,Female,CIVIL,1,A,CMRIT,Dr. Arvind,5.55,6.07,8.6,5.92,9.39,9.83,8.27,8.43,5.81,24,27,30,88,7,3,94072,13386,False,0,56,4,0.97,7,2,High
CMR2023661,Emma Butler,23,Female,CIVIL,1,C,CMRIT,Prof. Kavya,8.5,7.97,7.87,7.73,5.21,7.71,9.54,5.01,8.23,26,27,28,90,3,5,43131,30401,False,0,30,7,0.49,8,2,Low
CMR2023494,Meghan Cisneros,22,Male,EEE,2,C,CMRIT,Prof. Meena,8.14,9.44,9.9,8.73,8.53,9.91,9.02,6.32,9.05,25,25,23,90,8,2,88926,146654,False,0,29,9,0.39,13,4,Low
CMR2024139,Ernest Bush,20,Female,ECE,3,A,CMRIT,Prof. Kavya,9.85,6.06,6.66,5.03,7.49,8.84,8.03,8.36,7.32,23,23,30,83,6,0,40887,132967,False,0,44,8,0.81,0,5,Medium
CMR2023800,Jim Newton,23,Female,AIML,3,A,CMRIT,Dr. Arvind,8.39,8.94,7.5,9.32,9.03,8.62,7.64,6.39,8.63,26,28,20,42,2,1,111208,111208,False,0,22,6,0.89,13,2,High
CMR2023395,Dana Chapman,20,Male,CIVIL,1,A,CMRIT,Prof. Meena,8.19,9.83,9.39,8.39,9.5,7.25,9.79,7.63,9.01,24,30,25,84,5,1,91820,107505,False,0,55,6,0.43,9,9,Medium
CMR2023343,Nichole Alvarez,18,Female,CIVIL,2,C,CMRIT,Prof. Meena,8.53,5.92,9.93,8.99,7.51,6.38,7.14,9.71,8.34,23,24,30,100,1,2,27791,85127,False,0,60,4,0.74,1,4,High
CMR2023661,Emma Butler,23,Female,CIVIL,1,C,CMRIT,Prof. Kavya,8.5,7.97,7.87,7.73,5.21,7.71,9.54,5.01,8.23,26,27,28,90,3,5,43131,30401,False,0,30,7,0.49,8,2,Low
CMR2023894,Dr. Andrea Marshall,23,Female,EEE,1,A,CMRIT,Prof. Kavya,7.97,8.41,5.9,9.68,8.93,8.01,8.16,6.67,8.19,21,28,28,81,7,0,31153,45550,False,0,32,8,0.84,13,1,Low
CMR2023190,Debra Morton,18,Female,MECH,4,C,CMRIT,Prof. Kavya,8.81,7.4,5.99,6.98,7.86,7.81,9.99,7.62,7.81,23,21,24,62,0,4,117739,89780,True,0,72,7,0.56,3,6,Medium
CMR2023885,Kenneth Sharp,18,Male,AIML,2,C,CMRIT,Prof. Meena,9.56,9.99,5.08,8.88,9.18,9.1,9.34,8.65,8.38,27,20,23,43,2,0,112009,55852,True,2,54,5,0.94,8,7,High
CMR2023204,Erin Warner,23,Female,AIML,1,A,CMRIT,Dr. Ramesh,7.32,8.98,8.69,6.04,8.08,7.07,5.23,6.75,8.15,30,23,20,89,0,1,57740,78826,False,0,28,6,0.51,8,6,Low
CMR2023802,Reginald Morrow,22,Male,CSE,1,B,CMRIT,Dr. Ramesh,9.69,6.05,9.59,7.37,5.58,5.53,8.45,8.74,7.87,29,27,30,86,8,4,113774,16950,True,3,39,6,0.78,9,1,Low
CMR2023124,Helen Jones,18,Female,AIML,3,B,CMRIT,Dr. Arvind,5.93,5.22,7.2,6.32,9.19,7.82,5.76,8.48,6.95,21,21,30,92,8,6,95122,146937,False,0,95,5,0.69,13,7,High
CMR2023883,Ian Porter,18,Female,EEE,2,A,CMRIT,Dr. Ramesh,7.09,6.78,6.59,7.25,7.53,9.76,6.65,8.33,6.93,28,26,25,70,6,4,90925,98971,False,0,65,4,0.99,2,5,High
CMR2023634,Amber Cooper,22,Male,EEE,4,C,CMRIT,Dr. Ramesh,8.33,5.88,5.9,6.75,7.32,6.3,9.87,7.81,7.27,24,27,22,64,8,3,104328,45568,True,2,38,8,0.36,13,8,Medium
CMR2023925,Brenda Smith,22,Female,CIVIL,3,B,CMRIT,Prof. Kavya,9.54,9.67,5.38,9.65,6.07,7.18,9.25,6.84,7.92,26,24,26,82,6,1,54157,23808,True,0,24,9,0.65,9,2,Low
CMR2023102,Rebecca Valencia,23,Female,EEE,4,B,CMRIT,Dr. Ramesh,9.34,9.24,5.47,9.86,8.17,8.49,9.25,8.98,8.6,26,23,26,76,7,5,60535,134686,False,0,61,6,0.54,9,3,Medium
CMR2023516,William Day,21,Female,CSE,3,C,CMRIT,Prof. Meena,6.68,9.02,9.27,8.92,7.04,6.71,9.71,8.6,7.94,28,23,27,97,1,0,78830,74906,True,3,30,9,0.94,13,9,Low
CMR2023991,Brian Harris,18,Female,CIVIL,1,A,CMRIT,Prof. Meena,9.57,7.28,7.17,6.34,6.83,8.97,8.97,8.36,8.43,29,25,21,96,1,4,52265,61804,False,0,20,8,0.56,12,2,Low
CMR2023518,Penny Bowman,18,Female,CIVIL,2,A,CMRIT,Dr. Ramesh,8.58,6.93,8.13,5.96,9.09,8.54,7.48,8.53,7.4,27,24,30,96,8,3,21060,121003,True,0,30,5,0.98,4,3,Medium
CMR2023644,Edwin Nunez,21,Male,AIML,3,A,CMRIT,Prof. Meena,9.68,7.75,7.7,6.94,8.81,5.65,9.23,6.3,7.75,21,22,20,75,7,4,41921,131314,True,3,35,6,0.73,7,4,Low
CMR2023719,Jeffrey Roberson,23,Female,EEE,1,B,CMRIT,Prof. Kavya,9.11,8.09,9.97,6.06,8.28,9.5,6.21,9.49,8.6,27,23,21,92,3,0,35078,144348,True,2,70,9,0.86,4,2,Medium
CMR2023661,Emma Butler,23,Female,CIVIL,1,C,CMRIT,Prof. Kavya,8.5,7.97,7.87,7.73,5.21,7.71,9.54,5.01,8.23,26,27,28,90,3,5,43131,30401,False,0,30,7,0.49,8,2,Low
CMR2023109,Sharon Cochran,23,Female,CIVIL,1,A,CMRIT,Dr. Arvind,9.04,6.36,5.32,8.56,7.88,5.39,7.28,6.8,7.7,27,29,22,87,8,0,101387,46237,False,0,33,8,0.77,1,4,Low
CMR2023384,Aimee Turner,23,Female,AIML,4,C,CMRIT,Dr. Arvind,9.49,7.81,6.93,8.01,7.64,5.51,6.39,8.04,7.48,30,21,29,71,0,4,115559,119086,False,0,60,5,0.44,12,8,Medium
CMR2023610,Samantha Robertson,22,Female,AIML,3,C,CMRIT,Prof. Meena,8.18,7.84,5.73,7.83,6.47,8.86,9.44,7.85,7.48,23,22,23,66,0,8,33404,53484,True,2,38,7,0.58,8,1,High
CMR2023306,Edward Burgess,22,Female,AIML,1,B,CMRIT,Dr. Ramesh,5.84,6.94,9.41,8.76,6.87,7.59,5.89,8.56,6.39,28,27,27,68,3,6,129192,75342,False,0,94,9,0.33,3,4,High
CMR2023329,Ariana Jennings,22,Male,MECH,3,C,CMRIT,Prof. Kavya,6.84,8.09,8.29,7.38,7.07,5.94,9.93,9.79,7.27,25,20,30,90,1,5,99425,16994,False,0,76,5,0.72,6,10,High
CMR2023338,Scott Thomas,21,Male,EEE,4,A,CMRIT,Dr. Ramesh,8.77,6.04,8.29,5.59,9.31,8.48,5.03,7.24,7.34,25,21,20,47,8,4,38768,59061,True,0,91,6,0.9,0,2,High
CMR2023265,Joshua Reed,21,Male,ECE,2,A,CMRIT,Prof. Meena,8.09,8.0,5.75,9.79,5.85,7.84,5.07,7.63,7.91,27,30,27,67,3,3,36067,63847,True,1,54,6,0.82,6,3,Medium
CMR2023925,Brenda Smith,22,Female,CIVIL,3,B,CMRIT,Prof. Kavya,9.54,9.67,5.38,9.65,6.07,7.18,9.25,6.84,7.92,26,24,26,82,6,1,54157,23808,True,0,24,9,0.65,9,2,Low
CMR2023322,Johnathan Davis,19,Female,AIML,2,B,CMRIT,Dr. Arvind,7.88,9.84,6.01,9.31,7.41,9.76,6.8,6.89,8.26,27,27,26,78,8,2,137459,118621,True,3,22,7,0.6,1,5,Low
CMR2023686,Maria Henry,22,Female,CIVIL,3,A,CMRIT,Prof. Kavya,8.99,7.61,7.07,7.78,6.07,9.29,6.72,7.98,7.8,24,27,21,97,1,0,113375,28092,True,3,45,6,0.87,1,4,Low
CMR2024099,Steven Howard,19,Male,ECE,1,B,CMRIT,Prof. Meena,8.72,7.26,9.24,9.77,5.92,5.39,6.84,7.82,7.99,20,24,21,91,1,2,140419,48516,True,2,28,7,0.58,0,9,Low
CMR2023938,Amy Ramirez,22,Female,AIML,1,B,CMRIT,Dr. Ramesh,9.56,5.7,7.18,5.92,9.41,8.09,5.45,5.79,7.63,27,24,22,97,1,5,41394,39346,True,2,31,7,0.62,14,3,Low
CMR2023123,Michelle Harmon,20,Female,ECE,2,A,CMRIT,Dr. Ramesh,6.96,7.75,7.45,5.27,5.02,5.44,9.12,8.13,6.86,27,23,21,70,7,4,11746,59251,True,2,30,7,0.89,4,7,Medium
CMR2023519,Vincent Reynolds,23,Male,CIVIL,1,A,CMRIT,Prof. Kavya,9.24,8.78,6.14,6.97,9.18,6.48,7.06,8.2,9.01,23,26,24,62,0,6,95376,68116,True,2,56,5,0.35,1,8,High
CMR2023295,John Young,18,Male,MECH,1,C,CMRIT,Prof. Meena,8.36,6.76,9.06,9.14,6.79,5.89,8.84,8.49,7.56,20,21,27,83,5,3,102119,55591,False,0,21,5,0.82,12,5,Low
CMR2023089,Aimee Montoya,20,Female,ECE,1,C,CMRIT,Dr. Arvind,8.92,7.25,6.14,7.77,6.88,5.93,7.93,6.9,8.09,29,24,23,87,6,5,24269,26505,False,0,39,7,0.8,10,3,Low
CMR2023190,Debra Morton,18,Female,MECH,4,C,CMRIT,Prof. Kavya,8.81,7.4,5.99,6.98,7.86,7.81,9.99,7.62,7.81,23,21,24,62,0,4,117739,89780,True,0,72,7,0.56,3,6,Medium
CMR2023863,Tiffany Townsend,21,Female,CSE,4,A,CMRIT,Prof. Kavya,5.21,8.4,5.59,8.5,5.46,9.2,9.11,8.15,7.45,24,23,21,75,5,8,29084,57348,True,3,68,4,0.37,8,5,High
CMR2023706,Adam Jackson,20,Male,ECE,2,B,CMRIT,Prof. Kavya,9.6,8.69,9.7,7.77,6.6,8.37,5.51,7.57,8.94,28,30,20,82,6,4,144932,134234,True,3,38,9,0.47,4,2,Low
CMR2023703,Michael Abbott,19,Male,CIVIL,1,C,CMRIT,Prof. Kavya,9.95,5.45,8.41,9.06,9.89,5.37,6.49,9.33,7.7,20,22,29,92,4,1,144168,62191,True,0,53,5,0.89,11,9,Medium
CMR2024126,Mary Jackson,19,Female,CIVIL,2,C,CMRIT,Dr. Ramesh,7.93,6.48,5.6,5.03,9.09,8.27,9.82,7.04,6.26,29,26,21,84,2,2,56155,37025,False,0,40,9,0.53,2,4,Medium
CMR2023252,Tanya Kim,20,Female,CIVIL,4,B,CMRIT,Dr. Arvind,5.74,7.27,5.61,7.45,6.15,9.71,5.15,8.69,6.97,21,27,30,79,1,1,12012,51948,False,0,97,9,0.53,4,10,High
CMR2023371,Debra White,23,Female,CSE,1,A,CMRIT,Dr. Ramesh,9.59,9.61,8.84,6.0,6.64,6.59,9.98,7.43,9.6,27,21,24,78,6,0,124165,15035,True,3,38,9,0.45,9,1,Low
CMR2023802,Reginald Morrow,22,Male,CSE,1,B,CMRIT,Dr. Ramesh,9.69,6.05,9.59,7.37,5.58,5.53,8.45,8.74,7.87,29,27,30,86,8,4,113774,16950,True,3,39,6,0.78,9,1,Low
CMR2023543,Kathleen Robertson,23,Female,CIVIL,1,A,CMRIT,Prof. Kavya,5.7,8.7,9.73,7.81,7.19,6.83,8.49,5.1,7.2,28,25,30,44,1,1,147471,32873,False,0,80,4,0.5,8,7,High
CMR2023566,Paula Lane,20,Male,EEE,4,B,CMRIT,Prof. Kavya,7.03,9.25,6.43,8.05,5.82,5.8,6.64,6.88,6.99,21,21,21,43,0,7,26577,7225,True,3,83,4,0.95,12,3,High
CMR2023924,Danielle Murray,22,Female,CSE,1,B,CMRIT,Prof. Meena,5.49,8.51,5.43,7.48,6.02,5.68,8.53,7.91,7.0,24,20,22,45,1,2,84548,126616,True,1,86,8,0.86,1,5,High
CMR2023119,Jeffrey Chandler,23,Male,ECE,1,A,CMRIT,Prof. Kavya,7.93,9.59,8.87,9.23,9.3,9.8,6.87,9.71,8.76,26,29,21,81,5,2,93227,84105,False,0,37,5,0.81,6,8,Low
CMR2023496,Austin Osborne,23,Female,CSE,3,C,CMRIT,Dr. Arvind,9.74,8.64,8.57,7.45,8.52,9.71,9.93,6.08,8.77,27,24,28,95,0,0,84865,91647,True,3,38,8,0.99,9,6,Low
CMR2023516,William Day,21,Female,CSE,3,C,CMRIT,Prof. Meena,6.68,9.02,9.27,8.92,7.04,6.71,9.71,8.6,7.94,28,23,27,97,1,0,78830,74906,True,3,30,9,0.94,13,9,Low
CMR2023072,Brittney Phillips,20,Female,ECE,3,B,CMRIT,Dr. Ramesh,7.87,7.72,9.48,6.97,6.73,8.87,5.73,5.21,7.94,21,25,27,48,1,3,72225,130587,True,1,88,6,0.95,11,5,High
CMR2024000,Matthew Davis MD,23,Male,AIML,4,C,CMRIT,Prof. Kavya,8.01,8.75,6.86,8.88,7.52,6.71,7.11,9.84,7.96,23,30,29,49,5,5,148696,37417,True,3,55,9,0.45,10,3,High
CMR2023532,Donna Frye,20,Male,AIML,2,B,CMRIT,Prof. Kavya,7.5,8.6,8.6,7.29,6.95,8.77,9.6,7.4,8.0,29,24,30,99,0,4,70147,25361,True,0,23,8,0.34,0,5,Low
CMR2023119,Jeffrey Chandler,23,Male,ECE,1,A,CMRIT,Prof. Kavya,7.93,9.59,8.87,9.23,9.3,9.8,6.87,9.71,8.76,26,29,21,81,5,2,93227,84105,False,0,37,5,0.81,6,8,Low
CMR2023710,Anthony Jones,21,Male,CSE,2,A,CMRIT,Prof. Meena,9.35,6.38,6.2,8.88,7.94,5.59,5.91,5.61,7.7,24,20,30,96,4,3,74408,147727,True,1,40,7,0.87,4,6,Low
CMR2023204,Erin Warner,23,Female,AIML,1,A,CMRIT,Dr. Ramesh,7.32,8.98,8.69,6.04,8.08,7.07,5.23,6.75,8.15,30,23,20,89,0,1,57740,78826,False,0,28,6,0.51,8,6,Low
CMR2023462,Riley Bryant,21,Female,EEE,1,A,CMRIT,Prof. Kavya,9.24,8.79,7.9,8.96,8.61,6.83,8.28,5.71,9.02,23,27,23,88,4,5,74339,30460,False,0,29,7,0.93,7,4,Low
CMR2023318,Stephen Hoffman,21,Male,AIML,2,A,CMRIT,Dr. Arvind,6.62,5.07,8.27,5.06,6.06,6.1,8.29,6.39,6.25,29,25,20,90,2,4,22650,62294,False,0,58,8,0.65,1,9,Medium
CMR2023857,Nicole Phillips,23,Female,EEE,1,A,CMRIT,Dr. Ramesh,7.48,7.48,8.21,5.37,9.95,6.75,6.13,5.43,7.48,29,30,22,77,3,8,16793,43433,False,0,99,9,0.89,9,2,High
CMR2023459,Ruben Dunn,20,Male,MECH,3,B,CMRIT,Prof. Kavya,8.42,5.49,7.9,7.09,7.09,5.94,5.15,6.12,6.99,29,29,28,83,1,5,26104,112157,True,2,98,5,0.42,10,8,High
CMR2023554,Robert Morgan,22,Male,ECE,2,C,CMRIT,Dr. Ramesh,8.0,8.49,6.89,8.94,6.04,6.57,7.03,6.24,8.08,24,23,26,62,5,6,128132,11363,True,0,77,9,0.86,6,10,High
CMR2024128,Anna Briggs,22,Female,AIML,4,B,CMRIT,Prof. Kavya,7.01,6.11,9.92,6.38,7.94,9.85,5.1,9.54,7.73,25,28,28,78,3,5,6833,128440,True,3,28,6,0.88,2,3,Low
CMR2023020,Margaret Hawkins DDS,21,Male,MECH,1,B,CMRIT,Dr. Ramesh,5.42,7.14,9.33,5.91,6.3,6.64,7.27,6.69,6.28,26,24,26,81,1,0,71131,26471,False,0,22,9,0.68,5,4,Medium
CMR2023414,Erica Alvarez,21,Female,MECH,4,B,CMRIT,Dr. Arvind,5.81,6.91,8.73,9.62,5.66,5.08,9.0,9.75,7.57,21,23,28,90,0,1,82548,93482,False,0,24,8,0.49,4,5,Low
CMR2023793,Katherine Taylor,19,Male,MECH,3,C,CMRIT,Dr. Ramesh,7.48,8.44,9.52,7.34,8.95,6.79,9.85,7.06,8.09,22,23,25,100,2,8,124127,9560,True,2,31,5,0.73,12,9,High
CMR2023527,Michelle Jacobs,22,Male,ECE,1,A,CMRIT,Dr. Ramesh,9.34,7.76,6.84,6.58,8.6,7.75,8.14,8.23,8.55,26,22,25,86,2,7,14052,79162,False,0,92,8,0.33,8,1,High
CMR2023312,Shannon Ramsey,20,Male,AIML,3,B,CMRIT,Prof. Meena,5.79,5.55,7.68,7.39,5.34,9.78,9.33,5.65,6.92,23,24,26,57,3,0,129460,46623,False,0,95,5,0.65,10,8,High
CMR2023357,Jeffery Ortega,23,Female,CSE,3,A,CMRIT,Prof. Kavya,9.09,8.44,5.94,5.72,7.13,7.28,8.23,7.01,7.27,28,22,20,48,3,1,31143,104057,False,0,22,4,0.88,12,1,High
CMR2023846,Brandi Haney,21,Male,AIML,1,C,CMRIT,Dr. Ramesh,7.59,9.49,9.8,5.33,5.8,5.75,5.83,9.73,8.54,28,22,30,73,8,5,82590,83419,False,0,23,9,0.9,7,3,Medium
CMR2023500,Jennifer Banks,20,Male,ECE,2,C,CMRIT,Prof. Kavya,9.5,7.49,8.02,9.99,9.6,9.69,9.64,7.74,8.75,26,27,21,90,6,0,22160,93694,True,2,38,5,0.97,7,4,Low
CMR2023533,Dr. Michael Evans,21,Female,CIVIL,2,A,CMRIT,Dr. Ramesh,6.84,8.23,9.85,8.71,6.86,6.4,8.27,6.49,8.41,20,21,24,96,7,2,42182,73871,False,0,46,4,0.94,11,1,High
CMR2024112,Nathan Wilson,20,Female,ECE,4,A,CMRIT,Prof. Meena,5.08,9.69,8.31,8.14,6.64,7.43,9.23,6.15,7.58,23,24,30,60,2,0,39686,129632,True,3,70,9,0.71,2,6,Medium
CMR2023538,Emma Owens,18,Female,CIVIL,3,C,CMRIT,Prof. Meena,7.62,9.1,6.1,6.76,7.04,8.76,5.53,8.2,7.56,27,22,23,88,6,4,5156,137254,True,3,38,4,0.79,4,4,High
CMR2023159,Jamie Smith,20,Female,AIML,4,B,CMRIT,Dr. Arvind,7.43,7.41,8.02,7.51,5.69,5.83,5.39,8.22,6.94,23,22,22,70,3,2,46250,99954,True,1,73,6,0.8,7,8,Medium
CMR2024120,Misty Garcia,22,Male,MECH,3,B,CMRIT,Dr. Arvind,8.82,5.34,9.81,9.08,6.27,7.26,8.41,5.37,7.76,27,30,23,81,7,6,107632,124550,True,1,87,7,0.4,5,7,High
CMR2023002,Angie Henderson,21,Female,EEE,3,A,CMRIT,Dr. Arvind,6.78,8.35,8.51,8.42,5.36,8.17,7.67,6.22,7.6,27,26,24,98,5,3,62570,90008,True,1,24,6,0.58,1,4,Low
CMR2023119,Jeffrey Chandler,23,Male,ECE,1,A,CMRIT,Prof. Kavya,7.93,9.59,8.87,9.23,9.3,9.8,6.87,9.71,8.76,26,29,21,81,5,2,93227,84105,False,0,37,5,0.81,6,8,Low
CMR2023552,Diana Hays,22,Female,AIML,2,A,CMRIT,Dr. Arvind,8.81,5.86,9.83,6.92,7.71,5.09,5.8,7.86,7.86,29,24,27,98,3,4,37653,30082,True,3,48,5,0.62,2,3,Low
CMR2023516,William Day,21,Female,CSE,3,C,CMRIT,Prof. Meena,6.68,9.02,9.27,8.92,7.04,6.71,9.71,8.6,7.94,28,23,27,97,1,0,78830,74906,True,3,30,9,0.94,13,9,Low
CMR2023365,Kenneth Lewis,21,Male,AIML,4,A,CMRIT,Dr. Ramesh,9.08,7.34,6.57,8.21,9.14,5.82,9.02,8.23,7.93,23,24,21,74,1,1,32367,25397,False,0,97,6,0.32,4,3,High
CMR2023364,Tracy Burke,23,Male,ECE,1,A,CMRIT,Dr. Ramesh,9.41,5.16,8.76,7.52,5.05,9.16,8.4,9.38,7.29,28,24,29,100,2,3,136562,85224,True,3,40,6,0.98,8,7,Medium
CMR2023491,Heather Bolton,22,Female,CIVIL,4,B,CMRIT,Prof. Kavya,9.22,9.28,6.67,8.08,8.7,9.18,6.14,9.14,8.3,21,21,30,62,5,7,111447,87031,False,0,43,7,0.44,13,8,High
CMR2023462,Riley Bryant,21,Female,EEE,1,A,CMRIT,Prof. Kavya,9.24,8.79,7.9,8.96,8.61,6.83,8.28,5.71,9.02,23,27,23,88,4,5,74339,30460,False,0,29,7,0.93,7,4,Low
CMR2023388,Sandra Drake,22,Male,MECH,4,C,CMRIT,Prof. Meena,9.88,6.61,8.65,6.13,6.32,6.48,5.41,7.79,7.16,23,30,30,92,6,3,58973,25451,True,3,27,5,0.31,3,8,Medium
CMR2024185,John Duncan,23,Male,EEE,2,C,CMRIT,Dr. Arvind,8.29,9.37,9.71,6.62,8.4,7.25,9.9,7.93,8.5,24,20,29,91,4,0,27291,111532,False,0,24,8,0.38,3,7,Low
CMR2023371,Debra White,23,Female,CSE,1,A,CMRIT,Dr. Ramesh,9.59,9.61,8.84,6.0,6.64,6.59,9.98,7.43,9.6,27,21,24,78,6,0,124165,15035,True,3,38,9,0.45,9,1,Low
CMR2023995,Brittany Ward,22,Female,CSE,2,B,CMRIT,Prof. Kavya,5.01,6.39,6.1,8.41,9.6,6.14,8.64,8.45,6.48,21,25,29,57,1,0,52480,43002,True,1,81,4,0.57,9,4,High
CMR2023604,Mrs. Virginia Daniels,19,Male,CSE,1,C,CMRIT,Dr. Ramesh,6.67,7.08,7.75,9.19,7.62,5.07,8.44,6.67,6.88,30,27,24,79,5,2,79356,36378,False,0,20,8,0.78,6,6,Medium
CMR2023002,Angie Henderson,21,Female,EEE,3,A,CMRIT,Dr. Arvind,6.78,8.35,8.51,8.42,5.36,8.17,7.67,6.22,7.6,27,26,24,98,5,3,62570,90008,True,1,24,6,0.58,1,4,Low
CMR2023706,Adam Jackson,20,Male,ECE,2,B,CMRIT,Prof. Kavya,9.6,8.69,9.7,7.77,6.6,8.37,5.51,7.57,8.94,28,30,20,82,6,4,144932,134234,True,3,38,9,0.47,4,2,Low
CMR2024035,Natalie Malone,21,Male,ECE,4,C,CMRIT,Dr. Arvind,8.33,7.24,9.41,8.77,8.08,6.07,5.08,6.65,7.45,24,28,29,56,7,0,89581,69459,True,2,59,4,0.71,12,2,High
CMR2023691,Pamela Gutierrez,19,Female,CIVIL,1,A,CMRIT,Dr. Arvind,5.55,6.07,8.6,5.92,9.39,9.83,8.27,8.43,5.81,24,27,30,88,7,3,94072,13386,False,0,56,4,0.97,7,2,High
CMR2023408,Anthony Romero,23,Male,CSE,3,B,CMRIT,Dr. Arvind,6.0,9.44,5.3,6.02,9.08,6.65,8.79,9.56,7.08,20,23,27,96,8,7,24113,14269,False,0,29,7,0.72,9,2,High
CMR2023171,Darlene Miller,22,Female,AIML,3,B,CMRIT,Dr. Arvind,6.83,7.49,6.05,8.5,6.86,9.27,6.4,5.9,7.5,22,29,30,49,2,7,64917,31180,False,0,50,8,0.6,6,4,High
CMR2023441,Joann Ferguson,20,Male,MECH,2,C,CMRIT,Prof. Kavya,9.35,5.66,7.1,9.23,5.28,8.19,5.31,5.49,7.83,28,24,23,40,6,6,9371,92206,False,0,41,8,0.81,5,9,High
CMR2023287,Carolyn Miller,21,Male,CIVIL,2,C,CMRIT,Dr. Arvind,9.61,5.59,9.26,5.55,6.85,6.45,7.61,5.59,7.5,24,25,24,96,4,3,82065,132382,True,1,38,8,0.6,14,5,Low
CMR2023049,Eric Carney,18,Female,ECE,3,A,CMRIT,Dr. Arvind,8.9,5.38,8.17,7.65,5.97,8.88,6.76,9.79,7.49,30,22,23,51,7,7,31949,43389,False,0,45,5,0.72,12,2,High
CMR2024146,Mason Moore,18,Female,CSE,1,B,CMRIT,Prof. Kavya,9.33,5.37,7.58,7.12,6.67,8.64,6.99,7.58,7.35,23,21,30,49,7,8,110229,104090,False,0,80,8,0.89,10,2,High
CMR2023377,Paula Bradley,20,Male,MECH,3,B,CMRIT,Dr. Arvind,6.54,9.51,9.55,8.37,5.02,9.55,5.16,5.13,8.09,25,28,29,81,6,0,88223,92841,True,3,50,8,0.98,3,10,Low
CMR2023462,Riley Bryant,21,Female,EEE,1,A,CMRIT,Prof. Kavya,9.24,8.79,7.9,8.96,8.61,6.83,8.28,5.71,9.02,23,27,23,88,4,5,74339,30460,False,0,29,7,0.93,7,4,Low
CMR2023384,Aimee Turner,23,Female,AIML,4,C,CMRIT,Dr. Arvind,9.49,7.81,6.93,8.01,7.64,5.51,6.39,8.04,7.48,30,21,29,71,0,4,115559,119086,False,0,60,5,0.44,12,8,Medium
CMR2023500,Jennifer Banks,20,Male,ECE,2,C,CMRIT,Prof. Kavya,9.5,7.49,8.02,9.99,9.6,9.69,9.64,7.74,8.75,26,27,21,90,6,0,22160,93694,True,2,38,5,0.97,7,4,Low
CMR2023013,Michele Williams,19,Female,CSE,2,C,CMRIT,Dr. Arvind,8.91,7.06,8.35,8.68,6.24,5.8,8.51,6.91,8.25,20,27,23,65,5,4,57316,125665,False,0,59,5,0.46,10,4,Medium
CMR2023400,Robin Young,18,Female,CIVIL,1,B,CMRIT,Dr. Ramesh,9.11,7.83,8.45,9.32,5.61,7.92,7.55,8.58,8.47,23,28,22,91,7,3,134841,40757,True,1,58,9,0.52,14,1,Medium
CMR2023429,Nancy Jennings,19,Male,MECH,2,C,CMRIT,Dr. Ramesh,9.74,8.07,6.65,8.02,5.1,8.61,9.01,5.45,8.12,25,25,28,65,3,4,21636,17901,True,2,88,5,0.99,13,9,High
CMR2024140,Patricia Ray,18,Male,CIVIL,2,B,CMRIT,Prof. Meena,8.6,9.92,9.18,9.74,7.12,9.65,5.09,9.73,9.36,22,22,20,42,6,7,121424,103179,False,0,22,7,0.37,12,10,High
CMR2023677,Joseph Howard,20,Female,EEE,3,C,CMRIT,Dr. Ramesh,5.17,5.99,8.87,5.08,9.18,7.02,5.91,6.85,6.89,24,25,29,67,4,1,104402,119697,True,2,22,9,0.33,6,7,Medium
CMR2023172,Joshua Cooke,18,Male,EEE,4,A,CMRIT,Dr. Arvind,8.93,6.5,7.81,7.84,6.99,8.45,5.3,9.07,7.61,27,30,21,62,0,6,122926,92728,False,0,66,6,0.69,14,5,High
CMR2023807,Robert Gonzales,19,Male,ECE,1,C,CMRIT,Dr. Arvind,9.46,5.78,9.24,8.51,8.47,8.1,9.33,7.89,7.62,24,28,24,78,1,0,136960,22290,True,0,21,6,0.94,11,7,Low
CMR2023494,Meghan Cisneros,22,Male,EEE,2,C,CMRIT,Prof. Meena,8.14,9.44,9.9,8.73,8.53,9.91,9.02,6.32,9.05,25,25,23,90,8,2,88926,146654,False,0,29,9,0.39,13,4,Low
CMR2023387,James Padilla,19,Female,MECH,1,C,CMRIT,Dr. Ramesh,6.3,8.92,5.55,9.74,5.38,6.65,8.06,9.06,7.61,24,22,22,80,7,1,125768,36431,True,2,38,8,0.92,14,7,Low
CMR2023002,Angie Henderson,21,Female,EEE,3,A,CMRIT,Dr. Arvind,6.78,8.35,8.51,8.42,5.36,8.17,7.67,6.22,7.6,27,26,24,98,5,3,62570,90008,True,1,24,6,0.58,1,4,Low
CMR2023383,Mr. Andrew Foster,23,Male,EEE,2,A,CMRIT,Dr. Arvind,7.93,6.47,9.13,8.23,9.83,6.76,5.15,5.9,7.94,25,26,22,40,5,0,98780,69308,True,1,67,6,0.4,5,2,High
CMR2023829,Kenneth Knight,23,Female,CIVIL,3,A,CMRIT,Prof. Meena,5.84,5.8,5.92,6.75,8.77,7.67,6.76,8.98,6.79,30,26,22,81,0,1,83610,122236,True,3,44,8,0.83,14,3,Medium
CMR2023480,Dawn Mullins,18,Female,CSE,4,A,CMRIT,Prof. Kavya,9.57,5.23,6.89,7.99,7.63,5.79,5.07,9.49,7.21,21,26,21,91,0,4,34467,129699,False,0,73,8,0.61,13,10,Medium
CMR2023337,Charles Lester,20,Female,ECE,1,A,CMRIT,Dr. Ramesh,5.41,7.45,8.34,7.55,5.12,7.86,7.86,6.37,6.43,21,29,22,85,8,2,105652,131927,False,0,58,8,0.39,5,2,Medium
CMR2023494,Meghan Cisneros,22,Male,EEE,2,C,CMRIT,Prof. Meena,8.14,9.44,9.9,8.73,8.53,9.91,9.02,6.32,9.05,25,25,23,90,8,2,88926,146654,False,0,29,9,0.39,13,4,Low
CMR2023387,James Padilla,19,Female,MECH,1,C,CMRIT,Dr. Ramesh,6.3,8.92,5.55,9.74,5.38,6.65,8.06,9.06,7.61,24,22,22,80,7,1,125768,36431,True,2,38,8,0.92,14,7,Low
CMR2023644,Edwin Nunez,21,Male,AIML,3,A,CMRIT,Prof. Meena,9.68,7.75,7.7,6.94,8.81,5.65,9.23,6.3,7.75,21,22,20,75,7,4,41921,131314,True,3,35,6,0.73,7,4,Low
CMR2023075,Sarah Moore,18,Female,AIML,4,C,CMRIT,Dr. Arvind,8.59,5.07,6.69,6.48,8.37,5.97,8.05,8.19,7.18,26,26,28,99,3,0,90964,27737,False,0,32,5,0.99,7,6,Medium
CMR2023876,Michael Miles,19,Male,CSE,1,A,CMRIT,Prof. Meena,8.94,9.92,6.07,5.77,8.87,7.16,8.13,8.9,9.43,22,27,27,65,6,4,127536,127385,True,1,29,7,0.92,8,1,Medium
CMR2024114,Dennis Mills,18,Male,CIVIL,2,C,CMRIT,Prof. Kavya,7.65,6.51,9.86,9.16,8.12,8.82,8.43,9.45,8.29,28,26,27,71,7,3,38516,56548,True,0,27,6,0.77,8,2,Medium
CMR2023706,Adam Jackson,20,Male,ECE,2,B,CMRIT,Prof. Kavya,9.6,8.69,9.7,7.77,6.6,8.37,5.51,7.57,8.94,28,30,20,82,6,4,144932,134234,True,3,38,9,0.47,4,2,Low
CMR2023817,Beth Cline,19,Female,ECE,4,A,CMRIT,Dr. Ramesh,7.11,5.13,5.36,7.32,9.44,5.1,6.08,9.99,6.94,26,23,27,93,7,2,15312,94766,True,0,57,8,0.44,2,7,Medium
CMR2024071,Sarah Pittman,20,Female,ECE,4,B,CMRIT,Prof. Kavya,5.53,9.81,8.16,8.82,7.6,5.05,5.83,6.75,7.19,24,22,28,91,0,7,6693,89930,True,3,72,6,0.98,5,6,High
CMR2023942,Joshua Washington,18,Male,MECH,3,B,CMRIT,Prof. Kavya,8.39,8.5,5.52,5.4,7.26,7.49,9.85,8.56,7.09,25,20,25,75,1,5,51345,128451,False,0,28,5,0.32,9,3,Medium
CMR2023536,Morgan Valencia,19,Female,CIVIL,3,B,CMRIT,Prof. Kavya,7.9,6.86,9.92,8.84,5.74,8.36,9.45,8.38,7.94,26,25,26,95,2,0,27661,71374,True,2,65,9,0.63,12,9,Medium
CMR2024178,Jason Graves,18,Female,EEE,4,A,CMRIT,Dr. Ramesh,6.73,8.04,7.01,7.99,9.19,6.98,8.43,6.23,7.58,22,23,23,90,0,7,125904,20536,True,3,33,9,0.78,8,1,High
CMR2023192,Debra Christian,19,Female,MECH,4,C,CMRIT,Prof. Kavya,8.48,8.34,6.88,9.53,7.63,6.28,5.3,6.0,7.3,29,24,20,95,1,0,126886,7184,True,3,54,9,0.9,10,6,Medium
CMR2024159,Kara Sandoval,18,Female,AIML,1,B,CMRIT,Dr. Ramesh,5.66,5.65,8.18,6.5,6.24,6.07,7.2,8.38,5.66,30,27,21,52,1,1,145743,113489,True,2,58,7,0.91,5,7,High
CMR2024027,Steve Rivera,20,Male,CIVIL,2,B,CMRIT,Prof. Kavya,5.51,8.04,6.85,7.32,9.21,9.89,9.23,9.2,6.93,21,22,21,86,6,1,140006,87416,True,3,44,6,0.36,1,5,Medium
CMR2023633,Robert Reese,20,Male,CSE,2,A,CMRIT,Dr. Ramesh,8.69,5.95,5.31,6.0,5.72,9.21,5.04,6.52,6.49,21,20,26,69,5,0,7127,28553,True,3,53,7,0.41,11,9,Medium
CMR2023439,Jason Rhodes,21,Female,EEE,3,C,CMRIT,Dr. Ramesh,7.79,7.18,6.74,5.13,6.83,7.33,8.35,8.64,6.83,23,29,28,63,8,3,55065,105258,False,0,42,9,1.0,3,8,Medium
CMR2023941,Virginia Casey,20,Female,CSE,4,C,CMRIT,Prof. Kavya,6.13,6.43,8.9,8.63,9.89,5.68,6.17,9.81,7.71,30,30,27,93,3,7,127021,145109,True,2,62,7,0.5,11,5,High
CMR2023371,Debra White,23,Female,CSE,1,A,CMRIT,Dr. Ramesh,9.59,9.61,8.84,6.0,6.64,6.59,9.98,7.43,9.6,27,21,24,78,6,0,124165,15035,True,3,38,9,0.45,9,1,Low
CMR2023609,Casey Chase,21,Male,MECH,1,C,CMRIT,Dr. Arvind,9.97,7.9,5.32,6.45,7.87,9.67,8.57,7.27,8.94,24,29,22,87,7,1,110606,115293,False,0,57,8,0.75,12,10,Medium
CMR2023109,Sharon Cochran,23,Female,CIVIL,1,A,CMRIT,Dr. Arvind,9.04,6.36,5.32,8.56,7.88,5.39,7.28,6.8,7.7,27,29,22,87,8,0,101387,46237,False,0,33,8,0.77,1,4,Low
CMR2023326,Brett Burns,20,Male,CIVIL,4,C,CMRIT,Dr. Arvind,5.03,5.84,7.46,5.48,8.87,7.09,7.08,6.44,6.66,26,22,22,76,3,2,103212,53863,True,1,82,5,0.65,1,8,High
CMR2023658,Travis Hobbs,20,Male,EEE,2,A,CMRIT,Dr. Arvind,7.9,6.22,8.15,6.38,7.73,5.0,9.84,9.8,7.16,23,24,28,49,8,7,109891,144645,True,0,75,5,0.99,6,8,High
CMR2023623,Colleen Wright,18,Female,AIML,2,C,CMRIT,Prof. Meena,7.24,7.39,7.7,9.86,5.93,9.67,7.26,6.9,8.05,21,29,21,98,6,8,125954,134734,False,0,69,8,0.4,9,10,High
CMR2023002,Angie Henderson,21,Female,EEE,3,A,CMRIT,Dr. Arvind,6.78,8.35,8.51,8.42,5.36,8.17,7.67,6.22,7.6,27,26,24,98,5,3,62570,90008,True,1,24,6,0.58,1,4,Low
CMR2023565,John Coffey,19,Male,AIML,2,B,CMRIT,Prof. Kavya,9.63,8.49,7.53,7.06,7.0,7.83,6.5,6.21,8.18,29,27,30,61,5,1,22385,87301,True,3,71,7,0.41,7,1,Medium
CMR2023942,Joshua Washington,18,Male,MECH,3,B,CMRIT,Prof. Kavya,8.39,8.5,5.52,5.4,7.26,7.49,9.85,8.56,7.09,25,20,25,75,1,5,51345,128451,False,0,28,5,0.32,9,3,Medium
CMR2023609,Casey Chase,21,Male,MECH,1,C,CMRIT,Dr. Arvind,9.97,7.9,5.32,6.45,7.87,9.67,8.57,7.27,8.94,24,29,22,87,7,1,110606,115293,False,0,57,8,0.75,12,10,Medium
CMR2023925,Brenda Smith,22,Female,CIVIL,3,B,CMRIT,Prof. Kavya,9.54,9.67,5.38,9.65,6.07,7.18,9.25,6.84,7.92,26,24,26,82,6,1,54157,23808,True,0,24,9,0.65,9,2,Low
CMR2023366,Courtney Rodriguez,19,Male,ECE,2,C,CMRIT,Prof. Kavya,8.19,5.16,6.35,9.88,7.82,7.82,8.95,5.23,7.39,25,21,24,86,5,2,7222,98493,False,0,70,8,0.44,12,7,Medium
CMR2024137,Bianca Knapp,23,Female,ECE,3,B,CMRIT,Prof. Meena,9.93,5.21,9.91,5.18,7.06,7.35,5.37,7.09,7.44,24,24,25,99,1,2,76852,128235,False,0,34,5,0.38,9,4,Medium
CMR2023710,Anthony Jones,21,Male,CSE,2,A,CMRIT,Prof. Meena,9.35,6.38,6.2,8.88,7.94,5.59,5.91,5.61,7.7,24,20,30,96,4,3,74408,147727,True,1,40,7,0.87,4,6,Low
CMR2023009,Ryan Munoz,18,Female,MECH,2,A,CMRIT,Dr. Ramesh,9.26,5.34,5.34,9.31,7.02,9.71,7.85,7.89,7.31,20,29,21,56,6,2,114897,142044,False,0,53,5,0.77,5,4,High
CMR2023739,Linda Gonzalez,21,Male,AIML,1,A,CMRIT,Dr. Ramesh,5.43,5.24,7.65,9.83,5.21,8.48,9.91,7.76,5.33,29,20,30,78,2,5,24381,124122,True,3,57,9,0.33,10,4,High
CMR2023921,David Kelly,23,Male,MECH,3,C,CMRIT,Dr. Ramesh,8.81,5.41,6.13,6.36,6.36,7.38,8.33,9.17,6.74,30,23,30,45,0,1,76730,144848,True,2,25,8,0.68,11,5,High
CMR2023094,John Whitehead,23,Male,CSE,2,C,CMRIT,Dr. Arvind,5.83,8.06,7.82,8.23,8.23,9.83,6.66,8.98,7.49,21,20,21,84,8,2,72826,63196,True,3,67,7,0.62,10,10,Medium
CMR2023643,Courtney Smith,23,Male,ECE,1,C,CMRIT,Dr. Arvind,9.91,5.75,6.43,5.64,9.2,7.96,8.5,6.83,7.83,25,26,21,89,1,3,5324,61260,False,0,36,9,0.71,13,1,Low
CMR2023293,Margaret Coleman,22,Female,CIVIL,2,A,CMRIT,Dr. Ramesh,9.67,7.41,7.99,9.2,6.9,6.76,8.16,7.93,8.57,28,24,20,86,8,4,47314,145008,True,2,31,7,0.79,13,3,Low
CMR2023922,Megan Green,21,Female,MECH,2,A,CMRIT,Dr. Ramesh,9.97,9.54,5.46,7.0,9.88,7.89,8.55,8.31,7.99,21,20,20,99,1,6,86671,47349,True,1,87,8,0.88,6,7,High
CMR2024110,Mary Nelson,18,Female,AIML,3,B,CMRIT,Prof. Kavya,6.37,7.48,8.61,9.65,5.98,8.73,7.8,6.74,7.8,28,26,25,84,1,3,68858,45221,False,0,69,8,0.62,1,5,Medium
CMR2023065,Amber Kidd,23,Female,MECH,1,A,CMRIT,Dr. Ramesh,5.23,8.21,7.88,8.26,8.83,7.08,8.19,7.49,6.72,30,28,24,68,6,7,84192,131601,True,3,58,7,0.35,0,3,High
CMR2024142,Joseph Haynes,23,Male,CSE,1,B,CMRIT,Prof. Kavya,5.12,5.43,5.87,7.09,9.33,9.49,5.63,5.73,5.28,23,30,27,71,8,8,121515,78329,True,3,26,6,0.5,8,6,High
CMR2024177,Tracy Chavez,21,Female,CIVIL,2,B,CMRIT,Prof. Meena,5.76,5.38,6.89,8.73,5.59,5.13,5.98,7.49,6.69,30,28,21,79,6,3,29332,19383,False,0,76,4,0.97,12,10,High
CMR2024012,Peter Thompson,21,Female,EEE,4,C,CMRIT,Dr. Arvind,5.0,6.69,7.71,7.53,9.72,8.43,6.92,8.31,7.54,24,29,30,76,8,5,52369,58584,False,0,46,6,0.73,10,7,Low
CMR2024077,David Carter,18,Female,CSE,1,C,CMRIT,Prof. Meena,7.48,9.91,9.88,8.35,5.14,5.65,5.37,5.65,8.7,21,28,22,93,0,4,149102,97492,True,1,49,9,0.4,9,8,Low
CMR2023878,Michelle Jackson,20,Male,EEE,4,B,CMRIT,Prof. Kavya,6.86,9.63,9.21,7.15,5.8,9.21,6.23,7.02,7.64,28,30,25,78,7,3,110785,73779,False,0,29,6,0.7,4,6,Low
CMR2024113,Brian Gonzalez,20,Male,MECH,2,B,CMRIT,Dr. Ramesh,5.04,8.33,8.92,8.98,5.56,8.85,5.28,9.09,7.82,26,21,26,48,1,3,23458,125500,True,2,52,9,0.74,8,2,High
CMR2023802,Reginald Morrow,22,Male,CSE,1,B,CMRIT,Dr. Ramesh,9.69,6.05,9.59,7.37,5.58,5.53,8.45,8.74,7.87,29,27,30,86,8,4,113774,16950,True,3,39,6,0.78,9,1,Low
CMR2023552,Diana Hays,22,Female,AIML,2,A,CMRIT,Dr. Arvind,8.81,5.86,9.83,6.92,7.71,5.09,5.8,7.86,7.86,29,24,27,98,3,4,37653,30082,True,3,48,5,0.62,2,3,Low
CMR2023670,Chelsea Gill,18,Male,AIML,2,A,CMRIT,Prof. Meena,6.43,7.69,8.83,8.65,7.46,9.7,8.67,9.92,7.9,27,27,26,74,6,2,59075,68673,False,0,41,7,0.42,3,9,Medium
CMR2024034,Chelsea Lewis,23,Female,EEE,2,A,CMRIT,Prof. Meena,7.65,9.63,7.21,9.4,6.74,8.49,9.56,8.07,8.47,23,21,23,46,3,8,107066,18753,False,0,36,5,0.89,0,2,High
CMR2023555,Nicole Gonzalez,18,Female,EEE,4,B,CMRIT,Dr. Ramesh,7.19,6.74,6.35,9.56,6.3,5.79,6.1,7.93,7.0,28,29,28,45,8,0,56304,14514,False,0,66,4,0.83,1,3,High
CMR2023776,Tina Hall,18,Female,MECH,1,B,CMRIT,Prof. Meena,7.01,8.48,9.3,8.3,8.03,9.83,9.6,7.85,7.75,22,28,28,94,3,5,77933,138469,False,0,54,6,0.83,5,2,Medium
CMR2023851,Paul Lawrence,19,Male,EEE,1,B,CMRIT,Prof. Meena,9.03,8.02,8.12,7.64,6.42,5.37,6.86,6.55,8.52,27,30,22,66,2,0,40360,18237,False,0,43,8,0.67,2,3,Medium
CMR2023056,Timothy Duncan,18,Female,AIML,2,A,CMRIT,Dr. Arvind,9.59,7.36,9.16,8.79,7.35,8.08,9.53,5.1,8.72,23,22,28,80,7,1,143352,115953,True,2,50,6,0.39,3,7,Low
CMR2023807,Robert Gonzales,19,Male,ECE,1,C,CMRIT,Dr. Arvind,9.46,5.78,9.24,8.51,8.47,8.1,9.33,7.89,7.62,24,28,24,78,1,0,136960,22290,True,0,21,6,0.94,11,7,Low
CMR2023445,Tracy Montoya,22,Female,CSE,2,B,CMRIT,Prof. Kavya,7.34,5.16,5.58,8.29,5.93,5.7,7.93,6.86,6.59,26,30,29,81,1,2,13873,89507,True,2,21,5,0.59,5,6,Medium
CMR2023552,Diana Hays,22,Female,AIML,2,A,CMRIT,Dr. Arvind,8.81,5.86,9.83,6.92,7.71,5.09,5.8,7.86,7.86,29,24,27,98,3,4,37653,30082,True,3,48,5,0.62,2,3,Low
CMR2023128,Cameron Fisher,20,Female,ECE,3,C,CMRIT,Prof. Meena,8.02,5.45,7.21,9.57,7.04,7.42,7.58,6.87,7.45,20,28,22,52,3,0,22201,86559,False,0,37,8,0.92,0,3,High
CMR2023654,Robert Dennis,19,Male,CSE,4,A,CMRIT,Dr. Arvind,9.64,7.54,9.08,9.26,9.85,9.64,9.47,6.52,8.88,22,22,21,51,0,0,123303,98336,True,3,84,6,0.61,0,9,High
CMR2023255,Kristen Davis,23,Male,CIVIL,3,B,CMRIT,Dr. Ramesh,7.14,9.96,7.06,5.28,6.22,6.17,6.56,5.42,6.97,21,24,21,72,6,4,93498,49506,True,2,24,7,0.76,6,10,Medium
CMR2023556,Kathryn Williams,20,Male,MECH,3,B,CMRIT,Prof. Kavya,6.47,9.29,6.39,9.58,6.15,6.56,7.6,6.16,7.41,21,29,20,78,1,1,51122,80561,False,0,74,5,0.47,12,4,Medium
CMR2023673,Timothy Hayden,18,Female,AIML,1,A,CMRIT,Prof. Meena,9.8,7.56,6.28,7.69,6.93,8.11,7.9,9.94,8.68,28,28,22,46,4,7,20970,85235,False,0,81,8,0.79,13,8,High
CMR2023165,John Anderson,18,Female,AIML,3,A,CMRIT,Dr. Ramesh,8.62,9.65,7.0,8.28,6.43,9.82,5.29,8.87,8.3,22,30,27,84,3,2,120073,7807,True,2,44,4,0.85,8,9,High
CMR2024024,James Washington,20,Male,ECE,4,B,CMRIT,Dr. Arvind,9.14,5.01,6.64,6.31,5.52,9.65,8.73,8.36,7.42,23,28,27,70,4,1,64155,98676,True,3,72,6,0.95,13,8,Medium
CMR2023927,Jacqueline Mccoy,23,Female,CSE,1,A,CMRIT,Dr. Arvind,6.41,8.6,5.33,8.54,7.92,7.99,8.07,7.6,7.5,25,26,26,67,7,5,79010,137824,True,0,23,6,0.37,10,6,Medium
CMR2023140,Cheyenne Horton,18,Female,EEE,4,B,CMRIT,Prof. Meena,8.45,7.39,7.11,9.43,5.83,5.66,8.63,9.91,7.8,22,21,26,70,7,1,131530,119861,True,3,65,8,0.32,10,3,Medium
CMR2024051,Alexa Buck,18,Female,CIVIL,1,B,CMRIT,Prof. Meena,7.86,8.23,7.87,7.44,7.16,7.99,9.72,6.56,8.04,30,21,26,67,7,6,45919,33794,False,0,94,5,0.77,12,10,High
CMR2023634,Amber Cooper,22,Male,EEE,4,C,CMRIT,Dr. Ramesh,8.33,5.88,5.9,6.75,7.32,6.3,9.87,7.81,7.27,24,27,22,64,8,3,104328,45568,True,2,38,8,0.36,13,8,Medium
CMR2023914,Dale Chan,21,Female,CIVIL,4,C,CMRIT,Prof. Kavya,6.38,7.86,8.18,6.8,8.11,9.15,6.78,9.17,7.8,21,25,22,88,6,2,105571,110980,False,0,62,8,0.89,4,8,Medium
CMR2023221,Jeremy Dalton,21,Male,MECH,1,C,CMRIT,Prof. Meena,6.76,8.63,6.26,5.17,8.1,5.28,7.97,9.47,7.7,23,29,30,91,2,1,36926,36451,True,1,68,9,0.83,10,10,Medium
CMR2024155,Lisa Torres,22,Male,MECH,4,C,CMRIT,Dr. Ramesh,8.59,5.7,5.32,8.79,6.41,9.86,6.28,8.64,7.45,24,27,24,70,8,4,106343,6289,False,0,42,8,0.47,7,2,Medium
CMR2023244,Shannon Rivera,22,Female,AIML,1,A,CMRIT,Prof. Kavya,6.31,9.78,9.17,7.36,8.27,9.46,7.09,7.46,8.04,30,23,20,76,6,4,36288,77670,False,0,28,8,0.82,9,8,Low
CMR2023894,Dr. Andrea Marshall,23,Female,EEE,1,A,CMRIT,Prof. Kavya,7.97,8.41,5.9,9.68,8.93,8.01,8.16,6.67,8.19,21,28,28,81,7,0,31153,45550,False,0,32,8,0.84,13,1,Low
CMR2023220,Courtney Mills,21,Female,MECH,1,A,CMRIT,Dr. Arvind,9.78,7.16,9.59,9.29,6.67,6.34,5.49,8.27,8.47,26,27,30,93,1,0,68385,56098,False,0,43,6,0.68,10,1,Low
CMR2023336,Daniel Kane,21,Male,CSE,1,B,CMRIT,Prof. Meena,5.9,5.26,9.9,8.25,7.97,9.85,8.13,7.02,5.58,20,21,23,89,7,6,108978,133090,False,0,96,5,0.76,6,2,High
CMR2023681,Justin Walker,21,Female,ECE,3,A,CMRIT,Prof. Meena,7.43,6.45,5.45,8.74,7.44,6.93,5.92,5.37,7.07,28,30,30,67,4,2,149552,42920,False,0,31,8,0.8,6,3,Medium
CMR2024049,Megan Adams,23,Female,EEE,1,A,CMRIT,Dr. Arvind,8.14,5.59,5.97,5.84,6.07,8.68,8.94,8.19,6.87,27,20,24,56,7,7,9782,126900,True,2,71,8,1.0,7,2,High
CMR2023547,Julie Herrera,23,Male,AIML,3,B,CMRIT,Dr. Ramesh,7.16,5.15,5.33,5.42,9.46,5.73,8.21,6.85,6.38,26,24,27,84,8,2,94517,84559,False,0,59,7,0.66,6,10,Medium
CMR2023776,Tina Hall,18,Female,MECH,1,B,CMRIT,Prof. Meena,7.01,8.48,9.3,8.3,8.03,9.83,9.6,7.85,7.75,22,28,28,94,3,5,77933,138469,False,0,54,6,0.83,5,2,Medium
CMR2023903,Matthew Sweeney,21,Female,CIVIL,1,C,CMRIT,Prof. Meena,8.54,5.94,7.79,5.94,6.89,7.3,8.0,6.89,7.24,26,26,26,48,2,2,25436,5392,True,2,70,5,0.49,12,1,High
CMR2023993,Deborah Campbell,21,Female,MECH,2,A,CMRIT,Dr. Arvind,6.82,6.04,5.49,7.72,9.26,7.39,6.43,9.96,6.52,22,22,23,67,3,3,80678,104819,True,2,58,7,0.92,2,8,Medium
CMR2024139,Ernest Bush,20,Female,ECE,3,A,CMRIT,Prof. Kavya,9.85,6.06,6.66,5.03,7.49,8.84,8.03,8.36,7.32,23,23,30,83,6,0,40887,132967,False,0,44,8,0.81,0,5,Medium
CMR2023102,Rebecca Valencia,23,Female,EEE,4,B,CMRIT,Dr. Ramesh,9.34,9.24,5.47,9.86,8.17,8.49,9.25,8.98,8.6,26,23,26,76,7,5,60535,134686,False,0,61,6,0.54,9,3,Medium
CMR2023207,Cathy Robinson,22,Female,AIML,1,B,CMRIT,Dr. Ramesh,8.89,9.57,7.22,5.12,7.41,7.5,5.95,9.62,9.23,28,24,25,47,0,4,42563,30756,True,1,24,7,0.57,13,9,High
CMR2023287,Carolyn Miller,21,Male,CIVIL,2,C,CMRIT,Dr. Arvind,9.61,5.59,9.26,5.55,6.85,6.45,7.61,5.59,7.5,24,25,24,96,4,3,82065,132382,True,1,38,8,0.6,14,5,Low
CMR2023925,Brenda Smith,22,Female,CIVIL,3,B,CMRIT,Prof. Kavya,9.54,9.67,5.38,9.65,6.07,7.18,9.25,6.84,7.92,26,24,26,82,6,1,54157,23808,True,0,24,9,0.65,9,2,Low
CMR2023718,Kathryn Mccann,21,Male,ECE,4,B,CMRIT,Prof. Kavya,5.73,9.9,9.82,9.91,9.91,5.71,5.81,8.56,8.17,20,30,21,85,2,2,81555,71520,True,2,91,9,0.9,9,3,High
CMR2023414,Erica Alvarez,21,Female,MECH,4,B,CMRIT,Dr. Arvind,5.81,6.91,8.73,9.62,5.66,5.08,9.0,9.75,7.57,21,23,28,90,0,1,82548,93482,False,0,24,8,0.49,4,5,Low
CMR2024128,Anna Briggs,22,Female,AIML,4,B,CMRIT,Prof. Kavya,7.01,6.11,9.92,6.38,7.94,9.85,5.1,9.54,7.73,25,28,28,78,3,5,6833,128440,True,3,28,6,0.88,2,3,Low
CMR2023881,Denise Brown,20,Female,CIVIL,4,C,CMRIT,Prof. Meena,5.32,7.57,7.51,5.71,9.83,6.03,7.63,7.73,7.17,27,20,25,84,4,5,148302,81054,True,3,86,4,0.57,1,4,High
CMR2023002,Angie Henderson,21,Female,EEE,3,A,CMRIT,Dr. Arvind,6.78,8.35,8.51,8.42,5.36,8.17,7.67,6.22,7.6,27,26,24,98,5,3,62570,90008,True,1,24,6,0.58,1,4,Low
CMR2023807,Robert Gonzales,19,Male,ECE,1,C,CMRIT,Dr. Arvind,9.46,5.78,9.24,8.51,8.47,8.1,9.33,7.89,7.62,24,28,24,78,1,0,136960,22290,True,0,21,6,0.94,11,7,Low
CMR2023387,James Padilla,19,Female,MECH,1,C,CMRIT,Dr. Ramesh,6.3,8.92,5.55,9.74,5.38,6.65,8.06,9.06,7.61,24,22,22,80,7,1,125768,36431,True,2,38,8,0.92,14,7,Low
CMR2023780,Christine Goodwin,18,Male,AIML,3,C,CMRIT,Prof. Meena,5.14,8.65,7.79,5.76,6.95,6.28,9.67,7.03,6.76,22,22,25,51,6,1,25480,135025,False,0,38,5,0.5,4,4,High
CMR2023059,John Daniel,21,Female,ECE,1,C,CMRIT,Prof. Kavya,6.43,9.31,5.24,8.28,6.37,9.0,7.18,7.0,7.87,27,26,25,45,6,2,53973,135076,False,0,67,8,0.49,1,7,High
CMR2023183,Ashley Barton,23,Male,CSE,3,C,CMRIT,Prof. Kavya,6.6,5.32,9.84,9.1,5.95,8.42,8.83,5.77,7.54,24,25,26,46,7,3,89416,33957,True,0,25,5,0.43,0,4,High
CMR2023938,Amy Ramirez,22,Female,AIML,1,B,CMRIT,Dr. Ramesh,9.56,5.7,7.18,5.92,9.41,8.09,5.45,5.79,7.63,27,24,22,97,1,5,41394,39346,True,2,31,7,0.62,14,3,Low
CMR2024110,Mary Nelson,18,Female,AIML,3,B,CMRIT,Prof. Kavya,6.37,7.48,8.61,9.65,5.98,8.73,7.8,6.74,7.8,28,26,25,84,1,3,68858,45221,False,0,69,8,0.62,1,5,Medium
CMR2023590,Laurie Sanchez,22,Male,MECH,3,A,CMRIT,Prof. Meena,8.48,9.67,8.77,7.78,5.82,8.69,9.9,7.86,8.2,30,24,23,58,7,0,50106,46144,True,0,42,5,0.88,3,3,High
CMR2023620,Casey Hernandez,23,Male,EEE,4,C,CMRIT,Dr. Ramesh,7.01,9.69,6.18,7.03,8.9,5.73,8.96,6.83,7.54,20,26,28,45,6,5,42651,27112,True,1,48,9,0.54,10,3,High
CMR2023802,Reginald Morrow,22,Male,CSE,1,B,CMRIT,Dr. Ramesh,9.69,6.05,9.59,7.37,5.58,5.53,8.45,8.74,7.87,29,27,30,86,8,4,113774,16950,True,3,39,6,0.78,9,1,Low
CMR2024028,Patrick Mccall,19,Male,CSE,3,C,CMRIT,Dr. Arvind,6.81,9.24,9.76,6.6,5.19,5.29,6.54,5.05,7.15,27,28,21,60,7,6,31164,17439,False,0,66,8,0.68,10,6,High
CMR2023672,Felicia Krueger,22,Male,CIVIL,4,B,CMRIT,Prof. Meena,7.53,7.57,5.33,7.12,9.94,6.39,6.27,8.35,7.31,25,24,24,85,8,1,117065,19021,True,2,28,7,0.72,3,8,Medium
CMR2023167,Alyssa Day,20,Male,EEE,1,C,CMRIT,Dr. Ramesh,7.52,6.7,5.59,7.57,6.29,7.69,8.97,6.25,7.11,27,26,29,70,1,4,131780,68772,False,0,78,9,0.62,9,1,High
CMR2023726,Christian Dawson,18,Female,AIML,3,B,CMRIT,Prof. Kavya,7.35,5.19,8.7,9.88,7.83,8.08,9.81,7.21,7.84,21,30,29,77,7,0,98872,41006,False,0,48,6,0.44,11,6,Low
CMR2023913,Emily Nelson,20,Female,CIVIL,3,B,CMRIT,Prof. Kavya,6.08,5.93,7.0,8.86,6.49,7.21,8.97,5.87,6.93,29,28,26,100,5,3,117564,55679,False,0,42,9,0.34,12,10,Medium
CMR2024052,Lindsay Smith,23,Male,ECE,2,B,CMRIT,Prof. Meena,10.0,6.84,8.37,6.78,7.64,7.04,7.45,7.27,8.0,22,28,28,79,0,1,61203,75802,True,1,49,6,0.87,12,4,Low
CMR2024018,Jimmy Marks,22,Female,AIML,3,A,CMRIT,Prof. Meena,8.75,8.94,9.39,9.35,9.81,8.92,7.38,7.33,9.19,28,27,24,78,7,5,11559,74504,True,0,81,7,0.63,1,5,High
CMR2023043,Anthony Humphrey,23,Female,CSE,1,B,CMRIT,Prof. Kavya,5.33,6.38,8.17,7.74,6.63,9.97,7.65,7.27,5.86,29,26,21,65,6,1,34992,149529,True,3,77,5,0.59,13,8,High
CMR2024068,Laura Lee,23,Male,CIVIL,4,A,CMRIT,Prof. Kavya,7.6,9.66,8.91,7.38,8.12,9.31,9.42,9.45,8.73,27,29,25,51,7,1,127784,15716,True,3,38,7,0.46,7,10,High
CMR2023917,Christine Parker,23,Female,AIML,1,B,CMRIT,Dr. Ramesh,6.97,7.69,6.48,7.35,8.19,8.08,8.76,8.79,7.33,30,21,26,84,7,1,30213,97926,True,0,32,7,0.93,8,4,Medium
CMR2023432,Travis Tucker,20,Female,ECE,2,B,CMRIT,Dr. Ramesh,9.97,8.64,9.76,8.81,8.57,7.26,7.89,5.12,9.29,23,27,25,75,2,3,129991,33560,False,0,62,5,0.87,1,2,Medium
CMR2023151,Pamela Boyd,23,Female,CSE,3,C,CMRIT,Prof. Meena,7.43,6.48,8.26,6.6,5.41,5.48,9.86,8.87,6.61,28,20,30,81,1,2,22163,60255,True,3,33,5,0.68,11,7,Medium
CMR2023468,Katie Mcneil,22,Female,CIVIL,3,B,CMRIT,Prof. Kavya,6.71,8.39,7.52,8.13,5.56,8.78,5.91,5.03,7.52,28,27,27,80,8,2,47763,51870,True,3,58,4,0.95,7,6,High
CMR2023950,Rebecca Kelly,21,Male,EEE,2,C,CMRIT,Prof. Kavya,9.24,8.92,9.04,7.13,5.02,5.34,5.69,8.97,8.58,22,20,20,53,3,3,140788,81592,False,0,36,7,0.87,12,9,High
CMR2023460,Kelsey Rodriguez,18,Female,MECH,2,A,CMRIT,Prof. Meena,6.85,9.37,5.88,9.69,9.61,6.61,6.46,9.47,7.95,23,29,27,91,5,2,125374,69237,False,0,50,5,0.98,8,2,Low
CMR2023293,Margaret Coleman,22,Female,CIVIL,2,A,CMRIT,Dr. Ramesh,9.67,7.41,7.99,9.2,6.9,6.76,8.16,7.93,8.57,28,24,20,86,8,4,47314,145008,True,2,31,7,0.79,13,3,Low
CMR2024077,David Carter,18,Female,CSE,1,C,CMRIT,Prof. Meena,7.48,9.91,9.88,8.35,5.14,5.65,5.37,5.65,8.7,21,28,22,93,0,4,149102,97492,True,1,49,9,0.4,9,8,Low
CMR2023402,Mary Thompson,19,Male,EEE,4,B,CMRIT,Dr. Arvind,8.34,9.8,7.46,8.34,6.96,8.49,5.54,7.08,7.75,26,22,20,68,0,5,79297,124821,True,3,21,8,0.51,10,10,Medium
CMR2024137,Bianca Knapp,23,Female,ECE,3,B,CMRIT,Prof. Meena,9.93,5.21,9.91,5.18,7.06,7.35,5.37,7.09,7.44,24,24,25,99,1,2,76852,128235,False,0,34,5,0.38,9,4,Medium
CMR2023726,Christian Dawson,18,Female,AIML,3,B,CMRIT,Prof. Kavya,7.35,5.19,8.7,9.88,7.83,8.08,9.81,7.21,7.84,21,30,29,77,7,0,98872,41006,False,0,48,6,0.44,11,6,Low
CMR2023686,Maria Henry,22,Female,CIVIL,3,A,CMRIT,Prof. Kavya,8.99,7.61,7.07,7.78,6.07,9.29,6.72,7.98,7.8,24,27,21,97,1,0,113375,28092,True,3,45,6,0.87,1,4,Low
CMR2023925,Brenda Smith,22,Female,CIVIL,3,B,CMRIT,Prof. Kavya,9.54,9.67,5.38,9.65,6.07,7.18,9.25,6.84,7.92,26,24,26,82,6,1,54157,23808,True,0,24,9,0.65,9,2,Low
CMR2023377,Paula Bradley,20,Male,MECH,3,B,CMRIT,Dr. Arvind,6.54,9.51,9.55,8.37,5.02,9.55,5.16,5.13,8.09,25,28,29,81,6,0,88223,92841,True,3,50,8,0.98,3,10,Low
CMR2023542,Kenneth Edwards,22,Male,CIVIL,4,A,CMRIT,Prof. Meena,6.47,5.81,6.45,6.66,5.55,5.77,9.19,6.0,6.49,27,23,20,94,7,3,106529,51302,False,0,25,6,0.43,5,10,Medium
CMR2023057,Richard Aguirre,18,Female,MECH,1,C,CMRIT,Prof. Kavya,8.59,6.46,5.01,6.76,7.85,5.94,8.34,7.62,7.53,25,21,28,87,0,5,147627,137992,True,3,80,4,0.74,5,5,High
CMR2023516,William Day,21,Female,CSE,3,C,CMRIT,Prof. Meena,6.68,9.02,9.27,8.92,7.04,6.71,9.71,8.6,7.94,28,23,27,97,1,0,78830,74906,True,3,30,9,0.94,13,9,Low
CMR2023559,Louis Martin,22,Female,AIML,4,A,CMRIT,Dr. Ramesh,6.03,8.0,6.84,6.49,8.02,7.06,6.88,6.87,7.02,25,27,23,81,4,6,9205,61510,False,0,38,7,0.91,12,3,High
CMR2023295,John Young,18,Male,MECH,1,C,CMRIT,Prof. Meena,8.36,6.76,9.06,9.14,6.79,5.89,8.84,8.49,7.56,20,21,27,83,5,3,102119,55591,False,0,21,5,0.82,12,5,Low
CMR2024163,Amber Martin,22,Female,CIVIL,4,A,CMRIT,Prof. Kavya,5.75,7.53,9.56,7.24,6.13,6.34,9.85,9.78,7.77,20,26,22,61,6,2,145756,64652,True,2,64,9,0.79,7,4,Medium
CMR2023516,William Day,21,Female,CSE,3,C,CMRIT,Prof. Meena,6.68,9.02,9.27,8.92,7.04,6.71,9.71,8.6,7.94,28,23,27,97,1,0,78830,74906,True,3,30,9,0.94,13,9,Low
CMR2023878,Michelle Jackson,20,Male,EEE,4,B,CMRIT,Prof. Kavya,6.86,9.63,9.21,7.15,5.8,9.21,6.23,7.02,7.64,28,30,25,78,7,3,110785,73779,False,0,29,6,0.7,4,6,Low
CMR2023482,Evelyn Martinez,23,Female,CIVIL,3,A,CMRIT,Dr. Arvind,7.11,8.31,7.9,9.67,5.17,9.53,6.93,5.24,7.95,23,22,20,94,5,3,42474,13942,True,1,70,6,0.31,7,8,Medium
CMR2023599,Susan Thompson,23,Female,CIVIL,2,C,CMRIT,Prof. Meena,7.49,9.65,7.58,6.89,8.82,7.64,5.32,6.34,7.9,22,30,21,66,4,2,42093,109879,False,0,41,8,0.7,10,5,Medium
CMR2023166,Alyssa Long,23,Male,ECE,2,C,CMRIT,Dr. Ramesh,9.88,5.43,6.38,7.0,8.35,7.03,6.0,5.08,7.17,21,21,28,99,6,0,79578,96251,False,0,55,5,0.72,3,8,Medium
CMR2023087,Christopher Bass,23,Male,ECE,1,C,CMRIT,Dr. Ramesh,5.47,6.9,7.76,5.28,5.05,5.86,7.5,7.17,6.19,25,29,21,83,4,8,143453,16154,True,1,92,7,0.49,14,2,High
CMR2024179,Elizabeth Miles,18,Female,CIVIL,1,C,CMRIT,Prof. Meena,5.99,5.91,6.49,9.22,9.0,7.03,9.45,8.89,5.95,24,24,28,93,7,2,142922,149719,True,1,51,7,0.53,11,1,High
CMR2024124,Emily Rodgers,20,Male,AIML,2,A,CMRIT,Prof. Kavya,8.35,8.41,9.39,8.2,5.99,7.28,9.03,7.87,8.59,26,29,22,79,6,8,12899,34322,False,0,70,5,0.39,13,7,High
CMR2023630,Rhonda Chavez,20,Female,EEE,1,B,CMRIT,Prof. Meena,8.96,7.25,7.21,6.49,5.84,7.46,6.69,6.69,8.11,30,24,28,72,2,4,94007,115615,False,0,60,9,0.89,4,3,Medium
CMR2023349,Theodore Jones Jr.,22,Male,EEE,4,B,CMRIT,Dr. Arvind,7.43,8.8,6.24,5.76,7.56,6.25,8.83,9.32,7.52,23,30,26,47,2,6,57012,129228,True,1,44,8,0.74,2,4,High
CMR2023917,Christine Parker,23,Female,AIML,1,B,CMRIT,Dr. Ramesh,6.97,7.69,6.48,7.35,8.19,8.08,8.76,8.79,7.33,30,21,26,84,7,1,30213,97926,True,0,32,7,0.93,8,4,Medium
CMR2023684,James Whitaker,19,Female,CIVIL,4,A,CMRIT,Dr. Ramesh,5.68,7.1,6.95,9.67,9.62,8.97,6.87,7.41,7.78,20,25,28,92,1,5,20466,28977,True,2,20,8,0.42,7,2,Low
CMR2024042,Kathy Reid,23,Male,ECE,4,B,CMRIT,Prof. Meena,5.52,6.73,6.31,7.08,5.08,6.23,5.77,6.96,6.21,29,26,27,65,4,1,75077,110617,True,3,37,4,0.74,11,4,High
CMR2023661,Emma Butler,23,Female,CIVIL,1,C,CMRIT,Prof. Kavya,8.5,7.97,7.87,7.73,5.21,7.71,9.54,5.01,8.23,26,27,28,90,3,5,43131,30401,False,0,30,7,0.49,8,2,Low
CMR2023293,Margaret Coleman,22,Female,CIVIL,2,A,CMRIT,Dr. Ramesh,9.67,7.41,7.99,9.2,6.9,6.76,8.16,7.93,8.57,28,24,20,86,8,4,47314,145008,True,2,31,7,0.79,13,3,Low
CMR2023919,Samantha Terry,21,Female,AIML,3,C,CMRIT,Dr. Arvind,9.19,8.74,9.96,8.16,6.94,8.51,6.72,7.03,8.58,23,29,21,72,1,1,125588,41357,False,0,21,5,0.58,9,5,Medium
CMR2023684,James Whitaker,19,Female,CIVIL,4,A,CMRIT,Dr. Ramesh,5.68,7.1,6.95,9.67,9.62,8.97,6.87,7.41,7.78,20,25,28,92,1,5,20466,28977,True,2,20,8,0.42,7,2,Low
CMR2023706,Adam Jackson,20,Male,ECE,2,B,CMRIT,Prof. Kavya,9.6,8.69,9.7,7.77,6.6,8.37,5.51,7.57,8.94,28,30,20,82,6,4,144932,134234,True,3,38,9,0.47,4,2,Low
CMR2023275,Matthew Moore,23,Female,EEE,4,C,CMRIT,Prof. Meena,6.51,9.07,8.08,8.45,9.82,8.38,9.02,5.44,8.1,22,20,23,67,8,3,34337,9164,True,0,46,7,0.75,10,4,Medium
CMR2024122,John Garcia,19,Male,AIML,4,A,CMRIT,Prof. Meena,9.91,8.81,6.45,6.74,5.92,7.36,5.03,8.09,7.29,20,28,24,71,6,3,41104,147808,False,0,52,9,0.35,10,3,Medium
CMR2023769,Todd Thomas,20,Male,ECE,2,B,CMRIT,Prof. Meena,8.8,5.8,9.97,9.91,5.52,5.91,6.09,5.15,8.62,28,28,25,45,4,5,118879,145607,True,0,93,5,0.73,7,9,High
CMR2024024,James Washington,20,Male,ECE,4,B,CMRIT,Dr. Arvind,9.14,5.01,6.64,6.31,5.52,9.65,8.73,8.36,7.42,23,28,27,70,4,1,64155,98676,True,3,72,6,0.95,13,8,Medium
CMR2023485,Jonathan Glass MD,20,Male,CIVIL,2,B,CMRIT,Prof. Kavya,5.5,5.83,8.17,8.09,9.22,8.76,5.76,9.71,6.9,29,26,23,69,5,2,77986,17822,False,0,57,7,0.93,6,8,Medium
CMR2024144,Michael Cruz,21,Female,CSE,4,C,CMRIT,Dr. Ramesh,8.23,9.43,9.75,7.2,8.47,6.29,9.08,6.71,8.14,25,27,23,56,0,7,123763,149208,False,0,52,7,0.65,14,9,High
CMR2024052,Lindsay Smith,23,Male,ECE,2,B,CMRIT,Prof. Meena,10.0,6.84,8.37,6.78,7.64,7.04,7.45,7.27,8.0,22,28,28,79,0,1,61203,75802,True,1,49,6,0.87,12,4,Low
CMR2023035,Jeffrey Chavez,21,Male,CIVIL,3,A,CMRIT,Dr. Ramesh,6.62,5.28,6.79,7.15,6.22,7.06,8.41,5.9,6.52,22,21,29,69,4,0,105281,68132,False,0,94,5,0.46,10,5,High
CMR2023228,Michael Bradshaw,21,Male,CIVIL,3,C,CMRIT,Prof. Kavya,7.19,9.63,5.2,5.5,9.24,8.06,8.89,5.08,7.47,27,21,20,84,2,3,6893,52032,True,2,73,9,0.87,12,8,Medium
CMR2023563,Veronica Silva,20,Male,AIML,2,B,CMRIT,Prof. Kavya,7.09,9.13,5.76,7.74,6.28,9.58,5.0,5.33,7.43,20,24,27,91,5,5,22324,62434,False,0,41,9,0.65,1,8,Medium
CMR2023056,Timothy Duncan,18,Female,AIML,2,A,CMRIT,Dr. Arvind,9.59,7.36,9.16,8.79,7.35,8.08,9.53,5.1,8.72,23,22,28,80,7,1,143352,115953,True,2,50,6,0.39,3,7,Low
CMR2023892,Jake Shaw,21,Male,CSE,4,B,CMRIT,Dr. Arvind,9.36,8.57,8.14,7.24,8.36,7.76,9.05,9.92,8.55,29,25,24,44,8,8,23507,121698,False,0,83,6,0.52,9,9,High
CMR2023676,Kristen Rowe,23,Female,CSE,1,C,CMRIT,Dr. Ramesh,9.09,5.95,6.92,5.46,5.31,8.62,9.49,6.45,7.52,25,30,23,81,2,3,27295,138781,True,3,55,7,0.85,12,9,Medium
CMR2023888,Chris Velazquez,18,Male,CIVIL,3,B,CMRIT,Prof. Kavya,8.25,9.04,5.22,6.17,5.45,9.56,8.0,8.81,7.28,25,28,24,82,7,7,9603,127852,True,2,39,4,0.46,9,8,High
CMR2024088,Katherine Gallagher,19,Male,CIVIL,3,B,CMRIT,Prof. Meena,6.53,5.39,8.1,6.86,6.86,5.44,6.6,7.55,6.53,20,27,28,79,4,1,24757,28889,True,2,22,6,0.8,3,5,Medium
CMR2023906,Michelle Davis DVM,23,Female,EEE,3,A,CMRIT,Dr. Arvind,8.04,5.13,9.64,9.84,9.6,7.74,5.01,5.89,8.33,25,25,21,74,8,3,59600,76063,False,0,52,8,0.58,2,3,Medium
CMR2023880,Patricia Johnson,18,Male,CSE,2,C,CMRIT,Dr. Ramesh,8.3,9.55,6.65,6.44,9.66,6.14,5.08,8.5,7.74,22,30,27,59,2,2,119540,47820,True,1,95,8,0.79,4,8,High
CMR2023945,Paula Brown,21,Male,AIML,4,C,CMRIT,Dr. Arvind,5.52,8.3,6.01,8.42,7.06,7.85,9.41,6.7,7.41,23,28,22,65,4,2,15811,29706,True,2,23,7,0.86,2,7,Medium
CMR2023432,Travis Tucker,20,Female,ECE,2,B,CMRIT,Dr. Ramesh,9.97,8.64,9.76,8.81,8.57,7.26,7.89,5.12,9.29,23,27,25,75,2,3,129991,33560,False,0,62,5,0.87,1,2,Medium
CMR2024118,Susan Conley,19,Male,EEE,3,A,CMRIT,Dr. Ramesh,6.6,7.5,5.43,6.67,8.51,7.97,8.3,8.47,7.11,30,26,22,46,2,0,131217,144105,False,0,98,4,0.42,5,10,High
CMR2023672,Felicia Krueger,22,Male,CIVIL,4,B,CMRIT,Prof. Meena,7.53,7.57,5.33,7.12,9.94,6.39,6.27,8.35,7.31,25,24,24,85,8,1,117065,19021,True,2,28,7,0.72,3,8,Medium
CMR2023823,Jackie Clements,23,Male,CSE,2,B,CMRIT,Dr. Arvind,5.45,9.4,5.29,8.9,8.76,6.96,9.54,8.06,7.26,29,22,20,77,5,4,35907,42392,True,3,71,5,0.35,7,5,Medium
CMR2024151,Robert West,23,Female,CSE,2,A,CMRIT,Prof. Meena,9.69,9.92,8.84,9.34,8.95,8.98,6.98,7.87,9.45,30,29,27,91,7,4,104436,144873,True,3,20,8,0.52,7,2,Low
CMR2023233,Laura Roberts,18,Female,CIVIL,2,A,CMRIT,Dr. Arvind,7.17,6.11,9.64,9.73,9.57,9.49,7.09,5.22,8.16,27,28,20,55,1,8,116594,144230,False,0,81,9,0.87,7,8,High
CMR2024133,Caitlin Perry,21,Female,ECE,3,A,CMRIT,Dr. Ramesh,7.26,7.91,9.14,8.72,5.68,8.2,9.63,6.42,7.82,23,24,27,81,8,3,97971,33606,False,0,23,9,0.48,5,10,Low
CMR2023480,Dawn Mullins,18,Female,CSE,4,A,CMRIT,Prof. Kavya,9.57,5.23,6.89,7.99,7.63,5.79,5.07,9.49,7.21,21,26,21,91,0,4,34467,129699,False,0,73,8,0.61,13,10,Medium
CMR2024077,David Carter,18,Female,CSE,1,C,CMRIT,Prof. Meena,7.48,9.91,9.88,8.35,5.14,5.65,5.37,5.65,8.7,21,28,22,93,0,4,149102,97492,True,1,49,9,0.4,9,8,Low
CMR2023981,Stacey Snyder,23,Male,CIVIL,4,C,CMRIT,Dr. Ramesh,9.62,7.09,7.37,7.72,5.54,7.28,6.24,6.25,7.14,21,22,21,88,6,4,88220,129682,False,0,74,9,0.81,13,3,Medium
CMR2023706,Adam Jackson,20,Male,ECE,2,B,CMRIT,Prof. Kavya,9.6,8.69,9.7,7.77,6.6,8.37,5.51,7.57,8.94,28,30,20,82,6,4,144932,134234,True,3,38,9,0.47,4,2,Low
CMR2023661,Emma Butler,23,Female,CIVIL,1,C,CMRIT,Prof. Kavya,8.5,7.97,7.87,7.73,5.21,7.71,9.54,5.01,8.23,26,27,28,90,3,5,43131,30401,False,0,30,7,0.49,8,2,Low
CMR2023259,Mrs. Kristen Reyes,20,Male,CIVIL,2,B,CMRIT,Dr. Arvind,9.12,8.23,6.28,8.01,7.03,5.57,5.96,6.23,7.91,24,27,27,82,8,2,119329,115629,True,1,40,6,0.4,4,5,Low
CMR2023547,Julie Herrera,23,Male,AIML,3,B,CMRIT,Dr. Ramesh,7.16,5.15,5.33,5.42,9.46,5.73,8.21,6.85,6.38,26,24,27,84,8,2,94517,84559,False,0,59,7,0.66,6,10,Medium
CMR2024163,Amber Martin,22,Female,CIVIL,4,A,CMRIT,Prof. Kavya,5.75,7.53,9.56,7.24,6.13,6.34,9.85,9.78,7.77,20,26,22,61,6,2,145756,64652,True,2,64,9,0.79,7,4,Medium
CMR2023686,Maria Henry,22,Female,CIVIL,3,A,CMRIT,Prof. Kavya,8.99,7.61,7.07,7.78,6.07,9.29,6.72,7.98,7.8,24,27,21,97,1,0,113375,28092,True,3,45,6,0.87,1,4,Low
CMR2023686,Maria Henry,22,Female,CIVIL,3,A,CMRIT,Prof. Kavya,8.99,7.61,7.07,7.78,6.07,9.29,6.72,7.98,7.8,24,27,21,97,1,0,113375,28092,True,3,45,6,0.87,1,4,Low
CMR2024040,Danielle Bryant,20,Female,ECE,1,C,CMRIT,Prof. Meena,7.2,7.99,6.19,8.61,9.57,5.25,9.78,6.75,7.6,28,22,20,51,4,2,33903,108809,True,0,30,9,0.53,7,3,High
CMR2023120,Larry Dixon,23,Female,AIML,2,B,CMRIT,Dr. Arvind,8.67,6.47,5.89,5.01,8.51,7.86,9.25,8.85,6.51,29,20,22,60,2,1,88418,62906,True,3,38,6,0.82,3,6,Medium
CMR2023193,Angelica Keith,20,Female,AIML,4,C,CMRIT,Dr. Ramesh,9.52,7.42,7.99,5.44,5.99,9.83,7.8,8.56,7.82,20,23,28,62,4,3,84934,92443,False,0,70,9,0.41,5,6,Medium
CMR2023638,Maria Fisher,23,Male,AIML,4,C,CMRIT,Dr. Arvind,5.69,9.76,9.73,7.59,5.65,5.14,8.38,9.86,7.72,22,25,26,78,7,8,19231,148649,True,1,24,4,0.49,8,8,High
CMR2023277,Marie Christian,20,Male,EEE,4,B,CMRIT,Prof. Meena,6.16,5.3,5.1,7.88,7.77,6.34,8.24,9.45,7.03,21,27,29,62,7,3,95902,122525,False,0,22,5,0.5,3,8,Medium
CMR2024189,Michael Gonzalez,21,Male,CIVIL,2,A,CMRIT,Dr. Arvind,9.37,8.89,9.7,6.51,6.41,8.49,9.27,5.87,8.62,30,23,25,85,5,6,96908,44256,True,1,81,5,0.77,12,8,High
CMR2023644,Edwin Nunez,21,Male,AIML,3,A,CMRIT,Prof. Meena,9.68,7.75,7.7,6.94,8.81,5.65,9.23,6.3,7.75,21,22,20,75,7,4,41921,131314,True,3,35,6,0.73,7,4,Low
CMR2023552,Diana Hays,22,Female,AIML,2,A,CMRIT,Dr. Arvind,8.81,5.86,9.83,6.92,7.71,5.09,5.8,7.86,7.86,29,24,27,98,3,4,37653,30082,True,3,48,5,0.62,2,3,Low
CMR2023497,James Bradley,23,Female,MECH,1,A,CMRIT,Dr. Ramesh,7.65,8.65,8.66,6.24,8.01,8.79,5.9,5.91,8.15,30,27,21,64,7,2,91976,28358,True,3,93,9,0.96,6,7,High
CMR2023527,Michelle Jacobs,22,Male,ECE,1,A,CMRIT,Dr. Ramesh,9.34,7.76,6.84,6.58,8.6,7.75,8.14,8.23,8.55,26,22,25,86,2,7,14052,79162,False,0,92,8,0.33,8,1,High
CMR2023480,Dawn Mullins,18,Female,CSE,4,A,CMRIT,Prof. Kavya,9.57,5.23,6.89,7.99,7.63,5.79,5.07,9.49,7.21,21,26,21,91,0,4,34467,129699,False,0,73,8,0.61,13,10,Medium
CMR2023831,Richard Stevens,21,Female,CIVIL,1,A,CMRIT,Prof. Kavya,8.07,5.25,8.8,7.87,6.23,8.82,7.69,5.89,6.66,22,24,27,49,7,7,29548,27765,True,3,20,9,0.33,0,9,High
CMR2024052,Lindsay Smith,23,Male,ECE,2,B,CMRIT,Prof. Meena,10.0,6.84,8.37,6.78,7.64,7.04,7.45,7.27,8.0,22,28,28,79,0,1,61203,75802,True,1,49,6,0.87,12,4,Low
CMR2023220,Courtney Mills,21,Female,MECH,1,A,CMRIT,Dr. Arvind,9.78,7.16,9.59,9.29,6.67,6.34,5.49,8.27,8.47,26,27,30,93,1,0,68385,56098,False,0,43,6,0.68,10,1,Low
CMR2023056,Timothy Duncan,18,Female,AIML,2,A,CMRIT,Dr. Arvind,9.59,7.36,9.16,8.79,7.35,8.08,9.53,5.1,8.72,23,22,28,80,7,1,143352,115953,True,2,50,6,0.39,3,7,Low
CMR2023834,Bonnie Santos,21,Male,EEE,2,B,CMRIT,Dr. Arvind,5.9,9.87,9.09,9.4,9.04,7.37,9.29,5.5,8.56,28,27,20,58,8,3,27686,134607,True,1,58,9,0.43,14,3,High
CMR2023668,Nathaniel Lee,22,Female,EEE,1,B,CMRIT,Prof. Meena,5.67,8.59,8.96,9.26,8.19,7.12,5.74,5.55,7.13,22,20,23,86,6,8,143611,70858,True,3,63,5,0.6,11,10,High
CMR2023308,Kiara Mcintyre,18,Male,EEE,2,B,CMRIT,Dr. Ramesh,6.8,5.41,9.21,7.56,8.22,8.93,9.63,5.49,7.25,21,25,20,52,2,8,148137,57509,False,0,45,9,0.53,4,5,High
CMR2023802,Reginald Morrow,22,Male,CSE,1,B,CMRIT,Dr. Ramesh,9.69,6.05,9.59,7.37,5.58,5.53,8.45,8.74,7.87,29,27,30,86,8,4,113774,16950,True,3,39,6,0.78,9,1,Low
CMR2023686,Maria Henry,22,Female,CIVIL,3,A,CMRIT,Prof. Kavya,8.99,7.61,7.07,7.78,6.07,9.29,6.72,7.98,7.8,24,27,21,97,1,0,113375,28092,True,3,45,6,0.87,1,4,Low
CMR2024185,John Duncan,23,Male,EEE,2,C,CMRIT,Dr. Arvind,8.29,9.37,9.71,6.62,8.4,7.25,9.9,7.93,8.5,24,20,29,91,4,0,27291,111532,False,0,24,8,0.38,3,7,Low
CMR2023322,Johnathan Davis,19,Female,AIML,2,B,CMRIT,Dr. Arvind,7.88,9.84,6.01,9.31,7.41,9.76,6.8,6.89,8.26,27,27,26,78,8,2,137459,118621,True,3,22,7,0.6,1,5,Low
CMR2023488,Bobby Guerrero,22,Male,CIVIL,4,B,CMRIT,Prof. Kavya,7.61,5.44,8.66,9.8,9.33,6.21,9.25,7.47,7.97,26,26,20,62,1,0,32574,78453,False,0,52,9,0.66,6,5,Medium
CMR2024026,Lee Steele,22,Female,CIVIL,1,A,CMRIT,Prof. Meena,6.65,9.04,9.2,9.87,5.55,7.3,8.79,5.89,7.84,28,23,21,95,6,3,62760,86539,True,0,27,5,0.97,1,5,Low
CMR2023414,Erica Alvarez,21,Female,MECH,4,B,CMRIT,Dr. Arvind,5.81,6.91,8.73,9.62,5.66,5.08,9.0,9.75,7.57,21,23,28,90,0,1,82548,93482,False,0,24,8,0.49,4,5,Low
CMR2023851,Paul Lawrence,19,Male,EEE,1,B,CMRIT,Prof. Meena,9.03,8.02,8.12,7.64,6.42,5.37,6.86,6.55,8.52,27,30,22,66,2,0,40360,18237,False,0,43,8,0.67,2,3,Medium
CMR2023159,Jamie Smith,20,Female,AIML,4,B,CMRIT,Dr. Arvind,7.43,7.41,8.02,7.51,5.69,5.83,5.39,8.22,6.94,23,22,22,70,3,2,46250,99954,True,1,73,6,0.8,7,8,Medium
CMR2023220,Courtney Mills,21,Female,MECH,1,A,CMRIT,Dr. Arvind,9.78,7.16,9.59,9.29,6.67,6.34,5.49,8.27,8.47,26,27,30,93,1,0,68385,56098,False,0,43,6,0.68,10,1,Low
CMR2023865,Antonio Mccormick,23,Male,CIVIL,2,A,CMRIT,Prof. Meena,8.75,6.45,8.73,9.11,7.86,8.65,7.88,7.11,8.26,27,26,26,63,3,0,39673,111809,True,1,61,9,0.83,6,1,Medium
CMR2023195,Allen Rosales,23,Male,MECH,2,A,CMRIT,Dr. Arvind,8.44,9.49,9.55,7.15,9.55,8.85,8.28,7.82,8.66,22,25,21,66,4,7,144712,36034,True,2,38,9,0.32,5,7,High
CMR2023020,Margaret Hawkins DDS,21,Male,MECH,1,B,CMRIT,Dr. Ramesh,5.42,7.14,9.33,5.91,6.3,6.64,7.27,6.69,6.28,26,24,26,81,1,0,71131,26471,False,0,22,9,0.68,5,4,Medium
CMR2023500,Jennifer Banks,20,Male,ECE,2,C,CMRIT,Prof. Kavya,9.5,7.49,8.02,9.99,9.6,9.69,9.64,7.74,8.75,26,27,21,90,6,0,22160,93694,True,2,38,5,0.97,7,4,Low
CMR2023460,Kelsey Rodriguez,18,Female,MECH,2,A,CMRIT,Prof. Meena,6.85,9.37,5.88,9.69,9.61,6.61,6.46,9.47,7.95,23,29,27,91,5,2,125374,69237,False,0,50,5,0.98,8,2,Low
CMR2023649,Alexis Harris,22,Female,EEE,1,A,CMRIT,Dr. Ramesh,7.81,6.67,10.0,9.02,8.89,8.03,5.78,9.05,7.24,27,24,26,84,7,0,108186,119506,True,0,65,8,0.34,3,3,Medium
CMR2023998,Edgar Miller,21,Male,CSE,2,C,CMRIT,Prof. Meena,9.91,6.83,6.76,9.09,8.72,8.77,5.52,7.98,8.15,29,26,23,81,0,6,132927,137937,True,0,93,5,0.67,11,10,High
CMR2023636,Timothy Johnson,18,Female,ECE,1,C,CMRIT,Dr. Arvind,6.18,7.75,6.18,5.83,8.27,8.51,6.22,7.89,6.96,28,23,25,54,2,6,85756,74934,False,0,35,7,0.81,7,8,High
CMR2023690,Ryan Landry,20,Female,CIVIL,4,C,CMRIT,Prof. Meena,5.27,8.51,5.84,5.12,8.59,6.85,6.17,9.09,6.93,24,21,30,62,0,0,51432,5170,True,1,43,7,0.93,12,10,Medium
CMR2023878,Michelle Jackson,20,Male,EEE,4,B,CMRIT,Prof. Kavya,6.86,9.63,9.21,7.15,5.8,9.21,6.23,7.02,7.64,28,30,25,78,7,3,110785,73779,False,0,29,6,0.7,4,6,Low
CMR2023056,Timothy Duncan,18,Female,AIML,2,A,CMRIT,Dr. Arvind,9.59,7.36,9.16,8.79,7.35,8.08,9.53,5.1,8.72,23,22,28,80,7,1,143352,115953,True,2,50,6,0.39,3,7,Low
CMR2023643,Courtney Smith,23,Male,ECE,1,C,CMRIT,Dr. Arvind,9.91,5.75,6.43,5.64,9.2,7.96,8.5,6.83,7.83,25,26,21,89,1,3,5324,61260,False,0,36,9,0.71,13,1,Low
CMR2023780,Christine Goodwin,18,Male,AIML,3,C,CMRIT,Prof. Meena,5.14,8.65,7.79,5.76,6.95,6.28,9.67,7.03,6.76,22,22,25,51,6,1,25480,135025,False,0,38,5,0.5,4,4,High
CMR2023418,Jeffrey Mills,20,Female,AIML,4,C,CMRIT,Dr. Ramesh,8.29,5.75,8.81,8.25,9.78,9.79,9.96,7.83,8.56,29,30,28,60,4,3,114597,146287,True,0,97,7,0.76,8,8,High
CMR2023684,James Whitaker,19,Female,CIVIL,4,A,CMRIT,Dr. Ramesh,5.68,7.1,6.95,9.67,9.62,8.97,6.87,7.41,7.78,20,25,28,92,1,5,20466,28977,True,2,20,8,0.42,7,2,Low
CMR2023753,Jennifer Porter,21,Female,CIVIL,4,C,CMRIT,Prof. Meena,8.82,8.06,6.77,9.15,5.69,7.24,6.54,7.54,7.48,29,22,25,87,4,2,90498,63593,False,0,75,9,0.75,12,8,Medium
CMR2023277,Marie Christian,20,Male,EEE,4,B,CMRIT,Prof. Meena,6.16,5.3,5.1,7.88,7.77,6.34,8.24,9.45,7.03,21,27,29,62,7,3,95902,122525,False,0,22,5,0.5,3,8,Medium
CMR2023949,Zachary Robinson,20,Male,EEE,1,A,CMRIT,Prof. Kavya,8.25,7.65,5.47,7.26,8.4,9.73,9.93,5.72,7.95,23,23,27,65,7,0,45910,19706,False,0,60,4,0.8,6,8,High
CMR2023249,Kimberly Gutierrez,19,Male,MECH,1,A,CMRIT,Dr. Ramesh,7.64,8.58,9.82,5.86,8.77,5.02,8.63,9.62,8.11,28,27,25,66,1,5,53529,120255,True,1,65,7,0.6,8,4,Medium
CMR2024026,Lee Steele,22,Female,CIVIL,1,A,CMRIT,Prof. Meena,6.65,9.04,9.2,9.87,5.55,7.3,8.79,5.89,7.84,28,23,21,95,6,3,62760,86539,True,0,27,5,0.97,1,5,Low
CMR2023763,Jessica Smith,22,Male,ECE,3,C,CMRIT,Dr. Ramesh,6.29,7.27,6.35,6.15,6.83,6.07,8.86,6.49,6.49,28,24,21,52,4,4,125912,36216,False,0,94,6,0.79,9,8,High
CMR2024052,Lindsay Smith,23,Male,ECE,2,B,CMRIT,Prof. Meena,10.0,6.84,8.37,6.78,7.64,7.04,7.45,7.27,8.0,22,28,28,79,0,1,61203,75802,True,1,49,6,0.87,12,4,Low
CMR2024077,David Carter,18,Female,CSE,1,C,CMRIT,Prof. Meena,7.48,9.91,9.88,8.35,5.14,5.65,5.37,5.65,8.7,21,28,22,93,0,4,149102,97492,True,1,49,9,0.4,9,8,Low
CMR2024128,Anna Briggs,22,Female,AIML,4,B,CMRIT,Prof. Kavya,7.01,6.11,9.92,6.38,7.94,9.85,5.1,9.54,7.73,25,28,28,78,3,5,6833,128440,True,3,28,6,0.88,2,3,Low
CMR2024009,Blake Orr,20,Male,CIVIL,2,B,CMRIT,Prof. Kavya,7.77,6.72,7.25,6.02,9.11,5.11,9.31,5.82,6.94,28,30,28,95,6,4,102836,76297,False,0,100,4,0.47,6,10,High
CMR2024151,Robert West,23,Female,CSE,2,A,CMRIT,Prof. Meena,9.69,9.92,8.84,9.34,8.95,8.98,6.98,7.87,9.45,30,29,27,91,7,4,104436,144873,True,3,20,8,0.52,7,2,Low
CMR2023613,David Molina,21,Male,AIML,3,C,CMRIT,Dr. Arvind,8.13,5.2,5.15,9.8,7.39,6.12,5.03,9.26,6.96,26,29,26,92,5,0,107049,21411,True,0,69,8,0.44,1,4,Medium
CMR2023073,Lauren Daniels,19,Male,CIVIL,2,C,CMRIT,Prof. Kavya,5.26,7.07,8.59,5.5,8.85,5.03,7.75,9.65,6.61,26,30,27,81,3,8,130160,57286,False,0,61,6,0.75,14,2,High
CMR2024095,James Chapman,20,Male,CSE,1,C,CMRIT,Prof. Meena,6.05,9.66,5.08,5.16,6.75,9.17,6.73,6.66,7.86,23,23,27,70,1,2,129994,131382,True,0,45,4,0.56,11,9,High
CMR2023293,Margaret Coleman,22,Female,CIVIL,2,A,CMRIT,Dr. Ramesh,9.67,7.41,7.99,9.2,6.9,6.76,8.16,7.93,8.57,28,24,20,86,8,4,47314,145008,True,2,31,7,0.79,13,3,Low
CMR2023249,Kimberly Gutierrez,19,Male,MECH,1,A,CMRIT,Dr. Ramesh,7.64,8.58,9.82,5.86,8.77,5.02,8.63,9.62,8.11,28,27,25,66,1,5,53529,120255,True,1,65,7,0.6,8,4,Medium
CMR2024028,Patrick Mccall,19,Male,CSE,3,C,CMRIT,Dr. Arvind,6.81,9.24,9.76,6.6,5.19,5.29,6.54,5.05,7.15,27,28,21,60,7,6,31164,17439,False,0,66,8,0.68,10,6,High
CMR2023204,Erin Warner,23,Female,AIML,1,A,CMRIT,Dr. Ramesh,7.32,8.98,8.69,6.04,8.08,7.07,5.23,6.75,8.15,30,23,20,89,0,1,57740,78826,False,0,28,6,0.51,8,6,Low
CMR2023295,John Young,18,Male,MECH,1,C,CMRIT,Prof. Meena,8.36,6.76,9.06,9.14,6.79,5.89,8.84,8.49,7.56,20,21,27,83,5,3,102119,55591,False,0,21,5,0.82,12,5,Low
CMR2023202,Elizabeth Perkins,18,Male,CSE,4,A,CMRIT,Prof. Kavya,8.36,8.06,8.46,7.97,8.94,5.89,7.28,7.89,7.86,20,21,24,70,2,1,89625,101618,False,0,28,7,0.89,1,5,Medium
CMR2023706,Adam Jackson,20,Male,ECE,2,B,CMRIT,Prof. Kavya,9.6,8.69,9.7,7.77,6.6,8.37,5.51,7.57,8.94,28,30,20,82,6,4,144932,134234,True,3,38,9,0.47,4,2,Low
CMR2023051,Danny Morgan,22,Male,ECE,4,C,CMRIT,Prof. Kavya,9.79,7.25,9.05,9.19,9.91,5.42,8.23,5.2,8.01,27,27,28,83,0,5,142035,46614,False,0,67,6,0.57,12,6,Medium
CMR2023807,Robert Gonzales,19,Male,ECE,1,C,CMRIT,Dr. Arvind,9.46,5.78,9.24,8.51,8.47,8.1,9.33,7.89,7.62,24,28,24,78,1,0,136960,22290,True,0,21,6,0.94,11,7,Low
CMR2023335,Andrea Hubbard,23,Male,CIVIL,4,A,CMRIT,Prof. Kavya,6.62,8.96,9.33,5.27,9.67,6.52,8.27,7.89,7.82,27,27,24,83,2,6,42964,59988,True,1,21,6,0.81,9,2,High
CMR2024055,Gregory King,20,Male,ECE,2,B,CMRIT,Dr. Ramesh,9.62,7.93,8.95,7.73,9.03,5.73,6.67,8.09,8.56,24,26,25,83,5,4,123359,74233,False,0,68,6,0.79,2,6,Medium
CMR2023807,Robert Gonzales,19,Male,ECE,1,C,CMRIT,Dr. Arvind,9.46,5.78,9.24,8.51,8.47,8.1,9.33,7.89,7.62,24,28,24,78,1,0,136960,22290,True,0,21,6,0.94,11,7,Low
CMR2023614,Elizabeth Sharp,18,Male,EEE,1,C,CMRIT,Dr. Arvind,5.4,8.15,5.37,8.69,5.27,7.04,5.89,8.15,6.78,23,29,27,68,7,4,112776,42656,True,2,48,9,0.5,0,8,Medium
CMR2023112,Julia Torres,23,Female,CIVIL,3,A,CMRIT,Prof. Kavya,7.65,6.19,7.46,5.3,9.98,8.56,5.47,9.61,7.52,28,26,25,82,2,3,125182,27256,True,1,70,4,0.71,0,7,High
CMR2023144,Amber Wright,23,Male,CSE,2,B,CMRIT,Prof. Kavya,9.11,8.71,7.05,6.27,5.98,5.6,9.26,6.08,7.79,23,25,21,71,0,8,113650,17189,True,3,78,9,0.71,8,3,High
CMR2023802,Reginald Morrow,22,Male,CSE,1,B,CMRIT,Dr. Ramesh,9.69,6.05,9.59,7.37,5.58,5.53,8.45,8.74,7.87,29,27,30,86,8,4,113774,16950,True,3,39,6,0.78,9,1,Low
CMR2024161,Glenn Gallegos,19,Male,ECE,2,A,CMRIT,Prof. Kavya,9.57,7.62,7.7,7.16,5.21,9.63,9.17,8.07,8.01,26,29,29,49,0,3,142880,86307,True,1,88,6,0.61,0,6,High
CMR2023918,Bryan Moore,18,Male,CSE,4,A,CMRIT,Prof. Meena,5.65,5.29,8.46,8.88,8.87,9.71,6.37,8.07,7.66,27,28,20,65,3,4,41683,106344,False,0,93,5,0.38,1,5,High
CMR2023817,Beth Cline,19,Female,ECE,4,A,CMRIT,Dr. Ramesh,7.11,5.13,5.36,7.32,9.44,5.1,6.08,9.99,6.94,26,23,27,93,7,2,15312,94766,True,0,57,8,0.44,2,7,Medium
CMR2023234,Michael Lyons,18,Female,AIML,2,B,CMRIT,Dr. Arvind,6.2,9.99,5.08,8.35,5.81,7.3,7.85,7.92,7.41,27,27,22,64,5,8,111262,53482,False,0,100,7,0.79,0,2,High
CMR2023925,Brenda Smith,22,Female,CIVIL,3,B,CMRIT,Prof. Kavya,9.54,9.67,5.38,9.65,6.07,7.18,9.25,6.84,7.92,26,24,26,82,6,1,54157,23808,True,0,24,9,0.65,9,2,Low
CMR2023868,Lisa Ramirez,22,Male,EEE,1,A,CMRIT,Prof. Meena,5.21,9.32,7.32,9.59,9.74,9.67,8.31,6.29,7.27,24,30,29,84,4,5,40930,16493,False,0,56,9,0.69,9,5,Medium
CMR2023019,Carla Gray,20,Female,EEE,1,A,CMRIT,Prof. Meena,6.95,8.85,9.73,5.1,9.4,7.88,7.38,9.71,7.9,24,26,26,61,6,2,146091,148165,True,3,48,6,0.61,0,7,Medium
CMR2023710,Anthony Jones,21,Male,CSE,2,A,CMRIT,Prof. Meena,9.35,6.38,6.2,8.88,7.94,5.59,5.91,5.61,7.7,24,20,30,96,4,3,74408,147727,True,1,40,7,0.87,4,6,Low
CMR2024151,Robert West,23,Female,CSE,2,A,CMRIT,Prof. Meena,9.69,9.92,8.84,9.34,8.95,8.98,6.98,7.87,9.45,30,29,27,91,7,4,104436,144873,True,3,20,8,0.52,7,2,Low
CMR2023287,Carolyn Miller,21,Male,CIVIL,2,C,CMRIT,Dr. Arvind,9.61,5.59,9.26,5.55,6.85,6.45,7.61,5.59,7.5,24,25,24,96,4,3,82065,132382,True,1,38,8,0.6,14,5,Low
CMR2023894,Dr. Andrea Marshall,23,Female,EEE,1,A,CMRIT,Prof. Kavya,7.97,8.41,5.9,9.68,8.93,8.01,8.16,6.67,8.19,21,28,28,81,7,0,31153,45550,False,0,32,8,0.84,13,1,Low
CMR2023804,Kimberly Fritz,21,Male,EEE,1,B,CMRIT,Dr. Ramesh,7.76,7.56,8.9,7.35,9.17,5.65,6.01,7.98,7.66,29,30,26,42,7,6,70880,131123,False,0,35,8,0.44,5,4,High
CMR2023680,Suzanne Wood,22,Female,EEE,1,C,CMRIT,Prof. Kavya,5.63,9.72,5.66,9.41,8.82,6.79,9.25,8.16,7.68,29,28,22,63,2,1,104651,8851,False,0,30,8,0.9,12,10,Medium
CMR2023857,Nicole Phillips,23,Female,EEE,1,A,CMRIT,Dr. Ramesh,7.48,7.48,8.21,5.37,9.95,6.75,6.13,5.43,7.48,29,30,22,77,3,8,16793,43433,False,0,99,9,0.89,9,2,High
CMR2023558,Larry Robertson,21,Male,EEE,2,C,CMRIT,Dr. Ramesh,8.57,5.81,8.03,5.21,9.91,5.68,6.44,7.64,6.9,27,30,26,90,6,4,149261,146942,False,0,87,7,0.97,8,6,High
CMR2023177,Michael Wang,18,Female,ECE,2,A,CMRIT,Dr. Arvind,5.94,9.41,7.19,6.25,8.57,8.23,9.14,6.1,7.2,21,26,30,66,3,1,67799,140426,False,0,56,9,0.82,12,5,Medium
CMR2023766,Raymond Chapman,18,Female,EEE,4,A,CMRIT,Prof. Meena,7.94,5.33,6.55,6.05,6.98,7.94,7.88,9.44,7.26,30,26,24,70,3,0,94510,18804,True,0,34,4,0.67,8,6,High
CMR2023066,Tracy House,21,Male,ECE,2,B,CMRIT,Dr. Arvind,8.67,9.3,9.88,5.65,6.85,7.81,6.6,7.33,8.38,24,27,23,92,5,5,41930,30378,True,2,69,8,0.59,13,3,Medium
CMR2023496,Austin Osborne,23,Female,CSE,3,C,CMRIT,Dr. Arvind,9.74,8.64,8.57,7.45,8.52,9.71,9.93,6.08,8.77,27,24,28,95,0,0,84865,91647,True,3,38,8,0.99,9,6,Low
CMR2023951,Sarah Thompson,21,Female,CIVIL,4,A,CMRIT,Prof. Kavya,9.69,8.46,8.03,7.49,8.7,5.43,6.03,5.04,7.36,25,30,30,57,0,1,71373,79983,False,0,96,5,0.32,5,7,High
CMR2023295,John Young,18,Male,MECH,1,C,CMRIT,Prof. Meena,8.36,6.76,9.06,9.14,6.79,5.89,8.84,8.49,7.56,20,21,27,83,5,3,102119,55591,False,0,21,5,0.82,12,5,Low
CMR2023661,Emma Butler,23,Female,CIVIL,1,C,CMRIT,Prof. Kavya,8.5,7.97,7.87,7.73,5.21,7.71,9.54,5.01,8.23,26,27,28,90,3,5,43131,30401,False,0,30,7,0.49,8,2,Low
CMR2023827,Claudia Jordan,23,Female,CIVIL,1,C,CMRIT,Prof. Kavya,8.68,9.85,6.51,7.71,7.46,7.16,8.17,9.15,9.27,23,23,23,61,7,8,49605,117721,False,0,32,6,0.91,0,3,High
CMR2023675,Larry Harris,18,Female,AIML,2,A,CMRIT,Dr. Ramesh,8.56,7.79,6.06,5.73,5.22,5.58,5.93,5.88,7.04,20,20,21,72,8,7,141844,106171,False,0,75,7,0.38,14,1,High
CMR2023633,Robert Reese,20,Male,CSE,2,A,CMRIT,Dr. Ramesh,8.69,5.95,5.31,6.0,5.72,9.21,5.04,6.52,6.49,21,20,26,69,5,0,7127,28553,True,3,53,7,0.41,11,9,Medium
CMR2023624,Shelley Miller,21,Male,AIML,3,C,CMRIT,Prof. Kavya,7.47,8.75,8.95,7.66,8.41,5.0,8.22,8.41,7.71,23,25,20,76,0,0,75602,12837,False,0,69,7,0.81,5,8,Medium
CMR2024171,Mr. Anthony Mcconnell PhD,19,Male,AIML,1,C,CMRIT,Prof. Kavya,7.37,6.93,8.11,6.31,6.01,7.56,8.87,5.71,7.15,20,23,25,77,3,6,68431,50168,True,1,56,6,0.31,11,3,High
CMR2023119,Jeffrey Chandler,23,Male,ECE,1,A,CMRIT,Prof. Kavya,7.93,9.59,8.87,9.23,9.3,9.8,6.87,9.71,8.76,26,29,21,81,5,2,93227,84105,False,0,37,5,0.81,6,8,Low
CMR2023056,Timothy Duncan,18,Female,AIML,2,A,CMRIT,Dr. Arvind,9.59,7.36,9.16,8.79,7.35,8.08,9.53,5.1,8.72,23,22,28,80,7,1,143352,115953,True,2,50,6,0.39,3,7,Low
CMR2023540,James Gilbert,23,Female,CSE,4,B,CMRIT,Dr. Arvind,5.16,8.5,9.31,6.92,7.7,5.49,8.44,8.1,7.45,25,30,27,55,1,7,12163,104606,True,3,31,7,0.48,1,2,High
CMR2023556,Kathryn Williams,20,Male,MECH,3,B,CMRIT,Prof. Kavya,6.47,9.29,6.39,9.58,6.15,6.56,7.6,6.16,7.41,21,29,20,78,1,1,51122,80561,False,0,74,5,0.47,12,4,Medium
CMR2023503,Zachary Mitchell,22,Male,MECH,3,C,CMRIT,Dr. Ramesh,9.55,5.49,9.75,9.46,8.56,5.36,6.02,6.03,8.03,30,29,20,51,6,3,16857,105004,True,0,57,4,0.93,10,6,High
CMR2023645,Kim Morrow,18,Male,MECH,1,B,CMRIT,Dr. Ramesh,7.16,9.31,5.11,6.14,5.63,6.41,8.25,9.51,8.23,25,25,24,63,6,7,46575,6986,True,2,24,5,0.34,0,10,High
CMR2023588,Dale Ryan,21,Male,MECH,3,B,CMRIT,Prof. Kavya,7.15,7.81,8.45,5.52,9.48,6.16,9.33,6.02,7.43,26,28,21,46,0,4,31899,148803,False,0,37,5,0.82,3,6,High
CMR2023389,Scott Williams,21,Male,ECE,2,C,CMRIT,Dr. Arvind,8.8,6.56,7.27,5.77,7.52,9.57,6.09,6.82,7.1,27,29,28,81,1,2,58220,109911,True,0,55,7,0.41,4,10,Medium
CMR2023170,Jamie Walton,19,Female,EEE,2,C,CMRIT,Prof. Kavya,5.27,9.0,7.39,7.7,7.51,6.97,8.43,5.87,7.34,21,28,27,95,4,2,87746,7206,True,1,68,8,0.37,5,10,Medium
CMR2023726,Christian Dawson,18,Female,AIML,3,B,CMRIT,Prof. Kavya,7.35,5.19,8.7,9.88,7.83,8.08,9.81,7.21,7.84,21,30,29,77,7,0,98872,41006,False,0,48,6,0.44,11,6,Low
CMR2023282,Jessica Garcia,23,Female,CSE,4,A,CMRIT,Dr. Ramesh,8.59,7.59,5.35,6.69,7.01,8.86,7.17,6.97,7.28,20,30,30,95,4,5,44571,20154,False,0,73,7,0.92,11,9,Medium
CMR2023986,Angela Jackson,20,Male,EEE,2,A,CMRIT,Dr. Ramesh,9.21,5.71,8.07,8.72,8.66,7.45,9.1,5.78,7.93,21,29,28,47,0,5,69536,109089,True,2,76,5,0.78,6,8,High
CMR2023287,Carolyn Miller,21,Male,CIVIL,2,C,CMRIT,Dr. Arvind,9.61,5.59,9.26,5.55,6.85,6.45,7.61,5.59,7.5,24,25,24,96,4,3,82065,132382,True,1,38,8,0.6,14,5,Low
CMR2023459,Ruben Dunn,20,Male,MECH,3,B,CMRIT,Prof. Kavya,8.42,5.49,7.9,7.09,7.09,5.94,5.15,6.12,6.99,29,29,28,83,1,5,26104,112157,True,2,98,5,0.42,10,8,High
CMR2023580,William Evans,23,Female,MECH,3,A,CMRIT,Prof. Meena,8.76,5.2,9.59,7.1,8.29,6.35,5.26,5.34,7.55,29,20,21,77,8,3,130036,16147,False,0,66,7,0.68,4,3,Medium
CMR2023271,Veronica Simpson,23,Female,ECE,1,C,CMRIT,Dr. Ramesh,7.74,8.01,5.46,6.28,6.2,8.85,6.99,5.1,7.88,23,22,26,97,2,5,110485,79694,True,0,58,7,0.86,11,5,Medium
CMR2024180,Michelle Walls,19,Female,MECH,2,C,CMRIT,Dr. Arvind,7.75,6.69,6.37,6.58,9.35,6.06,8.85,9.47,6.85,26,20,23,75,7,3,86478,141152,True,1,74,7,0.68,14,4,Medium
CMR2023379,Megan Nelson,22,Male,MECH,4,A,CMRIT,Prof. Kavya,9.92,8.17,8.89,5.93,8.26,6.11,5.97,9.2,7.81,26,24,30,47,7,1,18565,77080,True,1,100,4,0.75,9,2,High
CMR2023116,William Herrera,20,Female,AIML,1,C,CMRIT,Prof. Kavya,8.24,7.49,9.41,7.4,5.44,6.92,7.1,8.21,7.87,28,23,30,98,8,5,147516,10119,False,0,65,7,0.68,7,6,Medium
CMR2023902,Sherry Tapia,22,Male,CIVIL,3,A,CMRIT,Prof. Kavya,8.94,6.5,6.37,7.4,8.5,5.29,7.95,9.09,7.17,23,27,27,52,0,2,80445,11771,True,1,88,7,0.5,10,4,High
CMR2023904,Ashley Moreno,23,Male,ECE,1,A,CMRIT,Prof. Kavya,8.63,9.86,7.77,9.46,7.44,8.09,5.08,7.37,9.25,27,29,21,79,2,3,90825,44248,False,0,55,7,0.38,4,1,Medium
CMR2023443,Holly Valentine,18,Male,AIML,1,A,CMRIT,Dr. Arvind,7.96,9.83,8.83,8.94,6.09,6.87,5.41,8.62,8.89,23,24,30,48,5,6,55092,39795,False,0,26,7,0.79,2,5,High
CMR2023748,Jenna Wilson,21,Female,AIML,4,C,CMRIT,Dr. Arvind,7.88,7.63,8.26,7.57,6.0,8.68,5.1,6.1,7.15,26,26,26,74,5,3,10488,49064,True,0,20,6,0.96,11,3,Medium
CMR2024077,David Carter,18,Female,CSE,1,C,CMRIT,Prof. Meena,7.48,9.91,9.88,8.35,5.14,5.65,5.37,5.65,8.7,21,28,22,93,0,4,149102,97492,True,1,49,9,0.4,9,8,Low
CMR2024084,Eugene Baldwin,21,Male,CIVIL,3,B,CMRIT,Prof. Kavya,7.01,5.05,8.6,5.72,7.81,7.87,8.52,8.18,7.01,26,24,27,93,5,5,111582,22708,False,0,58,5,0.62,7,4,Medium
CMR2023613,David Molina,21,Male,AIML,3,C,CMRIT,Dr. Arvind,8.13,5.2,5.15,9.8,7.39,6.12,5.03,9.26,6.96,26,29,26,92,5,0,107049,21411,True,0,69,8,0.44,1,4,Medium
CMR2023148,Kathy Rivas,21,Female,CIVIL,3,C,CMRIT,Dr. Ramesh,5.06,6.26,8.1,8.9,9.35,9.15,9.56,8.52,7.8,30,25,29,51,8,1,148291,56503,True,2,77,5,0.99,1,3,High
CMR2024026,Lee Steele,22,Female,CIVIL,1,A,CMRIT,Prof. Meena,6.65,9.04,9.2,9.87,5.55,7.3,8.79,5.89,7.84,28,23,21,95,6,3,62760,86539,True,0,27,5,0.97,1,5,Low
CMR2023664,Renee Melendez,20,Female,MECH,1,B,CMRIT,Prof. Meena,5.04,5.12,8.28,7.86,9.03,6.49,9.86,6.25,5.08,20,24,26,56,2,0,103315,76820,False,0,75,7,0.59,5,7,High
CMR2023520,Amy Martinez,18,Female,CSE,1,B,CMRIT,Dr. Arvind,8.49,8.03,9.8,7.85,8.64,6.6,6.79,9.05,8.26,25,27,24,69,7,5,133211,87175,True,1,95,5,0.33,5,7,High
CMR2024007,Jennifer Nichols,23,Male,AIML,4,B,CMRIT,Prof. Meena,7.16,8.32,9.99,8.0,8.88,7.85,6.17,7.69,8.01,21,29,24,57,2,4,29344,22150,True,0,99,5,0.85,4,3,High
CMR2023532,Donna Frye,20,Male,AIML,2,B,CMRIT,Prof. Kavya,7.5,8.6,8.6,7.29,6.95,8.77,9.6,7.4,8.0,29,24,30,99,0,4,70147,25361,True,0,23,8,0.34,0,5,Low
CMR2024125,Peter Williams,21,Female,CSE,2,A,CMRIT,Dr. Ramesh,6.27,6.39,6.26,9.71,6.95,7.18,6.32,7.32,7.16,20,30,28,71,6,4,80338,81061,False,0,90,4,0.37,11,2,High
CMR2023089,Aimee Montoya,20,Female,ECE,1,C,CMRIT,Dr. Arvind,8.92,7.25,6.14,7.77,6.88,5.93,7.93,6.9,8.09,29,24,23,87,6,5,24269,26505,False,0,39,7,0.8,10,3,Low
CMR2024052,Lindsay Smith,23,Male,ECE,2,B,CMRIT,Prof. Meena,10.0,6.84,8.37,6.78,7.64,7.04,7.45,7.27,8.0,22,28,28,79,0,1,61203,75802,True,1,49,6,0.87,12,4,Low
CMR2023685,Mr. Michael Scott PhD,19,Female,CSE,1,C,CMRIT,Dr. Arvind,6.14,9.08,8.97,5.27,7.85,6.0,5.16,5.35,7.61,26,29,25,96,8,4,8855,6206,False,0,52,9,0.88,10,2,Medium
CMR2023395,Dana Chapman,20,Male,CIVIL,1,A,CMRIT,Prof. Meena,8.19,9.83,9.39,8.39,9.5,7.25,9.79,7.63,9.01,24,30,25,84,5,1,91820,107505,False,0,55,6,0.43,9,9,Medium
CMR2023439,Jason Rhodes,21,Female,EEE,3,C,CMRIT,Dr. Ramesh,7.79,7.18,6.74,5.13,6.83,7.33,8.35,8.64,6.83,23,29,28,63,8,3,55065,105258,False,0,42,9,1.0,3,8,Medium
CMR2023516,William Day,21,Female,CSE,3,C,CMRIT,Prof. Meena,6.68,9.02,9.27,8.92,7.04,6.71,9.71,8.6,7.94,28,23,27,97,1,0,78830,74906,True,3,30,9,0.94,13,9,Low
CMR2023377,Paula Bradley,20,Male,MECH,3,B,CMRIT,Dr. Arvind,6.54,9.51,9.55,8.37,5.02,9.55,5.16,5.13,8.09,25,28,29,81,6,0,88223,92841,True,3,50,8,0.98,3,10,Low
CMR2023556,Kathryn Williams,20,Male,MECH,3,B,CMRIT,Prof. Kavya,6.47,9.29,6.39,9.58,6.15,6.56,7.6,6.16,7.41,21,29,20,78,1,1,51122,80561,False,0,74,5,0.47,12,4,Medium
CMR2023268,Cynthia Rowe,18,Female,CSE,2,B,CMRIT,Dr. Arvind,8.74,9.63,6.41,9.38,8.06,8.81,6.32,6.57,8.54,22,25,27,56,2,7,44653,120340,True,1,39,4,0.46,0,8,High
CMR2023027,Stephanie Ross,21,Female,EEE,3,C,CMRIT,Prof. Meena,6.53,8.11,8.05,8.7,9.74,6.04,6.06,8.3,7.86,22,23,22,42,3,4,149701,24677,True,0,72,7,0.78,7,5,High
CMR2024012,Peter Thompson,21,Female,EEE,4,C,CMRIT,Dr. Arvind,5.0,6.69,7.71,7.53,9.72,8.43,6.92,8.31,7.54,24,29,30,76,8,5,52369,58584,False,0,46,6,0.73,10,7,Low
CMR2024111,Breanna Rivas,20,Male,CSE,4,C,CMRIT,Prof. Meena,7.2,5.17,5.03,6.82,8.21,7.39,6.14,6.6,6.57,29,22,21,79,3,5,36833,106864,True,2,23,7,0.79,9,9,Medium
CMR2023989,Karen Johnson,23,Male,EEE,2,A,CMRIT,Dr. Ramesh,9.36,6.57,6.22,6.4,5.3,7.73,5.8,5.01,7.14,23,28,30,83,1,6,148367,49317,False,0,50,5,0.32,8,4,High
CMR2023865,Antonio Mccormick,23,Male,CIVIL,2,A,CMRIT,Prof. Meena,8.75,6.45,8.73,9.11,7.86,8.65,7.88,7.11,8.26,27,26,26,63,3,0,39673,111809,True,1,61,9,0.83,6,1,Medium
CMR2023696,Joseph Hill,23,Female,CIVIL,1,B,CMRIT,Prof. Kavya,5.03,8.82,7.71,9.57,7.55,6.21,5.76,9.51,6.93,21,26,26,61,8,8,121410,62657,True,0,56,9,0.53,14,8,High
CMR2024193,Ashley Parrish,19,Male,EEE,4,C,CMRIT,Dr. Ramesh,8.07,8.33,7.06,5.1,7.71,6.8,8.59,6.02,7.21,23,29,30,48,1,0,99635,125422,True,3,59,7,0.83,10,9,High
CMR2023295,John Young,18,Male,MECH,1,C,CMRIT,Prof. Meena,8.36,6.76,9.06,9.14,6.79,5.89,8.84,8.49,7.56,20,21,27,83,5,3,102119,55591,False,0,21,5,0.82,12,5,Low
CMR2024115,Michael Phillips,23,Female,ECE,3,C,CMRIT,Prof. Meena,5.35,5.69,9.94,8.86,7.65,5.68,5.7,7.05,7.2,21,28,26,93,0,2,80347,36867,False,0,69,4,0.75,10,4,High
CMR2023561,Kim Erickson,22,Female,CSE,4,A,CMRIT,Dr. Arvind,6.66,6.55,7.53,5.06,5.51,8.72,7.81,5.3,6.64,28,23,30,79,5,4,141600,102325,True,3,71,6,0.86,7,6,Medium
CMR2023931,Sandra Rivera,19,Female,CSE,1,A,CMRIT,Dr. Arvind,8.34,9.13,9.73,6.57,6.59,8.9,7.21,5.73,8.73,30,28,29,71,8,0,39406,7006,False,0,57,4,0.75,14,6,High
CMR2024128,Anna Briggs,22,Female,AIML,4,B,CMRIT,Prof. Kavya,7.01,6.11,9.92,6.38,7.94,9.85,5.1,9.54,7.73,25,28,28,78,3,5,6833,128440,True,3,28,6,0.88,2,3,Low
CMR2023072,Brittney Phillips,20,Female,ECE,3,B,CMRIT,Dr. Ramesh,7.87,7.72,9.48,6.97,6.73,8.87,5.73,5.21,7.94,21,25,27,48,1,3,72225,130587,True,1,88,6,0.95,11,5,High
CMR2023532,Donna Frye,20,Male,AIML,2,B,CMRIT,Prof. Kavya,7.5,8.6,8.6,7.29,6.95,8.77,9.6,7.4,8.0,29,24,30,99,0,4,70147,25361,True,0,23,8,0.34,0,5,Low
CMR2024007,Jennifer Nichols,23,Male,AIML,4,B,CMRIT,Prof. Meena,7.16,8.32,9.99,8.0,8.88,7.85,6.17,7.69,8.01,21,29,24,57,2,4,29344,22150,True,0,99,5,0.85,4,3,High
CMR2023359,Ronald Davis,18,Female,AIML,1,A,CMRIT,Dr. Ramesh,6.13,6.93,6.77,6.43,9.61,8.42,8.43,8.57,6.53,21,27,22,99,1,0,33871,63857,True,2,65,4,0.73,1,6,High
CMR2023001,Noah Rhodes,20,Female,AIML,2,B,CMRIT,Dr. Ramesh,5.46,5.48,9.24,8.02,9.04,8.65,7.68,9.87,7.05,26,21,28,94,3,1,81854,99800,True,0,25,9,0.46,4,2,Medium
CMR2023414,Erica Alvarez,21,Female,MECH,4,B,CMRIT,Dr. Arvind,5.81,6.91,8.73,9.62,5.66,5.08,9.0,9.75,7.57,21,23,28,90,0,1,82548,93482,False,0,24,8,0.49,4,5,Low
CMR2023701,James Watson,23,Male,CIVIL,1,A,CMRIT,Prof. Meena,9.87,9.78,7.89,8.55,8.51,8.37,8.68,8.67,9.82,22,20,30,71,5,2,59488,18292,False,0,39,5,0.9,2,8,Medium
CMR2023436,Ralph Anderson,19,Male,EEE,1,A,CMRIT,Dr. Arvind,8.51,6.0,5.47,7.29,5.47,8.12,7.97,5.33,7.25,30,28,23,79,6,4,95428,8703,True,2,56,7,0.71,4,6,Medium
CMR2023505,Jodi Roach,18,Female,AIML,2,A,CMRIT,Dr. Ramesh,5.58,9.51,7.44,5.92,6.64,9.72,6.28,8.4,7.11,26,24,28,100,1,8,80088,79633,False,0,33,4,0.58,14,4,High
CMR2023683,Jennifer Hernandez,20,Female,CSE,1,C,CMRIT,Dr. Ramesh,5.32,7.0,9.63,9.49,7.05,9.75,7.3,6.06,6.16,22,24,27,81,8,2,51563,136884,True,2,55,4,0.34,7,9,High
CMR2023132,Mary Marshall,19,Male,MECH,4,C,CMRIT,Dr. Arvind,8.4,8.61,8.28,9.99,6.3,7.09,6.94,5.18,7.6,29,23,25,51,4,1,63291,145151,False,0,65,8,0.51,2,9,High
CMR2023414,Erica Alvarez,21,Female,MECH,4,B,CMRIT,Dr. Arvind,5.81,6.91,8.73,9.62,5.66,5.08,9.0,9.75,7.57,21,23,28,90,0,1,82548,93482,False,0,24,8,0.49,4,5,Low
CMR2023584,Jamie Baird,23,Male,CIVIL,2,A,CMRIT,Prof. Meena,6.77,9.35,9.29,8.31,7.45,9.75,7.19,6.26,8.43,26,27,22,49,4,4,21096,20621,False,0,87,6,0.44,1,5,High
CMR2023114,Garrett Lin,23,Male,AIML,3,A,CMRIT,Dr. Ramesh,8.56,9.84,6.98,5.24,6.49,9.1,5.87,9.76,7.7,27,28,28,48,3,6,70497,29831,False,0,33,5,0.39,0,4,High
CMR2024165,Levi Lopez,20,Female,ECE,4,C,CMRIT,Prof. Kavya,9.91,8.98,9.46,9.92,8.25,6.47,5.52,7.38,8.24,28,28,21,93,5,6,99289,115448,False,0,71,9,0.62,8,7,High
CMR2023322,Johnathan Davis,19,Female,AIML,2,B,CMRIT,Dr. Arvind,7.88,9.84,6.01,9.31,7.41,9.76,6.8,6.89,8.26,27,27,26,78,8,2,137459,118621,True,3,22,7,0.6,1,5,Low
CMR2023918,Bryan Moore,18,Male,CSE,4,A,CMRIT,Prof. Meena,5.65,5.29,8.46,8.88,8.87,9.71,6.37,8.07,7.66,27,28,20,65,3,4,41683,106344,False,0,93,5,0.38,1,5,High
CMR2023799,Donald Medina,19,Male,AIML,1,B,CMRIT,Prof. Meena,9.22,8.02,8.76,5.82,6.28,8.93,5.09,7.0,8.62,24,24,30,69,3,0,28053,37433,True,3,45,8,0.69,8,3,Medium
CMR2023371,Debra White,23,Female,CSE,1,A,CMRIT,Dr. Ramesh,9.59,9.61,8.84,6.0,6.64,6.59,9.98,7.43,9.6,27,21,24,78,6,0,124165,15035,True,3,38,9,0.45,9,1,Low
CMR2023826,Heather Brown,18,Female,CSE,3,A,CMRIT,Prof. Kavya,5.5,8.2,6.5,8.33,5.25,9.26,7.43,7.96,7.17,30,22,24,74,3,4,127195,38252,False,0,52,5,0.41,1,9,Medium
CMR2023767,Haley Johnson,22,Male,CIVIL,3,A,CMRIT,Dr. Ramesh,8.52,7.7,7.05,7.61,9.52,5.85,6.47,6.38,7.71,28,28,24,61,5,8,125015,102179,False,0,41,8,0.94,5,8,High
CMR2024139,Ernest Bush,20,Female,ECE,3,A,CMRIT,Prof. Kavya,9.85,6.06,6.66,5.03,7.49,8.84,8.03,8.36,7.32,23,23,30,83,6,0,40887,132967,False,0,44,8,0.81,0,5,Medium
CMR2023014,Dylan Miller,18,Female,ECE,4,C,CMRIT,Dr. Arvind,9.7,5.58,9.85,5.89,9.81,6.33,5.54,7.17,7.48,25,26,29,40,8,8,139066,35315,False,0,93,5,0.48,11,7,High
CMR2023729,Derrick Anderson,18,Female,MECH,4,A,CMRIT,Prof. Meena,8.62,6.09,7.88,9.09,8.21,9.41,7.91,9.67,8.36,21,23,22,88,0,7,32161,7090,False,0,36,4,0.78,1,8,High
CMR2023878,Michelle Jackson,20,Male,EEE,4,B,CMRIT,Prof. Kavya,6.86,9.63,9.21,7.15,5.8,9.21,6.23,7.02,7.64,28,30,25,78,7,3,110785,73779,False,0,29,6,0.7,4,6,Low
CMR2023539,David Davis,19,Male,AIML,1,A,CMRIT,Dr. Ramesh,6.48,6.04,9.14,8.4,5.34,7.26,5.59,9.72,6.26,30,26,20,98,7,0,83699,94959,False,0,67,5,0.51,9,10,Medium
CMR2023643,Courtney Smith,23,Male,ECE,1,C,CMRIT,Dr. Arvind,9.91,5.75,6.43,5.64,9.2,7.96,8.5,6.83,7.83,25,26,21,89,1,3,5324,61260,False,0,36,9,0.71,13,1,Low
CMR2023919,Samantha Terry,21,Female,AIML,3,C,CMRIT,Dr. Arvind,9.19,8.74,9.96,8.16,6.94,8.51,6.72,7.03,8.58,23,29,21,72,1,1,125588,41357,False,0,21,5,0.58,9,5,Medium
CMR2023293,Margaret Coleman,22,Female,CIVIL,2,A,CMRIT,Dr. Ramesh,9.67,7.41,7.99,9.2,6.9,6.76,8.16,7.93,8.57,28,24,20,86,8,4,47314,145008,True,2,31,7,0.79,13,3,Low
CMR2023537,Bianca Wood,20,Male,MECH,3,C,CMRIT,Prof. Kavya,9.26,7.87,9.89,8.96,9.12,6.98,9.12,9.4,8.68,28,28,20,83,5,7,141201,32214,True,2,90,9,0.96,11,4,High
CMR2023873,Amy Miller,23,Female,EEE,1,C,CMRIT,Dr. Arvind,6.22,5.03,8.21,7.82,5.82,8.02,7.16,6.21,5.62,23,22,29,95,8,2,130582,60758,True,1,92,7,0.5,0,3,High
CMR2024012,Peter Thompson,21,Female,EEE,4,C,CMRIT,Dr. Arvind,5.0,6.69,7.71,7.53,9.72,8.43,6.92,8.31,7.54,24,29,30,76,8,5,52369,58584,False,0,46,6,0.73,10,7,Low
CMR2023006,Abigail Shaffer,21,Female,EEE,4,A,CMRIT,Prof. Kavya,6.12,6.69,7.94,6.15,6.1,5.35,8.16,6.14,6.58,20,25,21,76,7,3,139782,67391,False,0,82,5,0.68,11,10,High
CMR2023462,Riley Bryant,21,Female,EEE,1,A,CMRIT,Prof. Kavya,9.24,8.79,7.9,8.96,8.61,6.83,8.28,5.71,9.02,23,27,23,88,4,5,74339,30460,False,0,29,7,0.93,7,4,Low
CMR2023259,Mrs. Kristen Reyes,20,Male,CIVIL,2,B,CMRIT,Dr. Arvind,9.12,8.23,6.28,8.01,7.03,5.57,5.96,6.23,7.91,24,27,27,82,8,2,119329,115629,True,1,40,6,0.4,4,5,Low
CMR2024133,Caitlin Perry,21,Female,ECE,3,A,CMRIT,Dr. Ramesh,7.26,7.91,9.14,8.72,5.68,8.2,9.63,6.42,7.82,23,24,27,81,8,3,97971,33606,False,0,23,9,0.48,5,10,Low
CMR2023710,Anthony Jones,21,Male,CSE,2,A,CMRIT,Prof. Meena,9.35,6.38,6.2,8.88,7.94,5.59,5.91,5.61,7.7,24,20,30,96,4,3,74408,147727,True,1,40,7,0.87,4,6,Low
CMR2023706,Adam Jackson,20,Male,ECE,2,B,CMRIT,Prof. Kavya,9.6,8.69,9.7,7.77,6.6,8.37,5.51,7.57,8.94,28,30,20,82,6,4,144932,134234,True,3,38,9,0.47,4,2,Low
CMR2024133,Caitlin Perry,21,Female,ECE,3,A,CMRIT,Dr. Ramesh,7.26,7.91,9.14,8.72,5.68,8.2,9.63,6.42,7.82,23,24,27,81,8,3,97971,33606,False,0,23,9,0.48,5,10,Low
CMR2023535,Mr. Lawrence Edwards,23,Female,AIML,2,C,CMRIT,Prof. Meena,9.05,9.98,5.22,7.82,9.28,7.79,8.51,8.96,8.02,20,24,25,86,8,8,28177,101284,False,0,80,8,0.41,10,6,High
CMR2023298,Keith Jennings,18,Male,CSE,3,B,CMRIT,Prof. Meena,6.58,6.96,6.67,9.4,9.04,9.95,6.13,8.45,8.1,21,23,23,67,0,5,48117,91304,False,0,28,9,0.74,0,8,Medium
CMR2023045,Philip Cannon,18,Male,AIML,4,A,CMRIT,Dr. Ramesh,6.75,7.78,5.57,6.39,6.13,7.15,7.8,8.84,7.05,29,29,30,62,0,2,11882,75109,True,1,54,9,0.83,14,6,Medium
CMR2023669,Michael Morrison,18,Female,MECH,3,C,CMRIT,Prof. Kavya,6.84,6.32,7.57,6.55,5.62,7.79,8.76,7.52,6.78,24,25,24,61,2,3,17359,13240,False,0,52,6,0.76,4,8,Medium
CMR2023669,Michael Morrison,18,Female,MECH,3,C,CMRIT,Prof. Kavya,6.84,6.32,7.57,6.55,5.62,7.79,8.76,7.52,6.78,24,25,24,61,2,3,17359,13240,False,0,52,6,0.76,4,8,Medium
CMR2023549,Pamela Diaz,23,Female,AIML,3,C,CMRIT,Dr. Arvind,6.02,7.31,7.6,5.59,8.61,6.46,6.24,7.99,6.93,30,25,22,74,5,2,135273,103303,True,3,81,9,0.49,9,8,High
CMR2023241,Matthew Moon,20,Male,CIVIL,4,A,CMRIT,Prof. Kavya,8.39,5.58,5.12,8.09,6.1,6.79,6.63,8.04,6.84,23,29,28,72,6,3,63233,77856,True,0,30,8,0.89,10,2,Medium
CMR2023539,David Davis,19,Male,AIML,1,A,CMRIT,Dr. Ramesh,6.48,6.04,9.14,8.4,5.34,7.26,5.59,9.72,6.26,30,26,20,98,7,0,83699,94959,False,0,67,5,0.51,9,10,Medium
CMR2023893,Cassie Brock,22,Male,EEE,2,B,CMRIT,Dr. Ramesh,6.76,5.32,7.47,5.29,7.91,6.85,9.94,8.81,6.21,30,26,22,41,2,0,111164,149160,True,2,90,8,0.61,3,9,High
CMR2023184,Lindsay Martinez,18,Male,MECH,4,C,CMRIT,Prof. Meena,7.63,8.51,6.28,6.83,8.03,5.35,9.65,6.04,7.29,27,21,27,73,0,1,20912,99614,False,0,67,9,0.34,9,5,Medium
CMR2023726,Christian Dawson,18,Female,AIML,3,B,CMRIT,Prof. Kavya,7.35,5.19,8.7,9.88,7.83,8.08,9.81,7.21,7.84,21,30,29,77,7,0,98872,41006,False,0,48,6,0.44,11,6,Low
CMR2023633,Robert Reese,20,Male,CSE,2,A,CMRIT,Dr. Ramesh,8.69,5.95,5.31,6.0,5.72,9.21,5.04,6.52,6.49,21,20,26,69,5,0,7127,28553,True,3,53,7,0.41,11,9,Medium
CMR2023200,Melissa Brewer,23,Male,EEE,4,A,CMRIT,Prof. Kavya,9.56,7.83,8.3,5.75,9.34,5.89,8.56,7.1,7.79,24,27,24,71,7,8,52368,35816,True,1,20,8,0.84,0,8,High
CMR2024128,Anna Briggs,22,Female,AIML,4,B,CMRIT,Prof. Kavya,7.01,6.11,9.92,6.38,7.94,9.85,5.1,9.54,7.73,25,28,28,78,3,5,6833,128440,True,3,28,6,0.88,2,3,Low
CMR2023661,Emma Butler,23,Female,CIVIL,1,C,CMRIT,Prof. Kavya,8.5,7.97,7.87,7.73,5.21,7.71,9.54,5.01,8.23,26,27,28,90,3,5,43131,30401,False,0,30,7,0.49,8,2,Low
CMR2023566,Paula Lane,20,Male,EEE,4,B,CMRIT,Prof. Kavya,7.03,9.25,6.43,8.05,5.82,5.8,6.64,6.88,6.99,21,21,21,43,0,7,26577,7225,True,3,83,4,0.95,12,3,High
CMR2023532,Donna Frye,20,Male,AIML,2,B,CMRIT,Prof. Kavya,7.5,8.6,8.6,7.29,6.95,8.77,9.6,7.4,8.0,29,24,30,99,0,4,70147,25361,True,0,23,8,0.34,0,5,Low
CMR2023727,Nancy Stewart,19,Female,ECE,1,A,CMRIT,Prof. Kavya,7.31,8.37,7.13,6.17,5.39,6.57,6.45,7.62,7.84,28,29,25,88,4,4,108146,96404,False,0,72,9,0.6,4,6,Medium
CMR2023536,Morgan Valencia,19,Female,CIVIL,3,B,CMRIT,Prof. Kavya,7.9,6.86,9.92,8.84,5.74,8.36,9.45,8.38,7.94,26,25,26,95,2,0,27661,71374,True,2,65,9,0.63,12,9,Medium
CMR2023873,Amy Miller,23,Female,EEE,1,C,CMRIT,Dr. Arvind,6.22,5.03,8.21,7.82,5.82,8.02,7.16,6.21,5.62,23,22,29,95,8,2,130582,60758,True,1,92,7,0.5,0,3,High
CMR2023893,Cassie Brock,22,Male,EEE,2,B,CMRIT,Dr. Ramesh,6.76,5.32,7.47,5.29,7.91,6.85,9.94,8.81,6.21,30,26,22,41,2,0,111164,149160,True,2,90,8,0.61,3,9,High
CMR2023604,Mrs. Virginia Daniels,19,Male,CSE,1,C,CMRIT,Dr. Ramesh,6.67,7.08,7.75,9.19,7.62,5.07,8.44,6.67,6.88,30,27,24,79,5,2,79356,36378,False,0,20,8,0.78,6,6,Medium
CMR2024108,Kara Hernandez,22,Male,CSE,1,B,CMRIT,Dr. Ramesh,7.87,8.79,9.16,9.96,6.39,5.12,9.61,6.34,8.33,24,21,25,59,6,5,92605,115853,False,0,55,5,0.46,10,9,High
CMR2023604,Mrs. Virginia Daniels,19,Male,CSE,1,C,CMRIT,Dr. Ramesh,6.67,7.08,7.75,9.19,7.62,5.07,8.44,6.67,6.88,30,27,24,79,5,2,79356,36378,False,0,20,8,0.78,6,6,Medium
CMR2023699,Brent Hernandez,21,Male,MECH,3,B,CMRIT,Dr. Ramesh,8.65,9.4,7.84,7.32,9.86,5.84,8.45,6.91,8.15,28,20,20,75,6,2,94042,66953,False,0,88,9,0.72,3,2,High
CMR2023541,Sean Moore,21,Female,AIML,4,A,CMRIT,Dr. Arvind,6.55,8.89,9.27,6.08,7.05,5.05,5.64,9.31,7.23,20,28,27,81,0,4,23114,136615,True,3,55,9,0.7,12,9,Medium
CMR2023717,Brenda Hinton,19,Male,EEE,1,A,CMRIT,Dr. Ramesh,7.46,5.78,5.5,8.22,9.76,9.9,6.11,9.81,6.62,30,28,30,74,4,6,52942,28498,False,0,100,7,0.95,12,5,High
CMR2024133,Caitlin Perry,21,Female,ECE,3,A,CMRIT,Dr. Ramesh,7.26,7.91,9.14,8.72,5.68,8.2,9.63,6.42,7.82,23,24,27,81,8,3,97971,33606,False,0,23,9,0.48,5,10,Low
CMR2023089,Aimee Montoya,20,Female,ECE,1,C,CMRIT,Dr. Arvind,8.92,7.25,6.14,7.77,6.88,5.93,7.93,6.9,8.09,29,24,23,87,6,5,24269,26505,False,0,39,7,0.8,10,3,Low
CMR2024187,Donna Boone,22,Female,ECE,2,A,CMRIT,Prof. Meena,9.21,8.49,6.77,7.18,7.37,5.84,5.04,5.06,7.91,26,21,30,84,5,2,122133,58659,False,0,59,7,0.71,12,5,Medium
CMR2023807,Robert Gonzales,19,Male,ECE,1,C,CMRIT,Dr. Arvind,9.46,5.78,9.24,8.51,8.47,8.1,9.33,7.89,7.62,24,28,24,78,1,0,136960,22290,True,0,21,6,0.94,11,7,Low
CMR2023213,Katherine Salas,21,Male,CSE,2,A,CMRIT,Dr. Ramesh,8.79,8.3,7.26,6.46,8.08,7.24,6.03,9.39,7.7,24,29,30,94,2,4,84835,118961,False,0,31,8,0.31,8,7,Low
CMR2023542,Kenneth Edwards,22,Male,CIVIL,4,A,CMRIT,Prof. Meena,6.47,5.81,6.45,6.66,5.55,5.77,9.19,6.0,6.49,27,23,20,94,7,3,106529,51302,False,0,25,6,0.43,5,10,Medium
CMR2023256,Susan Murray MD,18,Female,MECH,1,B,CMRIT,Prof. Meena,7.85,6.61,5.49,7.44,8.45,6.03,7.48,9.06,7.23,30,25,22,93,8,3,83517,100245,False,0,45,7,0.74,12,2,Medium
CMR2023494,Meghan Cisneros,22,Male,EEE,2,C,CMRIT,Prof. Meena,8.14,9.44,9.9,8.73,8.53,9.91,9.02,6.32,9.05,25,25,23,90,8,2,88926,146654,False,0,29,9,0.39,13,4,Low
CMR2023547,Julie Herrera,23,Male,AIML,3,B,CMRIT,Dr. Ramesh,7.16,5.15,5.33,5.42,9.46,5.73,8.21,6.85,6.38,26,24,27,84,8,2,94517,84559,False,0,59,7,0.66,6,10,Medium
CMR2023933,Samantha Foster,18,Male,CSE,2,A,CMRIT,Prof. Meena,6.11,6.72,9.91,7.8,8.55,5.12,9.98,7.32,7.63,29,21,30,76,0,5,43249,30518,True,3,52,5,0.88,6,10,Medium
CMR2023609,Casey Chase,21,Male,MECH,1,C,CMRIT,Dr. Arvind,9.97,7.9,5.32,6.45,7.87,9.67,8.57,7.27,8.94,24,29,22,87,7,1,110606,115293,False,0,57,8,0.75,12,10,Medium
CMR2024084,Eugene Baldwin,21,Male,CIVIL,3,B,CMRIT,Prof. Kavya,7.01,5.05,8.6,5.72,7.81,7.87,8.52,8.18,7.01,26,24,27,93,5,5,111582,22708,False,0,58,5,0.62,7,4,Medium
CMR2023600,Casey Gillespie,18,Male,EEE,2,B,CMRIT,Prof. Meena,6.07,6.55,8.89,5.41,9.37,9.11,6.46,9.91,6.73,26,22,25,74,2,4,102954,81182,True,1,71,5,0.8,5,6,Medium
CMR2023628,Joseph Wilson,22,Male,ECE,1,A,CMRIT,Dr. Arvind,6.05,6.54,6.63,7.27,6.63,6.64,5.54,8.64,6.29,25,29,23,79,4,2,114965,129742,True,1,74,7,0.9,0,1,Medium
CMR2023043,Anthony Humphrey,23,Female,CSE,1,B,CMRIT,Prof. Kavya,5.33,6.38,8.17,7.74,6.63,9.97,7.65,7.27,5.86,29,26,21,65,6,1,34992,149529,True,3,77,5,0.59,13,8,High
CMR2023403,Kathleen Webster,19,Female,CIVIL,4,B,CMRIT,Dr. Ramesh,9.91,6.79,9.28,7.52,6.74,8.53,6.95,5.31,7.63,30,22,25,64,7,2,93943,125450,True,2,58,7,0.35,13,8,Medium
CMR2023304,Maria Parker,19,Female,CSE,1,A,CMRIT,Prof. Kavya,6.42,6.09,6.31,5.87,9.24,6.23,5.98,5.88,6.25,24,21,20,82,2,8,40977,104332,True,2,46,6,0.62,5,6,High
CMR2024180,Michelle Walls,19,Female,MECH,2,C,CMRIT,Dr. Arvind,7.75,6.69,6.37,6.58,9.35,6.06,8.85,9.47,6.85,26,20,23,75,7,3,86478,141152,True,1,74,7,0.68,14,4,Medium
CMR2023070,Jordan Henderson,23,Male,CIVIL,1,C,CMRIT,Prof. Meena,5.85,8.15,8.1,9.21,5.74,8.4,5.16,9.74,7.0,21,23,20,89,7,0,120615,87232,False,0,39,7,0.78,6,9,Medium
CMR2023230,Jessica Stephens,20,Male,AIML,1,A,CMRIT,Prof. Meena,7.49,5.8,9.61,5.27,6.82,6.05,6.26,8.08,6.64,27,20,21,86,7,5,18751,145865,True,1,23,7,0.66,1,4,Medium
CMR2024087,Philip Jackson,18,Female,AIML,4,A,CMRIT,Dr. Ramesh,6.21,6.73,6.62,5.36,5.24,6.24,5.66,5.48,5.94,20,27,21,80,0,4,100849,98452,False,0,88,7,0.34,9,5,High
CMR2023558,Larry Robertson,21,Male,EEE,2,C,CMRIT,Dr. Ramesh,8.57,5.81,8.03,5.21,9.91,5.68,6.44,7.64,6.9,27,30,26,90,6,4,149261,146942,False,0,87,7,0.97,8,6,High
CMR2023927,Jacqueline Mccoy,23,Female,CSE,1,A,CMRIT,Dr. Arvind,6.41,8.6,5.33,8.54,7.92,7.99,8.07,7.6,7.5,25,26,26,67,7,5,79010,137824,True,0,23,6,0.37,10,6,Medium
CMR2023151,Pamela Boyd,23,Female,CSE,3,C,CMRIT,Prof. Meena,7.43,6.48,8.26,6.6,5.41,5.48,9.86,8.87,6.61,28,20,30,81,1,2,22163,60255,True,3,33,5,0.68,11,7,Medium
CMR2023119,Jeffrey Chandler,23,Male,ECE,1,A,CMRIT,Prof. Kavya,7.93,9.59,8.87,9.23,9.3,9.8,6.87,9.71,8.76,26,29,21,81,5,2,93227,84105,False,0,37,5,0.81,6,8,Low
CMR2023768,Jason Nixon,19,Male,MECH,1,A,CMRIT,Prof. Kavya,5.36,8.73,7.31,7.69,8.3,8.31,8.16,5.37,7.04,22,24,28,73,4,4,146675,54160,False,0,30,7,0.31,5,10,Medium
CMR2024165,Levi Lopez,20,Female,ECE,4,C,CMRIT,Prof. Kavya,9.91,8.98,9.46,9.92,8.25,6.47,5.52,7.38,8.24,28,28,21,93,5,6,99289,115448,False,0,71,9,0.62,8,7,High
CMR2024112,Nathan Wilson,20,Female,ECE,4,A,CMRIT,Prof. Meena,5.08,9.69,8.31,8.14,6.64,7.43,9.23,6.15,7.58,23,24,30,60,2,0,39686,129632,True,3,70,9,0.71,2,6,Medium
CMR2024024,James Washington,20,Male,ECE,4,B,CMRIT,Dr. Arvind,9.14,5.01,6.64,6.31,5.52,9.65,8.73,8.36,7.42,23,28,27,70,4,1,64155,98676,True,3,72,6,0.95,13,8,Medium
CMR2024180,Michelle Walls,19,Female,MECH,2,C,CMRIT,Dr. Arvind,7.75,6.69,6.37,6.58,9.35,6.06,8.85,9.47,6.85,26,20,23,75,7,3,86478,141152,True,1,74,7,0.68,14,4,Medium
CMR2023710,Anthony Jones,21,Male,CSE,2,A,CMRIT,Prof. Meena,9.35,6.38,6.2,8.88,7.94,5.59,5.91,5.61,7.7,24,20,30,96,4,3,74408,147727,True,1,40,7,0.87,4,6,Low
CMR2023102,Rebecca Valencia,23,Female,EEE,4,B,CMRIT,Dr. Ramesh,9.34,9.24,5.47,9.86,8.17,8.49,9.25,8.98,8.6,26,23,26,76,7,5,60535,134686,False,0,61,6,0.54,9,3,Medium
CMR2023047,Shane Henderson,19,Male,ECE,4,A,CMRIT,Dr. Arvind,8.39,7.97,7.63,6.54,6.1,9.92,5.27,6.02,7.23,23,22,24,74,3,8,80876,91015,True,0,83,9,0.6,2,7,High
CMR2023128,Cameron Fisher,20,Female,ECE,3,C,CMRIT,Prof. Meena,8.02,5.45,7.21,9.57,7.04,7.42,7.58,6.87,7.45,20,28,22,52,3,0,22201,86559,False,0,37,8,0.92,0,3,High
CMR2023208,Dr. William Warren,18,Male,ECE,4,A,CMRIT,Dr. Ramesh,7.6,8.29,6.56,7.89,6.56,9.46,6.6,5.96,7.37,24,28,25,75,8,1,120635,35841,False,0,39,5,0.49,0,10,Medium
CMR2024085,Katherine Welch,20,Male,CIVIL,3,A,CMRIT,Prof. Kavya,5.62,8.1,7.99,8.62,8.75,8.67,7.21,6.82,7.96,24,29,23,87,2,5,56498,85157,True,3,95,4,0.49,13,4,High
CMR2023371,Debra White,23,Female,CSE,1,A,CMRIT,Dr. Ramesh,9.59,9.61,8.84,6.0,6.64,6.59,9.98,7.43,9.6,27,21,24,78,6,0,124165,15035,True,3,38,9,0.45,9,1,Low
CMR2023689,Maria Brown,18,Female,EEE,2,A,CMRIT,Prof. Kavya,8.65,5.05,5.17,9.68,9.51,6.62,5.21,8.14,7.14,24,20,30,78,0,2,31664,66229,True,0,32,7,0.85,6,2,Medium
CMR2023213,Katherine Salas,21,Male,CSE,2,A,CMRIT,Dr. Ramesh,8.79,8.3,7.26,6.46,8.08,7.24,6.03,9.39,7.7,24,29,30,94,2,4,84835,118961,False,0,31,8,0.31,8,7,Low
CMR2023661,Emma Butler,23,Female,CIVIL,1,C,CMRIT,Prof. Kavya,8.5,7.97,7.87,7.73,5.21,7.71,9.54,5.01,8.23,26,27,28,90,3,5,43131,30401,False,0,30,7,0.49,8,2,Low
CMR2023541,Sean Moore,21,Female,AIML,4,A,CMRIT,Dr. Arvind,6.55,8.89,9.27,6.08,7.05,5.05,5.64,9.31,7.23,20,28,27,81,0,4,23114,136615,True,3,55,9,0.7,12,9,Medium
CMR2023101,Cameron Parker,20,Female,ECE,3,C,CMRIT,Dr. Ramesh,5.68,8.75,7.06,5.3,6.39,8.28,8.51,5.66,6.91,22,25,23,65,8,4,107944,133308,True,2,100,7,0.56,1,2,High
CMR2023280,Amanda Jones,22,Male,CIVIL,1,B,CMRIT,Prof. Meena,9.81,8.78,9.87,8.91,8.05,9.29,5.51,7.81,9.29,28,21,22,71,1,2,35948,58840,False,0,40,9,0.5,7,9,Medium
CMR2024151,Robert West,23,Female,CSE,2,A,CMRIT,Prof. Meena,9.69,9.92,8.84,9.34,8.95,8.98,6.98,7.87,9.45,30,29,27,91,7,4,104436,144873,True,3,20,8,0.52,7,2,Low
CMR2024012,Peter Thompson,21,Female,EEE,4,C,CMRIT,Dr. Arvind,5.0,6.69,7.71,7.53,9.72,8.43,6.92,8.31,7.54,24,29,30,76,8,5,52369,58584,False,0,46,6,0.73,10,7,Low
CMR2023516,William Day,21,Female,CSE,3,C,CMRIT,Prof. Meena,6.68,9.02,9.27,8.92,7.04,6.71,9.71,8.6,7.94,28,23,27,97,1,0,78830,74906,True,3,30,9,0.94,13,9,Low
CMR2023710,Anthony Jones,21,Male,CSE,2,A,CMRIT,Prof. Meena,9.35,6.38,6.2,8.88,7.94,5.59,5.91,5.61,7.7,24,20,30,96,4,3,74408,147727,True,1,40,7,0.87,4,6,Low
CMR2023239,Yvonne Chambers,21,Female,ECE,1,A,CMRIT,Dr. Arvind,6.42,9.78,8.09,5.8,7.68,5.91,5.88,8.54,8.1,30,22,22,53,8,0,67365,35649,True,2,93,5,0.61,5,3,High
CMR2023208,Dr. William Warren,18,Male,ECE,4,A,CMRIT,Dr. Ramesh,7.6,8.29,6.56,7.89,6.56,9.46,6.6,5.96,7.37,24,28,25,75,8,1,120635,35841,False,0,39,5,0.49,0,10,Medium
CMR2023580,William Evans,23,Female,MECH,3,A,CMRIT,Prof. Meena,8.76,5.2,9.59,7.1,8.29,6.35,5.26,5.34,7.55,29,20,21,77,8,3,130036,16147,False,0,66,7,0.68,4,3,Medium
CMR2023111,Shannon Walker,21,Male,EEE,3,B,CMRIT,Dr. Arvind,5.43,7.28,6.84,6.46,8.92,8.7,6.21,6.84,7.27,27,23,28,100,5,0,69258,44470,True,3,23,5,0.68,10,1,Medium
CMR2023846,Brandi Haney,21,Male,AIML,1,C,CMRIT,Dr. Ramesh,7.59,9.49,9.8,5.33,5.8,5.75,5.83,9.73,8.54,28,22,30,73,8,5,82590,83419,False,0,23,9,0.9,7,3,Medium
CMR2023759,Margaret Miller,21,Female,CIVIL,1,A,CMRIT,Prof. Kavya,6.36,6.48,9.75,6.26,8.01,9.69,6.97,6.37,6.42,25,26,28,47,5,5,110085,103100,True,2,24,7,0.4,12,3,High
CMR2023312,Shannon Ramsey,20,Male,AIML,3,B,CMRIT,Prof. Meena,5.79,5.55,7.68,7.39,5.34,9.78,9.33,5.65,6.92,23,24,26,57,3,0,129460,46623,False,0,95,5,0.65,10,8,High
CMR2023259,Mrs. Kristen Reyes,20,Male,CIVIL,2,B,CMRIT,Dr. Arvind,9.12,8.23,6.28,8.01,7.03,5.57,5.96,6.23,7.91,24,27,27,82,8,2,119329,115629,True,1,40,6,0.4,4,5,Low
CMR2023283,Shelia Wallace,20,Male,ECE,2,C,CMRIT,Prof. Meena,7.23,6.03,7.72,8.94,8.26,8.49,9.44,8.91,7.48,26,23,24,73,8,4,27093,14691,False,0,69,9,0.8,14,3,Medium
CMR2023336,Daniel Kane,21,Male,CSE,1,B,CMRIT,Prof. Meena,5.9,5.26,9.9,8.25,7.97,9.85,8.13,7.02,5.58,20,21,23,89,7,6,108978,133090,False,0,96,5,0.76,6,2,High
CMR2023925,Brenda Smith,22,Female,CIVIL,3,B,CMRIT,Prof. Kavya,9.54,9.67,5.38,9.65,6.07,7.18,9.25,6.84,7.92,26,24,26,82,6,1,54157,23808,True,0,24,9,0.65,9,2,Low
CMR2023552,Diana Hays,22,Female,AIML,2,A,CMRIT,Dr. Arvind,8.81,5.86,9.83,6.92,7.71,5.09,5.8,7.86,7.86,29,24,27,98,3,4,37653,30082,True,3,48,5,0.62,2,3,Low
CMR2023520,Amy Martinez,18,Female,CSE,1,B,CMRIT,Dr. Arvind,8.49,8.03,9.8,7.85,8.64,6.6,6.79,9.05,8.26,25,27,24,69,7,5,133211,87175,True,1,95,5,0.33,5,7,High
CMR2023371,Debra White,23,Female,CSE,1,A,CMRIT,Dr. Ramesh,9.59,9.61,8.84,6.0,6.64,6.59,9.98,7.43,9.6,27,21,24,78,6,0,124165,15035,True,3,38,9,0.45,9,1,Low
CMR2024069,Courtney Nichols,23,Male,CSE,4,A,CMRIT,Dr. Arvind,5.62,7.77,7.1,5.94,8.96,7.03,9.83,8.27,7.57,22,24,23,56,4,6,47982,65772,True,1,26,5,0.45,9,4,High
CMR2023156,Joshua Perry,21,Female,ECE,4,C,CMRIT,Dr. Ramesh,5.88,8.03,9.21,9.29,5.7,7.69,6.32,9.43,7.69,21,21,20,74,8,7,137953,13177,False,0,95,5,0.93,8,5,High
CMR2023918,Bryan Moore,18,Male,CSE,4,A,CMRIT,Prof. Meena,5.65,5.29,8.46,8.88,8.87,9.71,6.37,8.07,7.66,27,28,20,65,3,4,41683,106344,False,0,93,5,0.38,1,5,High
CMR2023264,Yvonne Burns,19,Male,MECH,2,C,CMRIT,Prof. Meena,8.96,6.6,7.39,8.68,6.3,8.44,9.13,9.0,7.91,23,21,26,81,3,1,101364,52681,False,0,68,8,0.46,0,9,Medium
CMR2023532,Donna Frye,20,Male,AIML,2,B,CMRIT,Prof. Kavya,7.5,8.6,8.6,7.29,6.95,8.77,9.6,7.4,8.0,29,24,30,99,0,4,70147,25361,True,0,23,8,0.34,0,5,Low
CMR2024096,Rodney Evans,21,Male,ECE,3,C,CMRIT,Prof. Meena,8.37,5.06,5.52,6.31,5.29,9.77,9.78,6.45,6.72,25,20,30,82,8,3,20152,94679,False,0,95,4,0.66,11,1,High
CMR2023322,Johnathan Davis,19,Female,AIML,2,B,CMRIT,Dr. Arvind,7.88,9.84,6.01,9.31,7.41,9.76,6.8,6.89,8.26,27,27,26,78,8,2,137459,118621,True,3,22,7,0.6,1,5,Low
CMR2023439,Jason Rhodes,21,Female,EEE,3,C,CMRIT,Dr. Ramesh,7.79,7.18,6.74,5.13,6.83,7.33,8.35,8.64,6.83,23,29,28,63,8,3,55065,105258,False,0,42,9,1.0,3,8,Medium
CMR2023643,Courtney Smith,23,Male,ECE,1,C,CMRIT,Dr. Arvind,9.91,5.75,6.43,5.64,9.2,7.96,8.5,6.83,7.83,25,26,21,89,1,3,5324,61260,False,0,36,9,0.71,13,1,Low
CMR2023865,Antonio Mccormick,23,Male,CIVIL,2,A,CMRIT,Prof. Meena,8.75,6.45,8.73,9.11,7.86,8.65,7.88,7.11,8.26,27,26,26,63,3,0,39673,111809,True,1,61,9,0.83,6,1,Medium
CMR2023993,Deborah Campbell,21,Female,MECH,2,A,CMRIT,Dr. Arvind,6.82,6.04,5.49,7.72,9.26,7.39,6.43,9.96,6.52,22,22,23,67,3,3,80678,104819,True,2,58,7,0.92,2,8,Medium
CMR2023835,Timothy Hill,21,Female,ECE,3,A,CMRIT,Prof. Meena,5.84,6.34,7.14,6.68,5.98,9.12,7.86,7.24,6.85,20,22,25,75,0,4,81918,145526,False,0,48,7,0.89,2,7,Medium
CMR2023856,Elizabeth Holmes,23,Male,EEE,4,B,CMRIT,Dr. Ramesh,9.68,7.15,6.67,7.4,8.79,8.26,8.66,9.82,8.3,24,20,24,44,3,7,69987,85570,False,0,52,4,0.8,5,4,High
CMR2024055,Gregory King,20,Male,ECE,2,B,CMRIT,Dr. Ramesh,9.62,7.93,8.95,7.73,9.03,5.73,6.67,8.09,8.56,24,26,25,83,5,4,123359,74233,False,0,68,6,0.79,2,6,Medium
CMR2023123,Michelle Harmon,20,Female,ECE,2,A,CMRIT,Dr. Ramesh,6.96,7.75,7.45,5.27,5.02,5.44,9.12,8.13,6.86,27,23,21,70,7,4,11746,59251,True,2,30,7,0.89,4,7,Medium
CMR2023224,Matthew Moore,23,Female,EEE,4,B,CMRIT,Dr. Ramesh,7.7,5.02,9.77,9.09,7.41,7.84,9.68,6.79,7.91,30,24,26,81,3,2,19468,28767,False,0,88,6,0.36,7,5,High
CMR2023109,Sharon Cochran,23,Female,CIVIL,1,A,CMRIT,Dr. Arvind,9.04,6.36,5.32,8.56,7.88,5.39,7.28,6.8,7.7,27,29,22,87,8,0,101387,46237,False,0,33,8,0.77,1,4,Low
CMR2023845,Breanna Ayala,23,Male,CIVIL,1,B,CMRIT,Dr. Ramesh,5.51,8.25,6.26,8.86,9.61,8.29,9.51,8.27,6.88,21,25,20,80,4,0,57353,122641,True,0,80,4,0.96,2,7,High
CMR2023539,David Davis,19,Male,AIML,1,A,CMRIT,Dr. Ramesh,6.48,6.04,9.14,8.4,5.34,7.26,5.59,9.72,6.26,30,26,20,98,7,0,83699,94959,False,0,67,5,0.51,9,10,Medium
CMR2024151,Robert West,23,Female,CSE,2,A,CMRIT,Prof. Meena,9.69,9.92,8.84,9.34,8.95,8.98,6.98,7.87,9.45,30,29,27,91,7,4,104436,144873,True,3,20,8,0.52,7,2,Low
CMR2024012,Peter Thompson,21,Female,EEE,4,C,CMRIT,Dr. Arvind,5.0,6.69,7.71,7.53,9.72,8.43,6.92,8.31,7.54,24,29,30,76,8,5,52369,58584,False,0,46,6,0.73,10,7,Low
CMR2024190,Candace Mitchell,23,Female,MECH,1,C,CMRIT,Prof. Kavya,5.24,5.69,9.43,6.89,8.19,9.75,7.36,9.14,5.46,25,28,28,57,1,0,39051,21973,False,0,24,9,0.92,12,10,High
CMR2024128,Anna Briggs,22,Female,AIML,4,B,CMRIT,Prof. Kavya,7.01,6.11,9.92,6.38,7.94,9.85,5.1,9.54,7.73,25,28,28,78,3,5,6833,128440,True,3,28,6,0.88,2,3,Low
CMR2024142,Joseph Haynes,23,Male,CSE,1,B,CMRIT,Prof. Kavya,5.12,5.43,5.87,7.09,9.33,9.49,5.63,5.73,5.28,23,30,27,71,8,8,121515,78329,True,3,26,6,0.5,8,6,High
CMR2024133,Caitlin Perry,21,Female,ECE,3,A,CMRIT,Dr. Ramesh,7.26,7.91,9.14,8.72,5.68,8.2,9.63,6.42,7.82,23,24,27,81,8,3,97971,33606,False,0,23,9,0.48,5,10,Low
CMR2023001,Noah Rhodes,20,Female,AIML,2,B,CMRIT,Dr. Ramesh,5.46,5.48,9.24,8.02,9.04,8.65,7.68,9.87,7.05,26,21,28,94,3,1,81854,99800,True,0,25,9,0.46,4,2,Medium
CMR2024133,Caitlin Perry,21,Female,ECE,3,A,CMRIT,Dr. Ramesh,7.26,7.91,9.14,8.72,5.68,8.2,9.63,6.42,7.82,23,24,27,81,8,3,97971,33606,False,0,23,9,0.48,5,10,Low
CMR2023894,Dr. Andrea Marshall,23,Female,EEE,1,A,CMRIT,Prof. Kavya,7.97,8.41,5.9,9.68,8.93,8.01,8.16,6.67,8.19,21,28,28,81,7,0,31153,45550,False,0,32,8,0.84,13,1,Low
CMR2023900,Danielle Smith,22,Male,ECE,3,C,CMRIT,Dr. Arvind,8.21,9.98,6.13,5.88,5.45,9.27,8.68,5.34,7.49,25,30,24,59,4,6,145913,69864,False,0,69,4,0.96,14,4,High
CMR2023388,Sandra Drake,22,Male,MECH,4,C,CMRIT,Prof. Meena,9.88,6.61,8.65,6.13,6.32,6.48,5.41,7.79,7.16,23,30,30,92,6,3,58973,25451,True,3,27,5,0.31,3,8,Medium
CMR2023613,David Molina,21,Male,AIML,3,C,CMRIT,Dr. Arvind,8.13,5.2,5.15,9.8,7.39,6.12,5.03,9.26,6.96,26,29,26,92,5,0,107049,21411,True,0,69,8,0.44,1,4,Medium
CMR2023684,James Whitaker,19,Female,CIVIL,4,A,CMRIT,Dr. Ramesh,5.68,7.1,6.95,9.67,9.62,8.97,6.87,7.41,7.78,20,25,28,92,1,5,20466,28977,True,2,20,8,0.42,7,2,Low
CMR2023002,Angie Henderson,21,Female,EEE,3,A,CMRIT,Dr. Arvind,6.78,8.35,8.51,8.42,5.36,8.17,7.67,6.22,7.6,27,26,24,98,5,3,62570,90008,True,1,24,6,0.58,1,4,Low
CMR2023918,Bryan Moore,18,Male,CSE,4,A,CMRIT,Prof. Meena,5.65,5.29,8.46,8.88,8.87,9.71,6.37,8.07,7.66,27,28,20,65,3,4,41683,106344,False,0,93,5,0.38,1,5,High
CMR2023875,Patrick Yang,19,Male,MECH,3,B,CMRIT,Prof. Kavya,6.06,6.48,8.3,8.02,7.63,9.45,5.05,8.36,7.66,25,25,21,60,6,1,91050,75445,False,0,36,7,0.34,14,8,Medium
CMR2023930,Jill Anderson,23,Male,CSE,3,C,CMRIT,Prof. Kavya,5.7,5.71,5.74,5.87,5.78,5.07,6.39,6.63,5.65,22,28,23,57,7,1,98825,82898,True,0,54,4,0.33,12,9,High
CMR2023706,Adam Jackson,20,Male,ECE,2,B,CMRIT,Prof. Kavya,9.6,8.69,9.7,7.77,6.6,8.37,5.51,7.57,8.94,28,30,20,82,6,4,144932,134234,True,3,38,9,0.47,4,2,Low
CMR2023371,Debra White,23,Female,CSE,1,A,CMRIT,Dr. Ramesh,9.59,9.61,8.84,6.0,6.64,6.59,9.98,7.43,9.6,27,21,24,78,6,0,124165,15035,True,3,38,9,0.45,9,1,Low
CMR2023381,Paul Wilson,20,Female,EEE,1,A,CMRIT,Dr. Arvind,9.63,5.96,5.15,5.12,7.56,5.76,9.33,5.57,7.79,23,20,25,85,8,4,41323,62609,True,1,54,6,0.64,1,6,Medium
CMR2023531,Mark Jimenez,18,Female,MECH,4,A,CMRIT,Prof. Kavya,5.56,6.94,5.53,9.67,6.03,8.8,8.68,6.49,7.21,30,23,29,53,8,0,84526,99617,False,0,26,9,0.74,9,5,High
CMR2024052,Lindsay Smith,23,Male,ECE,2,B,CMRIT,Prof. Meena,10.0,6.84,8.37,6.78,7.64,7.04,7.45,7.27,8.0,22,28,28,79,0,1,61203,75802,True,1,49,6,0.87,12,4,Low
CMR2023277,Marie Christian,20,Male,EEE,4,B,CMRIT,Prof. Meena,6.16,5.3,5.1,7.88,7.77,6.34,8.24,9.45,7.03,21,27,29,62,7,3,95902,122525,False,0,22,5,0.5,3,8,Medium
CMR2023601,Jennifer Simpson DVM,19,Male,CIVIL,1,B,CMRIT,Prof. Meena,6.54,8.96,9.32,7.56,9.8,7.65,9.58,5.11,7.75,23,21,25,93,0,5,68292,136326,True,2,62,9,0.98,7,10,Medium
CMR2023642,Joshua Rice,19,Female,CIVIL,4,A,CMRIT,Prof. Kavya,9.63,8.73,6.07,6.47,5.96,6.9,6.04,5.07,6.86,22,27,30,90,8,6,84027,141575,True,1,56,5,0.37,4,1,High
CMR2023997,Christina Johnson,20,Female,MECH,1,B,CMRIT,Prof. Kavya,9.65,5.67,7.45,5.55,7.73,7.05,6.68,7.09,7.66,28,21,28,66,3,1,145125,31740,True,3,29,7,0.45,12,6,Medium
CMR2023712,Timothy Edwards,19,Female,CIVIL,3,C,CMRIT,Prof. Kavya,7.16,9.53,8.99,6.3,9.22,8.25,8.39,5.24,8.24,27,23,30,69,7,2,47886,11636,False,0,63,9,0.87,3,8,Medium
CMR2023980,James Oconnor,18,Male,MECH,3,B,CMRIT,Prof. Kavya,7.64,7.77,8.38,6.74,6.71,5.4,8.16,7.16,7.11,20,29,30,62,5,5,26186,65856,False,0,32,4,0.63,14,5,High
CMR2023023,Tommy Walter,21,Female,CIVIL,3,B,CMRIT,Prof. Kavya,9.15,5.43,9.41,6.22,7.32,8.05,6.89,5.14,7.6,25,22,27,75,0,8,60605,98015,False,0,63,6,0.92,11,5,High
CMR2023371,Debra White,23,Female,CSE,1,A,CMRIT,Dr. Ramesh,9.59,9.61,8.84,6.0,6.64,6.59,9.98,7.43,9.6,27,21,24,78,6,0,124165,15035,True,3,38,9,0.45,9,1,Low
CMR2024128,Anna Briggs,22,Female,AIML,4,B,CMRIT,Prof. Kavya,7.01,6.11,9.92,6.38,7.94,9.85,5.1,9.54,7.73,25,28,28,78,3,5,6833,128440,True,3,28,6,0.88,2,3,Low
CMR2023887,Dana Ruiz,20,Female,MECH,3,C,CMRIT,Dr. Ramesh,6.49,9.57,7.32,6.77,8.85,8.76,7.46,9.94,7.96,20,29,25,42,2,6,135617,63398,False,0,22,6,0.71,10,9,High
CMR2023439,Jason Rhodes,21,Female,EEE,3,C,CMRIT,Dr. Ramesh,7.79,7.18,6.74,5.13,6.83,7.33,8.35,8.64,6.83,23,29,28,63,8,3,55065,105258,False,0,42,9,1.0,3,8,Medium
CMR2023299,Amber Obrien,20,Male,CSE,4,A,CMRIT,Dr. Arvind,9.16,9.11,7.6,6.18,5.36,8.0,7.19,5.48,7.26,27,29,21,98,7,0,27422,20908,True,3,60,9,0.35,2,1,Medium
CMR2023412,Julian Conner,20,Male,AIML,2,C,CMRIT,Prof. Kavya,6.52,7.76,5.61,8.62,8.94,5.18,6.18,7.2,7.13,27,21,20,43,4,6,135785,13848,False,0,55,8,0.57,13,2,High
CMR2023439,Jason Rhodes,21,Female,EEE,3,C,CMRIT,Dr. Ramesh,7.79,7.18,6.74,5.13,6.83,7.33,8.35,8.64,6.83,23,29,28,63,8,3,55065,105258,False,0,42,9,1.0,3,8,Medium
CMR2023889,Kristen Sloan,20,Female,EEE,3,C,CMRIT,Dr. Arvind,9.78,5.57,6.54,7.57,7.13,6.34,9.55,7.61,7.16,22,23,20,46,6,2,136297,141834,True,2,86,7,0.79,12,5,High
CMR2023921,David Kelly,23,Male,MECH,3,C,CMRIT,Dr. Ramesh,8.81,5.41,6.13,6.36,6.36,7.38,8.33,9.17,6.74,30,23,30,45,0,1,76730,144848,True,2,25,8,0.68,11,5,High
CMR2024133,Caitlin Perry,21,Female,ECE,3,A,CMRIT,Dr. Ramesh,7.26,7.91,9.14,8.72,5.68,8.2,9.63,6.42,7.82,23,24,27,81,8,3,97971,33606,False,0,23,9,0.48,5,10,Low
CMR2023827,Claudia Jordan,23,Female,CIVIL,1,C,CMRIT,Prof. Kavya,8.68,9.85,6.51,7.71,7.46,7.16,8.17,9.15,9.27,23,23,23,61,7,8,49605,117721,False,0,32,6,0.91,0,3,High
CMR2024009,Blake Orr,20,Male,CIVIL,2,B,CMRIT,Prof. Kavya,7.77,6.72,7.25,6.02,9.11,5.11,9.31,5.82,6.94,28,30,28,95,6,4,102836,76297,False,0,100,4,0.47,6,10,High
CMR2023462,Riley Bryant,21,Female,EEE,1,A,CMRIT,Prof. Kavya,9.24,8.79,7.9,8.96,8.61,6.83,8.28,5.71,9.02,23,27,23,88,4,5,74339,30460,False,0,29,7,0.93,7,4,Low
CMR2023510,Rebecca Hicks,19,Female,AIML,4,B,CMRIT,Prof. Meena,7.3,7.26,9.76,7.32,6.69,8.33,5.67,7.65,7.5,23,23,23,65,2,7,56013,100267,False,0,90,7,0.56,4,4,High
CMR2023601,Jennifer Simpson DVM,19,Male,CIVIL,1,B,CMRIT,Prof. Meena,6.54,8.96,9.32,7.56,9.8,7.65,9.58,5.11,7.75,23,21,25,93,0,5,68292,136326,True,2,62,9,0.98,7,10,Medium
CMR2023378,Anthony Moore,22,Female,AIML,4,C,CMRIT,Prof. Kavya,7.02,6.59,5.79,6.15,8.55,5.63,5.59,7.88,6.65,26,30,24,80,2,0,149940,46694,False,0,46,4,0.37,6,1,High
CMR2023297,William Barrett,19,Female,MECH,2,C,CMRIT,Dr. Arvind,5.96,8.39,9.96,8.46,7.66,6.26,7.8,7.27,8.19,26,30,30,71,5,8,18595,89672,False,0,72,6,0.39,8,8,High
CMR2023387,James Padilla,19,Female,MECH,1,C,CMRIT,Dr. Ramesh,6.3,8.92,5.55,9.74,5.38,6.65,8.06,9.06,7.61,24,22,22,80,7,1,125768,36431,True,2,38,8,0.92,14,7,Low
CMR2023419,Jake Campbell,22,Female,AIML,3,A,CMRIT,Dr. Arvind,6.15,6.57,9.86,8.47,7.23,9.79,7.05,5.4,8.01,28,28,21,99,8,3,99973,131918,True,3,73,5,0.7,13,3,Medium
CMR2023712,Timothy Edwards,19,Female,CIVIL,3,C,CMRIT,Prof. Kavya,7.16,9.53,8.99,6.3,9.22,8.25,8.39,5.24,8.24,27,23,30,69,7,2,47886,11636,False,0,63,9,0.87,3,8,Medium
CMR2024154,April Davis,18,Male,ECE,4,A,CMRIT,Prof. Kavya,5.26,8.3,8.62,5.99,6.37,9.68,7.66,9.39,7.66,20,22,22,61,5,4,114731,74388,True,2,98,7,0.76,2,1,High
CMR2023991,Brian Harris,18,Female,CIVIL,1,A,CMRIT,Prof. Meena,9.57,7.28,7.17,6.34,6.83,8.97,8.97,8.36,8.43,29,25,21,96,1,4,52265,61804,False,0,20,8,0.56,12,2,Low
CMR2023089,Aimee Montoya,20,Female,ECE,1,C,CMRIT,Dr. Arvind,8.92,7.25,6.14,7.77,6.88,5.93,7.93,6.9,8.09,29,24,23,87,6,5,24269,26505,False,0,39,7,0.8,10,3,Low
CMR2023136,Robert Potter,18,Female,ECE,4,C,CMRIT,Dr. Arvind,7.17,8.43,5.67,9.98,7.45,8.75,5.82,9.53,7.85,26,20,23,64,4,8,63804,39394,True,0,95,8,0.42,5,1,High
CMR2023526,Todd Moore,19,Female,EEE,1,B,CMRIT,Dr. Arvind,6.02,6.48,5.14,8.22,7.11,6.84,8.88,9.96,6.25,27,30,26,69,4,2,46150,121428,False,0,33,6,0.62,3,10,Medium
CMR2023638,Maria Fisher,23,Male,AIML,4,C,CMRIT,Dr. Arvind,5.69,9.76,9.73,7.59,5.65,5.14,8.38,9.86,7.72,22,25,26,78,7,8,19231,148649,True,1,24,4,0.49,8,8,High
CMR2023794,Jerry Brown,23,Female,CSE,1,C,CMRIT,Prof. Meena,9.69,8.14,8.93,9.87,6.73,5.09,8.33,9.46,8.91,21,20,20,48,8,3,126804,50322,True,0,53,7,0.59,0,2,High
CMR2023141,David Douglas Jr.,21,Female,CSE,1,B,CMRIT,Dr. Arvind,5.06,9.34,7.62,8.72,8.62,6.12,9.78,9.37,7.2,28,28,29,93,8,0,29967,118468,True,3,64,9,0.77,6,3,Medium
CMR2024077,David Carter,18,Female,CSE,1,C,CMRIT,Prof. Meena,7.48,9.91,9.88,8.35,5.14,5.65,5.37,5.65,8.7,21,28,22,93,0,4,149102,97492,True,1,49,9,0.4,9,8,Low
CMR2023807,Robert Gonzales,19,Male,ECE,1,C,CMRIT,Dr. Arvind,9.46,5.78,9.24,8.51,8.47,8.1,9.33,7.89,7.62,24,28,24,78,1,0,136960,22290,True,0,21,6,0.94,11,7,Low
CMR2023473,Evelyn Williams,19,Male,CIVIL,3,B,CMRIT,Prof. Meena,8.74,6.07,6.61,6.14,6.81,5.99,9.86,6.3,6.73,29,20,22,43,8,5,36245,112683,False,0,70,7,0.86,13,9,High
CMR2023894,Dr. Andrea Marshall,23,Female,EEE,1,A,CMRIT,Prof. Kavya,7.97,8.41,5.9,9.68,8.93,8.01,8.16,6.67,8.19,21,28,28,81,7,0,31153,45550,False,0,32,8,0.84,13,1,Low
CMR2023644,Edwin Nunez,21,Male,AIML,3,A,CMRIT,Prof. Meena,9.68,7.75,7.7,6.94,8.81,5.65,9.23,6.3,7.75,21,22,20,75,7,4,41921,131314,True,3,35,6,0.73,7,4,Low
CMR2023255,Kristen Davis,23,Male,CIVIL,3,B,CMRIT,Dr. Ramesh,7.14,9.96,7.06,5.28,6.22,6.17,6.56,5.42,6.97,21,24,21,72,6,4,93498,49506,True,2,24,7,0.76,6,10,Medium
CMR2023064,Jessica Callahan,19,Female,MECH,1,A,CMRIT,Prof. Kavya,6.52,5.81,9.67,6.13,9.74,7.59,6.42,5.39,6.16,23,30,28,77,2,2,76945,37812,False,0,98,8,0.37,10,3,High
CMR2024187,Donna Boone,22,Female,ECE,2,A,CMRIT,Prof. Meena,9.21,8.49,6.77,7.18,7.37,5.84,5.04,5.06,7.91,26,21,30,84,5,2,122133,58659,False,0,59,7,0.71,12,5,Medium
CMR2023669,Michael Morrison,18,Female,MECH,3,C,CMRIT,Prof. Kavya,6.84,6.32,7.57,6.55,5.62,7.79,8.76,7.52,6.78,24,25,24,61,2,3,17359,13240,False,0,52,6,0.76,4,8,Medium
CMR2023929,Alison Brown,19,Male,EEE,4,A,CMRIT,Dr. Arvind,5.2,8.5,7.23,9.04,9.38,5.02,8.19,9.06,7.7,26,28,29,50,3,8,20465,76288,True,3,37,8,0.4,7,7,High
CMR2023228,Michael Bradshaw,21,Male,CIVIL,3,C,CMRIT,Prof. Kavya,7.19,9.63,5.2,5.5,9.24,8.06,8.89,5.08,7.47,27,21,20,84,2,3,6893,52032,True,2,73,9,0.87,12,8,Medium
CMR2023057,Richard Aguirre,18,Female,MECH,1,C,CMRIT,Prof. Kavya,8.59,6.46,5.01,6.76,7.85,5.94,8.34,7.62,7.53,25,21,28,87,0,5,147627,137992,True,3,80,4,0.74,5,5,High
CMR2024077,David Carter,18,Female,CSE,1,C,CMRIT,Prof. Meena,7.48,9.91,9.88,8.35,5.14,5.65,5.37,5.65,8.7,21,28,22,93,0,4,149102,97492,True,1,49,9,0.4,9,8,Low
CMR2023366,Courtney Rodriguez,19,Male,ECE,2,C,CMRIT,Prof. Kavya,8.19,5.16,6.35,9.88,7.82,7.82,8.95,5.23,7.39,25,21,24,86,5,2,7222,98493,False,0,70,8,0.44,12,7,Medium
CMR2023496,Austin Osborne,23,Female,CSE,3,C,CMRIT,Dr. Arvind,9.74,8.64,8.57,7.45,8.52,9.71,9.93,6.08,8.77,27,24,28,95,0,0,84865,91647,True,3,38,8,0.99,9,6,Low
CMR2023777,Cody Davidson,22,Female,AIML,4,A,CMRIT,Prof. Meena,6.33,5.98,8.21,7.12,7.76,7.8,5.6,5.53,6.79,26,24,20,81,5,8,58240,84971,True,0,84,7,0.44,7,8,High
CMR2023669,Michael Morrison,18,Female,MECH,3,C,CMRIT,Prof. Kavya,6.84,6.32,7.57,6.55,5.62,7.79,8.76,7.52,6.78,24,25,24,61,2,3,17359,13240,False,0,52,6,0.76,4,8,Medium
CMR2024133,Caitlin Perry,21,Female,ECE,3,A,CMRIT,Dr. Ramesh,7.26,7.91,9.14,8.72,5.68,8.2,9.63,6.42,7.82,23,24,27,81,8,3,97971,33606,False,0,23,9,0.48,5,10,Low
CMR2023601,Jennifer Simpson DVM,19,Male,CIVIL,1,B,CMRIT,Prof. Meena,6.54,8.96,9.32,7.56,9.8,7.65,9.58,5.11,7.75,23,21,25,93,0,5,68292,136326,True,2,62,9,0.98,7,10,Medium
CMR2023002,Angie Henderson,21,Female,EEE,3,A,CMRIT,Dr. Arvind,6.78,8.35,8.51,8.42,5.36,8.17,7.67,6.22,7.6,27,26,24,98,5,3,62570,90008,True,1,24,6,0.58,1,4,Low
CMR2023128,Cameron Fisher,20,Female,ECE,3,C,CMRIT,Prof. Meena,8.02,5.45,7.21,9.57,7.04,7.42,7.58,6.87,7.45,20,28,22,52,3,0,22201,86559,False,0,37,8,0.92,0,3,High
CMR2023111,Shannon Walker,21,Male,EEE,3,B,CMRIT,Dr. Arvind,5.43,7.28,6.84,6.46,8.92,8.7,6.21,6.84,7.27,27,23,28,100,5,0,69258,44470,True,3,23,5,0.68,10,1,Medium
CMR2023242,Kevin Walters,21,Female,MECH,1,C,CMRIT,Dr. Arvind,6.99,8.58,7.14,6.93,5.06,6.72,6.54,7.23,7.79,28,21,23,86,6,2,121449,113949,False,0,56,5,0.86,14,7,Medium
CMR2024180,Michelle Walls,19,Female,MECH,2,C,CMRIT,Dr. Arvind,7.75,6.69,6.37,6.58,9.35,6.06,8.85,9.47,6.85,26,20,23,75,7,3,86478,141152,True,1,74,7,0.68,14,4,Medium
CMR2023685,Mr. Michael Scott PhD,19,Female,CSE,1,C,CMRIT,Dr. Arvind,6.14,9.08,8.97,5.27,7.85,6.0,5.16,5.35,7.61,26,29,25,96,8,4,8855,6206,False,0,52,9,0.88,10,2,Medium
CMR2024012,Peter Thompson,21,Female,EEE,4,C,CMRIT,Dr. Arvind,5.0,6.69,7.71,7.53,9.72,8.43,6.92,8.31,7.54,24,29,30,76,8,5,52369,58584,False,0,46,6,0.73,10,7,Low
