Q1,Q2,Q3,Q4,Q5,Q6,Q7,Q8,Q9,Q10,Q11,Q12,Q13,Q14,Q15,Q16,Q17,Q18,Q19,Q20,Q21,Q22,Q23,Q24,Q25,Q26,Q27,Q28,Q29,Q30,Q31,Q32,Q33,Q34,Q35,Q36,Q37,Q38,Q39,Q40,Q41,Q42,Q43,Q44,Q45,Q46,Q47,Q48,Q49,Q50,Openness,Conscientiousness,Extraversion,Agreeableness,Neuroticism,Name,Age,Gender
5,2,1,4,3,1,3,3,1,4,1,1,3,4,3,3,3,2,5,1,2,4,2,3,4,4,3,5,4,2,4,1,5,2,3,4,5,3,3,5,4,2,2,5,5,4,5,1,4,3,0.54,0.52,0.66,0.7,0.7,Daryl Lewis,26,Male
4,2,4,3,2,5,5,1,5,5,3,1,3,5,5,4,2,3,4,4,1,3,4,4,5,5,5,3,2,1,2,2,2,5,5,3,1,4,2,3,2,4,2,2,4,4,1,3,2,2,0.72,0.68,0.66,0.58,0.52,Dorothy Brown,26,Female
2,2,1,5,3,4,3,5,5,4,4,4,2,3,4,3,1,5,3,2,4,4,1,2,3,4,4,5,3,5,3,5,2,2,4,2,1,1,3,2,4,1,3,5,4,1,5,4,4,5,0.68,0.62,0.7,0.5,0.72,Shannon Walker DVM,21,Male
1,4,2,3,5,3,3,3,2,5,3,1,1,2,3,5,1,1,1,1,1,1,4,3,4,1,1,5,3,3,1,3,4,1,4,3,1,4,3,3,4,3,5,1,4,4,3,5,2,4,0.62,0.38,0.52,0.54,0.7,Michael Kennedy,26,Male
4,2,2,3,1,1,4,4,5,2,3,3,1,1,2,4,5,2,3,3,5,2,4,4,4,3,4,4,5,1,2,5,3,5,3,5,3,4,2,1,5,5,2,1,5,1,5,2,5,3,0.56,0.54,0.72,0.66,0.68,Justin Rogers,27,Female
4,4,4,3,5,3,1,4,5,5,5,4,3,3,5,4,1,4,3,1,5,2,2,4,3,5,3,4,1,5,3,3,3,2,2,1,1,2,1,3,2,1,5,2,1,5,1,4,3,3,0.76,0.66,0.68,0.42,0.54,William Martinez,28,Male
5,1,3,1,5,5,5,1,4,2,3,5,4,1,3,1,2,3,1,5,4,5,5,1,5,5,5,5,3,5,3,2,4,1,4,1,1,5,3,4,3,2,5,2,4,3,3,1,5,3,0.64,0.56,0.86,0.56,0.62,Benjamin Bartlett,29,Male
5,5,2,3,1,2,5,5,3,5,1,5,4,4,3,3,5,4,4,1,5,5,5,2,1,5,3,1,2,4,1,3,3,2,4,5,4,4,5,1,3,3,4,2,1,5,1,2,5,5,0.72,0.68,0.66,0.64,0.62,Dr. Misty Watkins,25,Female
3,3,3,3,3,1,1,1,1,2,4,2,2,2,1,5,5,1,3,3,5,3,2,5,3,5,4,3,2,3,1,2,1,4,3,5,5,1,1,4,5,4,2,4,4,5,5,2,3,3,0.42,0.56,0.7,0.54,0.74,Mark Brown,21,Male
4,1,1,1,5,1,1,5,5,4,1,3,2,4,1,5,4,1,2,1,5,4,1,2,2,3,1,2,1,3,4,3,1,1,5,1,4,2,2,5,4,5,2,5,5,3,4,2,1,2,0.56,0.48,0.48,0.56,0.66,Kevin Strickland,20,Male
3,5,5,4,3,5,5,3,1,1,3,4,3,5,1,3,5,3,4,4,3,5,5,2,2,3,4,2,5,2,5,4,5,4,1,5,3,5,1,2,2,1,5,4,5,3,1,3,1,3,0.7,0.7,0.66,0.7,0.56,Faith Stevenson,20,Male
4,5,5,3,2,3,3,4,3,3,1,1,2,3,2,1,5,2,1,3,5,2,2,2,2,3,5,2,1,3,3,3,4,5,3,5,3,2,4,2,2,3,2,3,1,2,5,2,2,4,0.7,0.42,0.54,0.68,0.52,Scott Brown,18,Female
1,4,5,4,1,4,3,3,3,1,4,5,4,1,1,2,3,1,5,2,1,1,5,1,4,5,3,4,3,5,3,1,5,2,5,2,5,1,2,5,3,1,5,4,2,2,2,2,3,1,0.58,0.56,0.64,0.62,0.5,Nancy Owens,26,Male
2,4,2,4,3,1,3,2,4,4,3,5,1,3,4,5,4,5,5,4,2,2,4,4,2,5,2,4,4,1,5,5,5,3,1,2,3,4,5,1,3,4,4,5,1,5,2,5,4,3,0.58,0.78,0.6,0.68,0.72,Steven Alvarez,22,Male
1,3,1,3,1,3,5,5,5,2,1,2,3,4,3,5,2,3,1,5,3,5,2,1,2,2,5,2,1,2,4,1,1,2,4,2,4,2,5,4,3,4,2,2,3,2,3,5,5,1,0.58,0.58,0.5,0.58,0.6,Donna Johnson,21,Female
4,5,1,2,3,1,1,5,1,1,2,1,4,5,2,1,2,1,3,4,4,3,1,3,5,1,3,4,3,2,4,2,4,5,1,3,3,3,3,4,1,3,4,5,1,4,5,3,4,2,0.48,0.5,0.58,0.64,0.64,Robert Miller,24,Male
5,3,3,3,5,2,5,2,5,5,1,2,2,1,3,4,2,3,1,1,2,2,2,5,4,3,2,3,1,4,2,5,5,3,1,4,2,2,1,5,3,5,2,4,5,3,4,5,5,3,0.76,0.4,0.56,0.6,0.78,Mrs. Laura Garcia,20,Male
1,4,4,3,1,3,3,1,1,2,5,1,2,5,2,5,4,4,2,4,1,3,4,3,1,3,1,2,5,5,3,5,4,2,4,4,3,4,1,4,4,3,2,5,3,2,5,1,5,2,0.46,0.68,0.56,0.68,0.64,Gail Rodriguez,25,Female
5,1,2,1,2,5,2,3,2,5,2,4,4,1,3,3,3,4,5,1,2,5,4,5,3,2,2,5,2,5,2,5,4,2,1,5,4,4,1,5,2,3,5,1,1,2,1,2,1,4,0.56,0.6,0.7,0.66,0.44,Danielle Thomas,26,Male
3,1,3,5,3,1,4,2,1,2,2,1,5,5,5,2,1,3,4,1,1,4,2,2,4,2,5,2,2,2,2,3,1,2,3,4,4,3,2,1,5,5,3,4,4,4,3,2,4,2,0.5,0.58,0.52,0.5,0.72,Isaiah Williams,27,Male
2,4,4,5,3,3,3,2,3,4,4,5,4,2,2,4,1,4,5,3,2,2,5,5,4,2,2,4,3,3,3,4,4,3,3,1,4,3,2,4,2,5,5,5,2,4,4,4,3,1,0.66,0.68,0.64,0.62,0.7,Chad Martinez,25,Male
5,1,5,4,1,2,2,4,2,1,4,5,4,5,1,3,5,1,1,1,2,4,5,1,4,5,2,3,3,4,5,4,1,1,1,3,4,3,5,4,5,5,3,1,5,3,4,5,1,1,0.54,0.6,0.66,0.62,0.66,Lisa Parsons,23,Female
4,1,1,3,1,4,3,1,5,2,3,4,1,4,4,3,4,2,5,4,5,1,4,3,2,4,1,5,5,1,1,2,1,2,1,3,5,3,4,3,4,4,5,5,3,4,5,4,4,2,0.5,0.68,0.62,0.5,0.8,Manuel Ford,28,Male
3,1,4,5,5,5,5,3,2,2,4,1,2,1,2,3,2,3,2,5,2,1,4,2,2,3,3,4,5,4,4,2,3,4,1,1,4,3,2,5,2,1,1,5,4,1,3,2,4,4,0.7,0.5,0.6,0.58,0.54,Michelle Lamb,26,Female
3,3,3,5,1,4,4,3,1,3,1,4,5,4,3,2,5,5,1,4,5,1,1,1,1,4,5,3,1,4,2,3,4,4,1,3,3,2,3,3,1,4,5,4,5,2,5,1,2,2,0.6,0.68,0.52,0.56,0.62,Kayla Hamilton,29,Male
3,1,5,5,4,5,4,4,4,4,4,1,3,2,4,2,4,2,5,1,3,3,3,2,1,3,3,5,1,1,3,4,2,3,4,2,2,2,4,4,1,4,5,4,1,4,5,1,2,2,0.78,0.56,0.5,0.6,0.58,Derek Johnson,22,Female
5,3,4,2,1,1,2,3,1,1,1,5,2,1,4,1,1,4,4,3,2,1,1,1,5,3,3,4,5,2,3,3,2,4,5,3,1,4,5,1,3,3,2,3,2,5,3,4,2,4,0.46,0.52,0.54,0.62,0.62,Patricia Greer,25,Male
1,3,2,4,5,4,3,4,4,4,1,1,2,4,3,2,2,3,4,2,3,1,5,4,3,1,1,1,4,4,3,3,3,3,3,2,5,3,1,2,5,2,3,1,2,3,3,4,5,5,0.68,0.48,0.54,0.56,0.66,Kyle Fleming,19,Male
4,3,4,1,3,3,1,3,2,4,2,3,5,5,1,3,2,2,3,4,3,4,4,5,2,1,5,4,2,2,4,4,4,4,3,2,3,4,2,5,3,4,4,2,1,4,4,5,4,5,0.56,0.6,0.64,0.7,0.72,Michelle Crawford,24,Male
2,2,4,3,5,2,2,2,2,3,4,3,1,5,1,4,4,4,4,3,3,1,2,1,1,5,1,4,4,5,1,3,3,4,4,2,1,2,4,1,2,4,2,1,1,5,4,5,4,1,0.54,0.66,0.54,0.5,0.58,Peggy Daniel,26,Male
4,5,2,4,5,3,2,3,4,5,3,2,2,3,2,3,3,2,4,4,4,2,1,3,1,2,4,3,1,5,3,1,3,2,1,3,4,4,5,4,2,1,3,4,1,5,2,1,3,1,0.74,0.56,0.52,0.6,0.46,Daniel Lewis,21,Female
4,1,5,1,2,4,4,1,4,2,3,5,1,2,2,1,2,1,2,1,4,2,3,4,5,2,5,5,1,4,4,1,4,5,4,4,5,1,5,5,4,1,1,1,3,5,4,4,2,2,0.56,0.4,0.7,0.76,0.54,Dr. Blake Juarez,19,Female
4,1,2,4,1,5,4,5,5,3,2,5,2,3,3,1,1,2,2,1,3,1,1,3,3,3,4,5,1,3,5,4,3,1,1,4,2,3,4,1,2,5,1,1,3,2,3,1,3,2,0.68,0.44,0.54,0.56,0.46,Andrew Garcia,28,Male
3,4,4,1,5,3,2,5,5,3,3,1,1,4,4,3,5,5,5,2,4,5,3,4,1,2,4,4,5,1,4,5,1,4,4,5,5,3,4,5,4,1,1,3,4,3,1,1,1,5,0.7,0.66,0.66,0.8,0.48,Bill Holden,22,Female
4,1,1,3,5,1,4,5,4,3,1,2,1,3,3,1,4,3,3,2,2,3,2,3,1,2,3,3,2,1,5,5,5,3,4,2,3,3,5,2,2,3,2,1,5,5,4,2,1,1,0.62,0.46,0.44,0.74,0.52,Vincent Downs,21,Female
2,2,5,1,2,2,4,1,1,4,5,5,1,3,5,1,4,5,1,5,4,1,3,5,2,2,4,4,1,2,5,2,4,2,5,4,5,2,4,5,1,2,2,5,5,4,5,1,5,1,0.48,0.7,0.56,0.76,0.62,Katherine Gregory,20,Female
1,2,1,1,1,3,5,1,2,1,1,4,3,4,1,2,3,3,4,4,2,4,4,1,2,1,1,4,3,3,3,3,4,2,2,1,3,5,4,5,5,1,2,4,1,3,3,3,4,2,0.36,0.58,0.5,0.64,0.56,Robert White,27,Female
2,5,3,5,2,4,4,2,4,4,5,4,3,4,3,5,5,1,4,4,5,1,4,4,1,2,3,3,1,5,2,1,5,3,3,5,5,3,4,5,3,4,3,4,3,5,3,2,1,1,0.7,0.76,0.58,0.72,0.58,Heather Fox,24,Female
3,3,1,1,4,5,4,5,1,5,5,2,4,1,3,5,3,4,3,3,3,1,4,5,3,1,5,1,4,2,3,3,4,5,4,3,2,3,4,4,5,5,5,2,1,5,3,5,3,3,0.64,0.66,0.58,0.7,0.74,Paula Brown,23,Male
1,5,5,3,3,1,3,2,4,2,5,3,4,4,5,4,3,3,2,1,3,3,1,2,1,1,1,4,5,1,5,2,2,5,3,1,5,2,2,2,4,2,1,1,4,4,1,4,3,5,0.58,0.68,0.44,0.58,0.58,Jordan Wilson,18,Male
5,5,5,1,5,4,2,4,1,3,2,2,1,5,3,4,1,1,1,2,4,5,5,3,5,4,3,3,4,3,4,3,1,4,3,1,1,1,4,4,4,5,4,5,1,3,4,4,2,2,0.7,0.44,0.78,0.52,0.68,Wayne Williams,21,Male
4,5,4,2,1,3,1,5,1,4,2,4,1,2,2,1,1,3,5,5,3,1,1,2,5,2,5,1,1,3,3,4,1,5,5,1,5,4,3,3,3,4,2,4,1,2,2,4,1,4,0.6,0.52,0.48,0.68,0.54,Aaron Zimmerman,18,Male
4,3,3,4,2,2,1,3,3,2,5,1,2,1,1,5,4,4,3,5,1,5,4,3,4,5,2,4,5,2,3,3,3,5,1,2,2,4,3,5,5,5,4,5,2,5,5,3,3,1,0.54,0.62,0.7,0.62,0.76,Dillon Bell,29,Male
5,4,5,5,1,2,2,2,1,5,1,5,4,3,2,5,4,1,3,4,1,1,3,4,5,4,3,3,1,3,5,4,5,5,3,3,5,2,5,5,2,4,4,2,5,1,3,2,1,2,0.64,0.64,0.56,0.84,0.52,William Dougherty,27,Female
4,5,2,4,4,3,4,4,3,4,1,4,2,3,5,1,4,4,4,5,1,2,4,5,4,4,5,5,5,5,1,4,5,4,2,3,3,1,3,3,2,1,2,2,5,4,3,4,1,3,0.74,0.66,0.8,0.58,0.54,Randy Gonzalez,23,Female
1,3,3,2,3,4,2,3,2,1,1,4,3,5,5,1,2,3,1,4,4,1,1,1,4,3,5,4,1,4,3,3,1,4,1,3,1,4,2,2,3,2,2,3,1,4,5,4,5,4,0.48,0.58,0.56,0.48,0.66,Kathryn Johnson,28,Female
2,3,3,2,2,2,4,5,5,5,5,3,3,3,2,2,3,4,5,1,4,2,5,4,3,1,4,3,5,5,3,2,3,4,5,3,5,1,4,4,2,5,4,3,3,5,4,1,1,1,0.66,0.62,0.72,0.68,0.58,Stephanie Marshall,21,Female
2,3,4,4,5,4,4,4,1,1,5,4,1,4,4,3,1,4,4,2,1,5,3,1,2,3,1,3,4,5,2,3,1,5,3,2,5,5,2,1,4,3,1,2,4,4,4,2,1,4,0.64,0.64,0.56,0.58,0.58,Gabriella Woodard,24,Male
3,4,5,2,5,4,3,5,4,2,2,4,1,3,2,3,5,5,2,1,1,5,1,2,2,1,2,2,5,2,3,2,3,3,3,5,1,3,3,1,5,5,4,3,2,1,2,4,2,5,0.74,0.56,0.46,0.54,0.66,Scott Aguirre,23,Male
5,3,1,5,1,4,5,2,3,2,2,4,5,3,3,2,1,2,1,3,2,3,2,4,2,3,5,4,1,1,2,1,4,3,1,5,4,2,4,2,1,3,3,5,5,1,5,4,3,1,0.62,0.52,0.54,0.56,0.62,Nathaniel Anderson,22,Male
3,3,3,5,4,2,5,2,1,4,3,5,4,5,4,1,3,1,3,3,1,4,2,5,4,1,3,3,4,2,5,1,2,4,1,4,1,4,5,3,3,2,4,1,1,1,2,3,3,5,0.64,0.64,0.58,0.6,0.5,Jesus Morrow,21,Male
4,1,1,1,2,3,5,3,3,2,3,4,1,1,3,2,1,5,4,4,3,2,1,5,3,2,2,3,3,4,1,5,5,5,4,3,3,5,3,2,1,3,4,3,2,2,5,1,4,3,0.5,0.56,0.56,0.72,0.56,Joshua Mann,28,Female
4,4,2,3,2,5,1,4,5,4,4,5,3,2,3,3,2,5,5,1,1,5,4,2,2,5,5,2,5,4,3,2,4,5,5,2,5,3,3,4,2,3,4,2,1,5,1,1,1,1,0.68,0.66,0.7,0.72,0.42,Sabrina Buchanan,18,Male
2,1,5,5,3,3,2,2,5,1,2,1,3,2,4,5,5,4,1,4,2,4,1,5,1,5,3,4,5,4,1,4,3,3,4,5,3,1,4,1,3,2,1,2,1,3,5,2,5,2,0.58,0.62,0.68,0.58,0.52,Crystal Ramos,24,Male
2,2,4,2,1,4,3,5,3,2,3,3,2,3,5,2,4,5,4,3,1,1,2,3,1,3,2,3,3,2,2,5,2,4,5,2,4,2,1,3,5,5,4,2,2,3,1,1,4,4,0.56,0.68,0.42,0.6,0.62,Leah Lara,29,Female
4,2,4,3,2,2,5,4,4,1,5,5,5,5,4,4,2,2,1,5,1,1,3,3,4,1,3,4,5,1,1,4,1,5,3,2,1,1,2,5,1,2,3,4,4,2,4,2,1,3,0.62,0.76,0.52,0.5,0.52,Kristy Jimenez,25,Female
1,3,1,2,4,1,5,3,3,4,4,5,3,3,5,2,5,4,3,5,1,4,1,3,1,2,4,2,5,3,5,3,3,2,1,1,3,3,4,4,4,5,5,3,3,2,4,5,2,2,0.54,0.78,0.52,0.58,0.7,Tyler Smith,20,Female
5,4,5,4,1,1,5,5,3,2,4,3,3,5,2,2,3,5,2,2,4,5,5,5,5,2,4,3,2,1,4,1,1,1,1,2,2,5,5,1,2,1,5,5,5,3,4,4,3,5,0.7,0.62,0.72,0.46,0.74,Edward Abbott,24,Male
2,5,2,1,1,5,3,2,4,4,3,1,1,5,5,5,1,3,1,4,5,5,1,1,1,1,2,4,3,4,3,2,3,3,4,2,4,5,4,1,2,5,5,5,2,2,5,2,5,1,0.58,0.58,0.54,0.62,0.68,Susan Pacheco,25,Male
2,2,4,4,1,4,4,5,1,5,3,2,3,4,1,5,4,4,2,4,5,2,3,2,5,3,3,1,5,1,4,3,3,4,4,2,3,2,1,1,5,1,4,2,4,3,2,2,3,4,0.64,0.64,0.6,0.54,0.6,Emily Kennedy,28,Female
1,2,4,3,4,5,1,4,4,4,1,3,5,3,4,5,4,2,2,4,1,3,5,2,5,1,4,3,2,5,2,2,3,1,5,4,1,5,3,5,3,5,3,4,4,1,3,5,1,2,0.64,0.66,0.62,0.62,0.62,Melanie Weber,26,Male
2,5,1,1,1,5,4,1,1,2,3,3,3,2,4,3,5,4,2,4,5,2,2,1,3,3,4,4,1,5,5,1,2,2,4,4,2,1,4,4,1,3,3,5,1,4,2,2,1,1,0.46,0.66,0.6,0.58,0.46,Mrs. Jasmine Cohen PhD,18,Female
5,3,4,5,2,1,3,4,4,5,4,4,3,2,3,4,1,5,5,5,3,1,5,5,5,3,3,2,3,1,3,3,5,3,5,4,5,5,1,3,5,4,5,2,4,5,1,1,4,3,0.72,0.72,0.62,0.74,0.68,Stephanie Hoffman,27,Male
1,2,4,5,5,2,3,4,5,5,4,2,2,2,2,4,5,3,1,5,2,4,2,3,2,1,2,1,1,3,5,5,1,3,2,5,5,1,2,4,3,1,5,1,4,2,5,3,1,1,0.72,0.6,0.42,0.66,0.52,Donald Yates,19,Female
2,2,1,2,2,3,5,5,4,3,4,2,4,5,1,5,3,1,4,3,3,4,2,5,5,5,1,4,5,3,3,2,2,3,2,1,4,3,4,3,4,3,4,1,5,5,3,1,1,1,0.58,0.64,0.74,0.54,0.56,David Grant,23,Male
2,3,4,2,1,1,1,1,4,2,4,2,5,1,1,5,4,3,4,4,3,4,2,3,1,5,3,1,4,2,5,4,1,3,1,3,2,5,3,4,1,5,3,5,3,5,1,4,2,3,0.42,0.66,0.56,0.62,0.64,Ryan Martinez,25,Male
2,4,5,4,4,3,5,5,2,1,5,2,2,2,1,1,2,5,5,4,1,5,2,2,2,1,5,3,4,2,3,5,3,4,5,4,1,1,5,3,3,3,2,1,2,5,5,4,4,3,0.7,0.58,0.54,0.68,0.64,Rebecca Martinez,21,Male
5,4,3,5,1,5,4,3,2,5,4,3,5,5,1,2,1,1,3,4,1,3,3,2,3,3,4,1,2,3,1,2,2,4,1,5,5,4,1,4,5,1,3,2,1,3,5,1,5,2,0.74,0.58,0.5,0.58,0.56,Marcus Casey,22,Female
1,3,2,3,3,5,1,3,1,5,2,4,3,4,2,1,1,2,4,2,3,2,4,2,4,4,5,5,2,5,3,2,5,5,4,1,5,5,2,4,5,5,4,4,1,3,3,5,5,2,0.54,0.5,0.72,0.72,0.74,Jason Alvarez,29,Male
3,3,2,4,1,1,4,4,1,5,1,3,1,5,5,2,5,2,5,3,3,2,2,5,2,2,3,1,5,3,1,5,4,5,2,5,1,3,2,1,1,5,3,5,5,1,1,2,3,1,0.56,0.64,0.56,0.58,0.54,Joseph Welch,28,Male
2,3,1,3,2,2,5,3,5,4,3,4,4,3,1,2,2,1,5,2,1,1,4,4,2,2,5,3,5,1,2,2,2,3,4,5,4,2,4,1,5,3,4,1,1,2,3,2,2,4,0.6,0.54,0.56,0.58,0.54,Shirley Miles,28,Female
2,4,2,4,3,4,2,2,1,3,4,2,3,1,1,5,1,5,4,3,4,4,1,4,3,5,1,1,4,4,2,5,4,4,1,5,3,2,3,4,5,3,5,2,4,4,4,4,1,3,0.54,0.58,0.62,0.66,0.7,Matthew Yang,24,Female
1,5,2,2,5,4,2,1,5,3,4,2,5,1,4,3,1,1,1,2,3,1,3,4,5,4,1,2,2,3,1,3,3,5,3,4,5,1,2,3,3,3,4,2,1,1,4,1,2,3,0.6,0.48,0.56,0.6,0.48,William Hall,23,Female
3,3,1,3,5,4,2,4,1,1,3,1,1,4,4,5,1,3,2,4,1,1,2,4,5,4,3,4,2,4,5,1,4,2,2,4,2,2,4,4,4,5,5,2,1,4,2,5,2,1,0.54,0.56,0.6,0.6,0.62,Kathleen Stewart,23,Male
4,2,2,4,4,5,1,4,2,1,4,5,4,5,3,4,3,3,1,3,3,5,5,5,4,2,1,3,3,1,4,5,1,4,5,4,4,1,1,5,3,5,2,3,1,5,4,3,4,2,0.58,0.7,0.64,0.68,0.64,Abigail Phillips,29,Female
1,4,4,4,2,1,4,4,1,2,2,3,2,5,5,2,2,5,3,5,3,4,3,5,2,4,2,3,4,5,2,3,4,2,4,2,2,2,4,5,3,1,4,2,4,5,3,1,2,4,0.54,0.68,0.7,0.6,0.58,Mr. Timothy James,26,Male
2,2,2,5,5,1,3,2,4,3,4,3,3,1,3,5,5,3,5,1,1,1,2,3,3,1,3,3,2,3,1,2,3,5,5,5,2,1,2,4,4,4,1,5,2,5,4,1,2,4,0.58,0.66,0.44,0.6,0.64,Jay Shields,25,Female
2,3,5,2,3,3,3,2,3,5,4,5,5,4,4,2,3,3,3,4,2,5,3,2,2,1,4,3,4,4,4,1,1,5,4,1,2,1,4,5,2,5,2,1,5,5,4,3,2,1,0.62,0.74,0.6,0.56,0.6,Linda Moore,29,Female
5,5,5,5,4,3,4,3,5,5,1,2,1,1,4,1,5,1,5,1,1,2,2,5,3,4,2,5,3,4,2,4,1,5,3,4,4,4,2,5,4,1,2,5,4,2,5,3,2,2,0.88,0.44,0.62,0.68,0.6,Patricia Bennett,22,Male
2,1,5,3,5,5,1,4,3,3,1,1,5,3,4,2,4,5,3,4,5,5,4,5,2,4,3,2,1,3,5,3,2,3,1,3,3,4,4,4,2,3,3,2,1,1,2,1,2,1,0.64,0.64,0.68,0.64,0.36,Allen Santiago,22,Female
3,5,1,3,5,5,4,2,3,3,1,1,1,1,5,4,4,2,5,3,4,2,5,5,1,5,2,2,5,1,4,2,5,3,2,3,1,2,3,2,1,5,4,2,1,1,1,4,5,2,0.68,0.54,0.64,0.54,0.52,Juan Mays,19,Female
1,5,2,2,3,5,5,3,5,4,2,4,1,2,2,1,5,2,4,5,4,2,1,2,2,5,3,4,5,5,3,5,4,3,5,3,1,5,3,4,4,5,2,3,5,3,4,1,5,4,0.7,0.56,0.66,0.72,0.72,Paul Stone,26,Male
2,2,2,4,5,5,1,5,3,5,5,3,3,3,4,3,3,1,5,3,4,1,2,5,3,1,2,3,2,3,5,5,4,3,1,4,5,1,1,4,4,5,2,4,1,5,5,1,4,3,0.68,0.66,0.52,0.66,0.68,Linda Olsen,28,Female
2,2,3,5,1,5,1,1,1,1,3,3,4,1,2,3,5,1,3,2,3,5,5,1,3,2,3,2,4,1,2,1,1,1,3,5,2,3,4,5,5,5,3,4,5,1,2,5,5,3,0.44,0.54,0.58,0.54,0.76,Amanda Kaiser,21,Female
3,3,2,3,2,2,4,4,2,4,3,5,5,3,5,1,5,5,5,2,4,3,5,1,2,3,4,4,4,4,4,5,3,3,2,2,4,4,3,5,2,4,2,4,5,4,5,2,4,1,0.58,0.78,0.68,0.7,0.66,Crystal Rhodes,26,Male
2,3,4,4,1,4,4,2,5,5,3,3,5,1,2,3,2,2,2,5,5,3,4,3,4,4,4,2,1,3,3,4,4,1,2,2,2,5,4,5,1,1,3,1,1,3,5,1,4,4,0.68,0.56,0.66,0.64,0.48,Benjamin Baker,29,Male
1,5,4,5,1,1,2,2,2,4,2,2,2,5,1,5,2,4,1,1,1,1,5,3,1,2,5,3,1,5,2,3,1,2,2,4,1,4,3,1,4,3,3,5,5,5,4,4,3,3,0.54,0.5,0.54,0.46,0.78,Eric Morris,29,Female
4,5,1,1,4,2,3,4,3,4,4,3,1,5,2,3,2,2,3,4,5,2,1,3,5,3,3,2,3,1,5,5,2,4,1,2,4,5,5,4,2,2,4,2,1,4,2,3,1,5,0.62,0.58,0.56,0.74,0.52,Sherry Gilbert,21,Male
5,2,4,3,1,3,2,4,1,4,3,3,2,2,2,3,2,4,5,2,3,5,4,3,5,2,5,1,2,4,1,4,4,3,1,4,5,5,1,1,1,3,1,3,3,1,4,4,5,4,0.58,0.56,0.68,0.58,0.58,Christy Rodriguez,25,Female
2,4,2,4,4,3,1,4,1,5,1,4,5,2,5,2,4,4,2,3,4,1,2,5,3,1,5,3,5,4,5,1,4,2,3,1,3,1,3,4,3,4,5,3,3,1,4,3,3,4,0.6,0.64,0.66,0.54,0.66,John Smith,27,Female
2,2,2,5,3,5,4,5,3,2,4,1,4,4,4,1,1,5,3,5,1,5,3,2,3,3,5,2,4,2,3,5,4,2,5,2,3,4,2,3,5,4,4,1,3,1,5,1,2,2,0.66,0.64,0.6,0.66,0.56,Penny Walker,25,Female
3,1,2,5,2,1,2,2,2,3,2,1,1,4,3,5,1,3,4,3,3,2,2,2,5,1,1,4,5,3,4,4,4,3,5,5,5,5,3,4,1,2,1,4,4,2,5,4,2,1,0.46,0.54,0.56,0.84,0.52,Brandon Roberts,23,Female
5,4,5,1,4,3,4,3,2,1,5,3,4,2,3,5,3,1,1,2,1,1,2,4,4,4,5,1,1,3,5,4,4,1,1,3,1,5,3,5,5,2,5,1,2,3,4,2,1,2,0.64,0.58,0.52,0.64,0.54,Colton Wells,26,Female
4,1,5,5,5,4,5,1,4,2,3,1,1,5,5,4,5,3,3,1,3,3,2,3,5,4,3,3,5,1,1,4,3,4,3,3,3,4,3,5,4,5,3,3,5,2,4,5,1,2,0.72,0.62,0.64,0.66,0.68,Christopher Williams,26,Male
4,2,2,2,5,3,3,3,1,5,3,1,5,1,1,5,3,1,5,2,2,2,5,2,4,1,2,2,5,5,4,4,5,3,2,4,3,1,2,3,4,1,2,5,3,3,3,3,2,1,0.6,0.54,0.6,0.62,0.54,Geoffrey Cole II,23,Female
3,1,4,1,1,2,2,1,4,4,5,1,5,3,4,1,3,5,4,3,2,2,5,4,3,1,1,5,1,2,1,4,5,1,4,3,3,2,4,4,2,4,1,1,2,2,1,1,3,4,0.46,0.68,0.52,0.62,0.42,Amy Williams,26,Male
2,2,5,4,5,4,4,1,2,4,5,3,5,1,3,1,5,4,2,2,4,3,3,1,1,4,2,2,3,5,4,5,1,5,5,1,1,1,4,5,2,5,5,4,3,2,2,1,1,2,0.66,0.62,0.56,0.64,0.54,Timothy Phelps,21,Female
4,4,2,3,1,2,3,1,2,4,5,2,5,5,1,5,5,4,5,1,4,2,2,3,5,2,4,2,3,3,4,1,3,2,1,2,4,2,5,4,2,2,5,5,1,2,4,1,5,4,0.52,0.76,0.6,0.56,0.62,Katie Mcintyre,26,Female
2,5,3,5,1,5,4,4,4,5,2,5,3,2,4,1,2,2,1,2,2,4,5,1,5,3,1,2,5,5,5,4,4,2,5,1,2,1,3,3,3,3,5,1,1,4,2,1,2,1,0.76,0.48,0.66,0.6,0.46,Jennifer Potts,23,Male
3,2,2,3,5,1,2,5,2,1,4,5,2,3,4,4,4,5,1,2,2,2,2,1,5,4,4,4,5,1,5,2,3,3,2,3,1,2,1,5,1,2,2,4,5,5,4,4,1,5,0.52,0.68,0.6,0.54,0.66,James Moreno,20,Female
3,3,3,3,1,4,1,5,1,4,3,3,4,3,1,1,3,2,3,2,2,3,3,1,5,3,3,2,3,3,1,3,3,3,1,4,4,3,2,4,3,5,3,3,3,1,3,3,4,3,0.56,0.5,0.56,0.56,0.62,Anthony Wilson,28,Male
2,4,1,3,4,2,5,5,3,3,4,1,4,5,4,3,2,4,1,1,1,1,3,5,4,3,5,3,2,4,5,4,1,4,4,2,2,4,1,2,5,4,5,3,3,2,1,1,1,3,0.64,0.58,0.62,0.58,0.56,Cesar Riggs,19,Male
4,2,1,4,4,5,3,4,2,4,2,5,1,1,5,4,3,1,2,2,5,3,5,2,4,2,4,1,1,3,4,4,5,5,4,1,1,1,1,1,2,5,3,1,1,5,2,1,1,3,0.66,0.52,0.6,0.54,0.48,Jaclyn Ward,18,Female
5,1,1,5,4,1,2,2,1,4,3,1,4,2,2,5,3,4,3,1,3,1,4,5,2,5,1,1,4,2,4,5,3,3,2,3,1,4,3,4,1,3,5,3,3,5,5,2,3,5,0.52,0.56,0.56,0.64,0.7,Lee Grant,28,Male
5,2,2,3,2,3,3,1,1,1,1,4,5,4,5,3,3,4,4,5,3,5,4,5,5,2,4,2,3,4,3,1,1,5,3,5,5,1,3,1,1,4,2,5,1,1,5,5,2,5,0.46,0.76,0.74,0.56,0.62,Kenneth Cortez,21,Male
1,4,3,5,2,4,2,2,5,2,5,1,5,4,3,4,1,5,5,2,4,2,5,1,3,3,1,1,3,1,5,3,2,1,4,5,1,1,2,2,4,4,5,4,5,3,5,2,2,4,0.6,0.7,0.48,0.52,0.76,Ann Moreno,21,Male
2,1,5,2,4,4,1,2,3,3,3,4,1,3,5,1,3,2,2,1,1,1,5,2,2,3,3,5,2,3,2,4,2,4,1,2,4,5,3,5,1,5,3,1,4,3,1,5,2,5,0.54,0.5,0.54,0.64,0.6,Belinda Cline,24,Female
1,5,3,3,3,4,2,5,1,2,4,1,4,2,2,5,3,2,2,5,2,3,1,3,1,4,1,1,2,4,5,3,1,3,3,3,3,1,4,3,2,2,2,2,1,2,4,4,2,5,0.58,0.6,0.44,0.58,0.52,Christine Patterson,22,Female
4,1,4,4,5,1,5,2,2,4,3,2,5,3,1,2,4,3,5,1,1,4,3,1,1,4,4,1,4,4,3,4,3,5,1,4,2,2,2,5,2,5,1,5,1,3,3,1,1,5,0.64,0.58,0.54,0.62,0.54,Barbara Griffin,23,Male
1,5,4,4,3,2,3,2,4,1,3,3,2,5,3,4,2,5,5,2,2,4,5,2,3,5,1,2,2,1,4,4,3,4,1,5,3,4,5,2,2,1,3,4,1,4,4,5,1,2,0.58,0.68,0.54,0.7,0.54,Kenneth Ramsey,24,Male
3,5,4,3,2,4,1,2,4,3,5,4,5,3,2,3,1,3,3,1,5,4,3,3,5,2,1,5,2,5,5,5,4,4,5,2,3,2,1,2,4,5,5,1,3,2,2,3,3,2,0.62,0.6,0.7,0.66,0.6,Gregory Edwards,18,Male
3,4,5,5,2,2,4,4,2,3,5,5,2,4,5,2,5,2,1,1,3,4,4,5,2,3,2,1,2,4,2,3,2,2,2,1,4,4,3,3,2,4,3,4,4,2,5,5,2,2,0.68,0.64,0.6,0.52,0.66,Anthony Cantu,18,Female
2,2,1,5,3,4,2,4,2,5,4,3,5,5,5,2,3,4,2,3,4,1,1,3,5,3,1,3,3,5,5,2,4,5,1,1,1,1,3,4,5,5,4,4,3,1,2,1,1,3,0.6,0.72,0.58,0.54,0.58,Lisa Nguyen,25,Male
4,4,1,2,5,5,2,5,1,5,5,3,3,5,1,1,1,3,3,4,4,4,5,5,5,5,1,2,2,2,3,2,1,5,4,2,4,2,1,5,1,4,5,1,1,2,1,3,5,1,0.68,0.58,0.7,0.58,0.48,Jacob Powell,27,Female
3,2,1,5,4,4,1,3,4,5,3,1,3,2,2,1,5,5,5,3,4,2,1,4,2,4,3,3,2,2,3,1,5,5,1,4,1,4,1,4,3,5,3,3,1,3,5,1,1,2,0.64,0.6,0.54,0.58,0.54,John Marshall,24,Male
4,3,3,4,4,2,4,1,2,4,1,5,5,3,5,2,3,4,1,2,2,4,5,3,1,3,5,3,2,5,1,5,4,4,4,3,4,1,2,1,5,3,3,4,1,4,4,3,4,2,0.62,0.62,0.66,0.58,0.66,Darlene George,25,Male
1,4,1,5,3,1,3,3,5,5,2,5,1,5,5,4,2,3,4,2,4,5,1,4,5,5,2,3,2,2,1,4,3,4,4,3,2,5,2,3,4,1,5,2,3,2,4,3,5,5,0.62,0.66,0.66,0.62,0.68,Jose Murray,19,Female
2,3,2,2,1,2,2,3,3,4,4,4,1,4,4,1,2,5,4,1,2,3,4,5,2,3,1,3,2,4,4,1,3,4,4,5,5,4,4,1,3,3,2,4,5,2,2,4,5,4,0.48,0.6,0.58,0.7,0.68,Mary Cruz,25,Female
3,1,3,1,3,3,4,5,2,1,2,4,1,4,2,2,3,3,1,1,5,2,1,4,2,3,2,2,1,5,1,1,4,3,1,4,1,4,1,5,2,1,3,4,2,4,5,1,2,1,0.52,0.46,0.54,0.5,0.5,Gregory Walker,20,Female
3,3,1,3,5,5,4,4,3,3,3,4,2,4,1,5,3,5,4,4,1,4,5,4,1,4,4,1,3,1,2,4,4,2,4,5,3,5,3,3,2,1,4,2,2,3,2,5,1,4,0.68,0.7,0.56,0.7,0.52,Jerome Jackson,29,Female
2,2,1,3,2,4,2,3,5,2,1,3,3,3,2,3,3,4,5,5,1,4,4,1,3,4,5,5,5,3,4,5,1,5,4,3,5,4,2,5,2,2,4,4,2,3,5,2,5,4,0.52,0.64,0.7,0.76,0.66,Steven Smith,29,Female
1,5,3,1,1,2,3,3,5,5,2,2,3,4,2,4,3,4,2,4,2,1,1,3,4,5,1,3,1,3,5,1,1,2,5,3,1,4,3,1,3,1,4,1,2,3,5,2,2,1,0.58,0.6,0.48,0.52,0.48,Jose Rojas,19,Female
5,1,1,1,1,2,2,2,5,3,2,5,2,5,5,1,1,2,1,5,5,3,1,1,4,3,1,5,1,3,2,3,2,3,2,2,3,1,2,2,5,5,4,4,2,3,5,3,2,5,0.46,0.58,0.54,0.44,0.76,Wendy Campos,24,Male
3,4,1,1,3,4,2,2,5,2,5,5,4,4,5,3,4,4,1,1,1,2,1,5,3,1,3,2,1,1,1,4,4,5,1,4,4,2,4,3,1,5,1,3,4,2,5,3,2,1,0.54,0.72,0.4,0.64,0.54,Brittany Francis,29,Male
1,5,3,2,4,5,5,4,5,4,5,4,3,4,4,1,1,3,1,1,3,3,4,4,5,4,2,2,5,2,5,3,2,1,5,3,1,3,5,2,5,3,1,3,5,4,4,2,1,3,0.76,0.54,0.68,0.6,0.62,Patricia Sullivan,18,Female
3,3,3,4,4,5,3,1,5,3,5,4,5,2,2,1,2,3,2,1,3,3,2,1,2,1,2,5,2,5,1,3,1,1,5,3,4,3,4,5,3,5,3,5,3,3,1,3,5,4,0.68,0.54,0.52,0.6,0.7,Amanda Bennett,26,Female
3,1,4,4,4,3,2,2,3,4,4,1,2,2,5,5,3,4,3,4,1,1,3,1,1,3,1,2,1,1,5,1,1,4,1,1,4,1,1,2,1,3,4,2,2,3,3,4,2,5,0.6,0.66,0.3,0.42,0.58,Michael Young,27,Female
1,1,3,2,1,1,1,4,1,4,3,2,5,3,2,1,5,5,2,4,4,4,4,3,4,4,5,3,5,2,5,3,1,5,4,3,2,2,4,2,5,5,1,2,1,4,5,1,5,1,0.38,0.64,0.76,0.62,0.6,Alejandro Johnston,28,Female
4,1,4,1,4,5,5,2,1,5,2,1,4,1,3,1,1,3,2,2,2,2,1,3,2,2,1,5,5,4,2,5,3,5,2,1,1,3,1,1,2,5,5,5,1,2,2,3,4,3,0.64,0.4,0.54,0.48,0.64,Jay Buckley,26,Male
5,4,2,4,2,3,5,1,1,2,5,2,5,1,5,1,5,5,2,3,5,3,3,5,5,5,2,3,1,1,3,3,5,2,2,4,5,5,4,5,4,1,3,4,5,2,1,1,5,3,0.58,0.68,0.66,0.76,0.58,Samuel Ortiz,25,Male
4,5,3,3,2,3,2,1,5,4,4,1,1,5,3,1,1,3,2,4,2,4,5,2,5,2,1,3,2,4,4,2,3,4,2,2,5,4,5,5,1,4,4,3,1,5,2,4,2,2,0.64,0.5,0.6,0.72,0.56,Martin Fuentes,27,Male
4,4,2,4,2,3,5,5,1,5,2,5,3,1,4,1,1,2,4,1,1,1,2,2,2,1,1,2,2,1,3,2,4,3,3,4,5,3,5,5,5,1,5,3,2,5,3,2,1,3,0.7,0.48,0.3,0.74,0.6,Dennis Briggs,26,Male
2,4,4,1,2,3,1,2,5,4,2,4,3,4,4,5,5,1,2,3,5,2,1,5,1,1,3,1,1,4,3,5,1,2,2,2,3,4,5,1,5,3,1,1,5,5,4,5,4,5,0.56,0.66,0.48,0.56,0.76,Jonathan Cooper,22,Male
5,3,5,5,5,4,4,1,4,1,2,1,3,4,3,1,4,4,2,4,2,3,4,1,2,4,4,1,5,3,1,3,2,4,2,2,1,1,2,5,5,5,2,3,4,5,4,1,1,4,0.74,0.56,0.58,0.46,0.68,Heather Hobbs,18,Female
2,4,4,4,4,3,4,2,3,3,4,3,3,5,5,5,3,2,1,3,2,2,5,2,5,4,5,5,3,5,3,3,4,5,5,1,5,2,1,5,2,5,4,2,2,4,4,3,4,2,0.66,0.68,0.76,0.68,0.64,Ashley Ruiz,22,Male
1,2,1,2,2,4,4,5,2,4,4,5,1,1,1,3,4,3,1,2,4,3,2,5,4,2,4,4,4,3,4,1,2,5,2,5,3,2,5,5,1,2,3,5,5,2,1,2,4,1,0.54,0.5,0.7,0.68,0.52,Heather Powell,29,Male
3,3,2,5,4,2,2,2,4,1,3,2,5,5,1,5,4,4,1,3,2,3,1,3,3,2,4,3,4,2,2,2,2,2,1,5,5,2,5,4,4,2,3,3,3,4,1,5,4,2,0.56,0.66,0.54,0.6,0.62,Mr. Sean Simmons,28,Female
4,3,2,3,1,4,1,3,5,5,4,3,5,1,5,1,1,3,4,4,1,4,2,5,2,5,5,1,1,4,2,3,1,5,4,2,2,2,1,4,1,3,4,1,3,2,3,3,5,1,0.62,0.62,0.6,0.52,0.52,Collin Vasquez,19,Male
2,5,3,5,2,4,3,5,1,3,1,2,2,2,2,3,3,4,2,3,2,4,4,4,5,2,3,1,1,3,4,1,1,2,3,4,2,3,3,4,3,4,1,3,4,4,5,1,1,1,0.66,0.48,0.58,0.54,0.54,Natalie Beck,19,Female
4,3,3,3,4,3,3,2,4,3,3,4,5,2,5,3,1,1,5,4,1,4,3,5,5,5,5,2,4,4,5,3,1,2,2,5,2,4,4,1,3,2,5,4,2,1,3,3,5,2,0.64,0.66,0.76,0.58,0.6,Judy Brown,19,Male
4,4,4,3,5,1,5,1,1,5,3,4,5,5,2,2,4,5,2,4,5,1,1,2,3,3,5,5,2,5,4,1,2,4,1,2,5,1,2,5,1,2,4,2,2,1,3,1,2,4,0.66,0.72,0.64,0.54,0.44,April Williams,25,Female
1,3,3,1,4,4,2,3,2,4,2,4,5,2,5,4,1,1,5,2,1,1,3,5,5,3,4,4,5,4,3,5,3,1,2,1,2,1,5,2,1,5,2,2,2,4,4,1,2,2,0.54,0.62,0.7,0.5,0.5,Gerald Simpson,18,Female
3,4,2,1,3,3,1,2,3,5,1,1,2,2,2,2,2,1,5,5,1,1,5,3,3,5,1,5,4,1,3,1,4,4,4,2,3,3,1,2,1,3,3,4,2,2,5,3,1,1,0.54,0.46,0.58,0.54,0.5,Marie Bryan,21,Male
2,2,3,2,3,5,2,4,1,4,4,1,2,4,2,3,3,2,5,5,2,3,2,3,3,3,5,4,5,1,1,1,4,2,4,2,1,1,2,5,1,1,4,4,2,2,4,3,5,1,0.56,0.62,0.62,0.46,0.54,Jennifer Olson,27,Female
3,1,1,4,1,2,3,2,1,2,1,3,2,1,3,2,1,5,3,1,5,2,2,5,1,1,4,1,1,3,1,5,4,3,3,2,2,4,1,1,2,3,4,1,5,3,3,4,5,4,0.4,0.44,0.5,0.52,0.68,Bethany Davenport,19,Female
2,4,5,2,1,2,4,2,1,1,4,1,4,3,5,3,1,4,1,4,2,2,2,2,1,2,3,4,2,4,3,1,3,5,3,5,5,4,4,2,5,2,2,1,5,5,3,4,5,4,0.48,0.6,0.48,0.7,0.72,Gerald Wilkinson,28,Male
1,4,1,3,4,1,2,3,3,3,5,5,3,1,2,4,1,5,1,5,3,3,1,2,4,2,5,2,2,5,2,5,2,5,2,4,1,3,4,2,4,2,1,4,1,1,2,4,4,1,0.5,0.64,0.58,0.6,0.48,Randall Brock,29,Male
4,5,4,2,4,5,4,5,2,4,1,3,5,1,4,2,5,3,2,4,4,2,3,3,3,4,5,5,2,3,2,3,3,1,3,1,1,3,2,2,1,5,1,2,2,5,4,2,1,3,0.78,0.6,0.68,0.42,0.52,Stephanie Bates,29,Male
3,3,5,1,4,5,1,2,5,3,1,5,5,2,3,1,1,4,1,5,3,2,3,2,1,3,5,2,3,3,2,1,1,2,4,5,3,2,1,1,4,2,2,4,1,3,4,4,2,5,0.64,0.56,0.54,0.44,0.62,Stephanie Perez,26,Male
3,2,1,5,4,5,3,1,3,5,1,3,3,1,4,4,3,3,4,3,4,1,1,4,1,3,4,1,5,2,1,5,3,4,1,3,4,4,5,2,3,5,4,1,5,1,1,2,3,4,0.64,0.58,0.52,0.64,0.58,Amber Carpenter,23,Female
3,3,1,4,1,4,5,5,4,2,1,4,2,4,5,3,3,3,5,4,3,5,1,2,4,4,3,1,5,3,5,1,1,5,1,5,2,4,4,1,4,4,1,3,4,2,1,4,3,4,0.64,0.68,0.62,0.58,0.6,John Evans,26,Male
4,3,4,1,2,4,5,1,1,3,4,2,3,1,1,5,1,3,4,3,2,5,2,4,2,4,1,2,4,3,3,5,2,1,3,3,5,4,2,2,2,4,3,5,1,1,4,4,3,2,0.56,0.54,0.58,0.6,0.58,Karen King,26,Female
2,5,1,2,3,5,4,1,3,1,4,4,2,3,5,2,1,1,4,2,1,4,2,1,1,2,2,2,4,4,4,1,3,3,2,4,4,2,5,1,5,5,4,2,3,5,4,4,5,4,0.54,0.56,0.46,0.58,0.82,Carl Evans,22,Male
5,2,4,5,2,1,1,4,5,2,4,5,5,1,5,1,3,3,5,1,1,2,1,3,3,2,4,3,3,2,3,2,5,4,1,3,1,4,3,2,1,2,2,3,2,1,1,4,4,3,0.62,0.66,0.48,0.56,0.46,Gina Cunningham,27,Female
2,5,1,4,2,1,5,5,5,2,5,3,3,2,5,3,2,1,2,5,3,3,2,5,3,2,4,3,2,4,3,1,3,2,4,3,3,5,2,4,2,2,4,5,2,3,3,3,1,5,0.64,0.62,0.62,0.6,0.6,Tiffany Watkins,29,Male
1,4,2,4,1,3,2,5,5,4,5,2,5,3,2,2,3,4,3,5,3,5,5,2,4,2,3,4,2,4,3,1,3,2,5,4,3,4,1,3,3,3,5,5,1,3,2,3,3,2,0.62,0.68,0.68,0.58,0.6,Jeremy Randolph,28,Female
4,5,3,4,5,4,4,3,5,1,4,5,3,3,3,2,3,1,3,5,3,2,1,1,1,3,4,4,3,4,1,3,2,2,4,2,4,3,1,2,1,3,1,5,5,5,1,5,4,1,0.76,0.64,0.52,0.48,0.62,Sherri Buck,22,Female
4,3,1,3,5,5,1,4,4,5,5,2,5,1,4,5,2,4,2,5,1,3,2,5,3,2,2,3,2,4,3,1,5,1,5,3,4,3,5,3,1,2,1,1,5,1,1,1,1,3,0.7,0.7,0.54,0.66,0.34,Angela Rodriguez,25,Female
4,3,4,3,5,2,3,5,4,5,2,3,1,3,2,5,2,3,4,4,3,2,5,4,2,2,5,2,5,3,3,1,3,4,3,1,1,5,4,5,2,2,1,2,2,4,2,2,5,5,0.76,0.58,0.66,0.6,0.54,Kristen Johnson,27,Female
4,1,2,4,1,1,1,2,3,5,2,5,1,4,3,5,4,2,5,2,2,4,5,3,3,5,2,4,4,5,3,5,1,3,3,4,4,3,3,5,1,2,4,3,1,2,2,5,4,2,0.48,0.66,0.74,0.68,0.52,Brianna Leonard,22,Male
3,5,1,3,2,3,3,3,2,2,1,3,1,1,4,3,1,2,5,5,1,4,4,4,1,5,2,3,4,1,2,4,5,1,2,5,3,5,3,2,1,3,1,5,5,4,4,4,3,4,0.54,0.52,0.58,0.64,0.68,Charles Delgado,24,Male
5,3,3,2,3,3,3,3,2,1,3,1,1,1,3,3,2,5,1,1,5,5,3,4,2,3,2,1,4,3,5,3,3,4,4,2,5,5,4,4,5,4,3,2,5,2,1,1,3,3,0.56,0.42,0.64,0.78,0.58,Jesse Ross,27,Male
4,5,3,2,3,3,5,4,2,3,3,3,2,4,5,2,3,5,1,5,2,1,2,5,1,5,2,1,5,2,2,1,3,2,4,5,3,1,5,5,4,5,2,1,1,3,5,5,4,2,0.68,0.66,0.52,0.62,0.64,William Rivera,26,Female
5,3,5,1,5,1,3,5,5,1,2,2,5,5,1,2,2,2,2,1,1,3,1,3,1,1,1,4,4,3,3,5,3,4,1,1,2,1,1,5,4,3,3,5,3,3,5,3,4,5,0.68,0.48,0.44,0.52,0.76,Chelsea Holland,23,Male
4,1,2,4,3,2,1,5,3,5,4,5,4,5,5,5,3,2,1,1,5,1,1,2,4,3,1,3,4,4,4,2,5,1,1,1,3,1,4,5,5,4,1,4,1,2,5,4,5,3,0.6,0.7,0.56,0.54,0.68,John Moreno,20,Male
1,2,4,3,3,2,1,1,5,5,5,5,4,2,5,3,4,5,3,3,3,1,4,3,5,4,3,5,5,2,4,2,3,5,3,4,3,5,5,4,3,1,4,3,4,1,3,3,4,2,0.54,0.78,0.7,0.76,0.56,Michelle Yang,28,Male
1,3,3,3,5,3,2,5,4,4,4,5,3,5,4,4,4,1,3,5,2,2,4,5,4,1,4,1,3,1,3,2,1,5,1,5,4,2,1,2,2,5,5,2,1,5,5,4,1,3,0.66,0.76,0.54,0.52,0.66,Alejandra Sweeney,20,Female
1,1,3,3,5,5,5,5,5,2,5,5,1,3,4,2,5,1,1,2,2,4,3,1,2,4,3,3,3,2,4,1,3,3,5,3,2,4,4,1,5,3,4,5,4,3,3,1,5,1,0.7,0.58,0.54,0.6,0.68,Sean Freeman MD,23,Male
5,2,3,4,1,1,1,2,4,4,1,4,4,5,3,4,3,4,3,5,1,2,1,4,3,3,1,1,4,4,4,2,1,2,3,1,3,5,5,3,4,5,2,5,2,3,1,1,4,4,0.54,0.72,0.48,0.58,0.62,Nathan Drake,26,Female
5,2,2,3,2,4,4,5,4,3,5,3,2,2,2,4,4,1,3,2,1,3,1,3,5,4,4,1,4,1,4,4,1,2,4,2,3,4,2,5,4,1,5,4,1,3,4,2,4,1,0.68,0.56,0.54,0.62,0.58,Heather Fischer,29,Male
2,5,4,2,2,5,5,3,4,1,3,3,4,3,3,4,1,3,2,3,5,3,5,3,2,1,4,1,4,4,3,1,5,5,2,3,5,2,5,2,2,1,1,5,1,1,3,1,3,3,0.66,0.58,0.64,0.66,0.42,Ryan Miller,29,Male
1,4,1,5,3,1,5,4,2,2,5,3,3,5,5,2,1,1,3,4,5,2,1,5,4,2,1,2,3,3,3,1,2,5,3,3,5,1,5,3,1,5,3,5,1,1,1,4,5,4,0.56,0.64,0.56,0.62,0.6,Brian Michael,19,Female
2,3,2,3,2,2,1,2,5,4,3,2,1,5,3,4,5,3,1,1,3,2,2,3,1,5,2,1,4,1,3,5,3,4,4,2,2,4,4,3,2,4,2,3,5,1,1,3,5,2,0.52,0.56,0.48,0.68,0.56,Julia Payne,29,Female
5,4,4,5,1,3,3,2,3,2,2,1,2,1,4,1,3,2,1,2,4,4,5,5,1,3,3,1,1,5,2,4,2,2,5,2,4,5,4,2,4,4,4,4,4,2,2,3,5,1,0.64,0.38,0.64,0.64,0.66,Ashley Bullock,29,Male
2,5,3,2,1,3,1,1,2,2,2,2,2,5,2,3,1,2,5,2,2,1,3,4,1,2,1,3,5,4,3,4,4,3,2,4,1,5,5,3,1,1,2,1,1,1,4,4,4,2,0.44,0.52,0.52,0.68,0.42,James Jones,24,Female
1,5,2,5,2,5,2,1,4,4,2,2,1,1,2,3,2,4,3,1,5,1,3,4,3,1,5,2,3,5,2,2,4,3,5,3,1,4,1,4,5,2,4,2,3,2,1,2,2,4,0.62,0.42,0.64,0.58,0.54,Juan Wilkinson,27,Male
3,4,4,3,4,1,3,1,2,5,1,5,5,4,5,4,5,3,3,3,1,4,4,1,4,4,1,3,2,5,1,2,3,1,2,1,4,1,4,2,1,5,5,3,3,5,1,3,1,2,0.6,0.76,0.58,0.42,0.58,Eugene Watts,26,Male
4,5,1,5,5,4,5,1,4,5,2,2,4,4,1,3,2,1,1,3,4,5,5,3,3,2,1,5,3,3,4,4,4,2,3,1,5,1,5,2,2,2,4,1,4,3,4,3,1,2,0.78,0.46,0.68,0.62,0.52,Connie Cruz,26,Female
5,3,5,1,4,2,2,5,1,4,1,3,1,3,1,4,5,2,1,4,4,3,4,5,4,3,2,2,3,2,5,1,3,4,2,2,4,5,1,5,2,1,5,5,1,2,5,1,5,3,0.64,0.5,0.64,0.64,0.6,Zachary Harrison,26,Male
3,5,3,5,1,2,1,1,5,4,5,1,5,3,1,1,4,3,5,1,4,5,5,3,3,4,1,3,2,1,4,2,5,5,3,2,1,5,1,3,2,5,3,1,3,1,3,2,2,1,0.6,0.58,0.62,0.62,0.46,Cynthia Sparks,20,Female
4,1,5,1,5,5,2,5,4,2,3,1,2,1,3,1,3,5,5,2,4,5,5,4,2,3,3,4,1,5,4,3,2,3,5,5,1,3,2,3,3,2,2,5,2,3,4,5,2,5,0.68,0.52,0.72,0.62,0.66,Robin Hughes,24,Female
5,5,5,3,4,2,3,1,3,1,5,4,1,4,3,2,2,4,3,3,5,4,2,5,5,5,2,2,5,1,5,1,2,5,1,2,1,3,2,5,5,3,1,1,2,5,3,2,5,2,0.64,0.62,0.72,0.54,0.58,James Mckee,25,Female
2,2,4,1,3,5,5,5,2,5,5,1,5,1,3,2,3,2,5,2,2,2,5,2,3,3,1,4,5,4,5,2,5,1,3,1,2,2,5,4,1,1,5,4,2,1,3,4,5,2,0.68,0.58,0.62,0.6,0.56,Tracy King,19,Male
5,3,4,3,1,5,5,1,3,3,1,2,5,5,5,1,2,4,1,2,3,5,5,2,2,5,1,3,2,4,4,5,3,3,3,4,4,5,3,4,3,2,5,5,2,2,4,4,1,4,0.66,0.56,0.64,0.76,0.64,Sally Schmidt,27,Male
2,5,4,4,2,3,2,4,4,5,3,2,3,5,3,1,4,4,5,3,4,2,4,2,3,5,4,3,4,3,4,4,4,1,2,2,4,3,4,4,5,1,3,4,5,3,2,5,3,5,0.7,0.66,0.68,0.64,0.72,Charles Arnold,18,Male
1,4,2,4,5,1,1,3,4,4,5,4,5,5,5,2,3,5,3,3,5,1,2,4,1,4,2,4,5,5,4,2,4,2,2,4,3,4,5,3,2,1,5,2,3,1,5,2,1,2,0.58,0.8,0.66,0.66,0.48,Yolanda Wheeler,22,Male
4,3,3,4,1,5,2,4,4,3,5,4,1,2,5,1,1,4,3,2,3,3,1,4,2,1,2,2,2,3,3,2,1,4,4,1,1,5,1,4,3,4,1,2,4,4,2,3,4,3,0.66,0.56,0.46,0.52,0.6,Jacob Craig,23,Male
5,1,3,3,5,2,3,5,2,5,1,1,4,1,2,5,1,1,4,4,2,4,5,2,2,4,2,1,2,5,5,2,2,5,3,5,3,1,3,2,4,2,5,5,1,4,4,5,5,1,0.68,0.48,0.58,0.62,0.72,John Davidson,23,Female
1,1,2,5,4,4,5,1,4,3,5,5,2,1,2,2,4,3,1,2,1,3,2,1,1,5,2,5,5,3,5,5,1,1,3,4,2,5,1,2,1,2,1,5,3,5,5,4,4,3,0.6,0.54,0.56,0.58,0.66,Christine Cook,26,Female
5,2,5,1,1,3,5,2,4,4,3,1,4,2,4,5,3,4,5,5,5,4,1,5,3,5,4,2,1,2,3,3,4,5,5,1,2,5,1,4,5,4,1,2,5,1,4,1,5,2,0.64,0.72,0.64,0.66,0.6,Kenneth Castro,20,Male
4,1,4,2,4,4,1,3,3,1,1,5,5,4,3,4,1,4,3,4,4,3,5,2,4,4,4,2,4,5,5,1,3,2,1,4,3,5,1,2,2,5,3,5,4,5,5,5,2,5,0.54,0.68,0.74,0.54,0.82,Lisa Ramirez,28,Female
2,2,1,3,5,2,2,4,5,4,3,2,5,2,4,4,4,1,2,4,2,2,1,3,5,2,1,1,2,4,5,2,1,3,1,5,3,1,4,4,3,2,2,3,5,5,5,4,4,4,0.6,0.62,0.46,0.58,0.74,Shawn Woodard,21,Male
3,5,3,2,1,3,5,3,3,5,1,2,3,2,3,3,5,4,3,5,4,2,4,4,5,4,2,5,3,1,4,3,3,3,2,3,1,4,3,5,4,2,1,2,5,5,2,4,5,2,0.66,0.62,0.68,0.62,0.64,Cynthia Briggs,25,Male
1,2,1,2,2,2,1,2,2,4,1,3,2,5,3,1,4,5,2,1,1,3,5,3,4,3,2,2,2,1,4,2,5,5,2,1,3,4,3,4,5,2,2,4,1,1,4,3,2,5,0.38,0.54,0.52,0.66,0.58,Harold Wang,21,Female
1,5,3,3,4,1,3,1,1,4,5,2,5,3,3,3,1,4,2,2,3,3,2,3,2,1,2,1,1,2,3,3,5,1,5,2,4,5,2,1,3,2,1,1,2,2,5,1,4,5,0.52,0.6,0.4,0.62,0.52,Jeremiah Walker,28,Male
2,5,3,2,5,1,3,3,5,1,1,2,1,1,2,2,1,3,2,5,1,1,3,1,3,1,1,2,1,1,2,4,2,3,3,1,1,4,3,5,3,4,3,5,5,4,2,2,4,2,0.6,0.4,0.3,0.56,0.68,Robert Baldwin,27,Female
4,2,1,4,4,3,3,3,5,1,1,5,4,3,5,3,2,4,2,4,5,5,5,4,5,3,4,3,4,1,1,3,4,3,5,5,2,4,3,4,3,3,5,3,3,5,2,5,5,1,0.6,0.66,0.78,0.68,0.7,Linda Nguyen,28,Male
1,3,2,1,5,5,1,4,1,2,1,1,5,3,1,1,2,5,5,1,2,1,4,2,5,1,2,2,5,5,4,1,2,1,2,1,1,1,1,5,2,1,5,1,4,5,1,3,4,2,0.5,0.5,0.58,0.38,0.56,Ian Hanson,28,Female
4,4,3,4,1,3,4,2,4,1,3,3,5,3,1,2,5,1,4,2,2,1,3,1,5,5,4,1,1,3,3,3,1,5,1,5,3,1,3,1,1,4,4,5,5,5,3,2,4,2,0.6,0.58,0.52,0.52,0.7,Samantha Miller,25,Male
5,4,2,3,1,1,1,4,3,3,5,2,1,5,4,1,3,2,5,1,3,2,1,1,3,2,4,4,5,4,1,5,4,3,4,5,3,1,1,1,3,5,4,3,4,3,2,4,5,3,0.54,0.58,0.58,0.56,0.72,Christina Kent,18,Male
2,2,2,3,4,3,3,5,4,5,2,3,3,2,3,1,5,4,2,4,2,5,5,4,1,2,3,2,5,5,2,1,1,3,5,3,4,3,5,1,3,4,1,3,4,3,5,2,2,4,0.66,0.58,0.68,0.56,0.62,Tyler Wright,21,Male
2,5,3,3,5,2,5,1,3,3,2,5,1,4,1,3,4,4,2,1,5,3,1,4,5,4,4,3,1,1,5,1,3,2,3,4,1,5,2,4,5,2,1,2,1,3,4,3,4,4,0.64,0.54,0.62,0.6,0.58,Joshua Hale,20,Female
3,4,1,3,2,1,4,4,1,3,3,3,3,2,2,2,1,4,3,3,1,2,3,2,5,2,3,2,4,3,4,3,2,3,2,2,5,1,3,5,2,4,3,5,1,4,5,3,5,1,0.52,0.52,0.54,0.6,0.66,Colin Pena,21,Female
5,4,5,2,1,1,3,3,3,4,1,2,5,1,1,2,2,3,4,5,4,5,3,1,3,5,5,1,2,3,3,5,1,4,5,1,5,1,2,2,5,4,5,3,5,3,3,4,4,4,0.62,0.52,0.64,0.58,0.8,Casey Mcdaniel,25,Male
1,1,5,5,1,3,1,5,5,4,3,1,3,5,2,3,4,1,5,4,4,4,4,5,3,4,2,5,2,2,4,4,3,3,5,4,5,1,4,5,1,4,1,1,3,1,3,1,3,5,0.62,0.62,0.7,0.76,0.46,Bruce Jackson,27,Female
4,2,2,2,4,3,3,2,5,2,4,5,4,4,1,2,4,2,5,2,5,5,2,4,2,1,1,1,5,4,3,5,3,5,5,1,1,3,1,1,4,5,2,2,1,3,3,2,5,3,0.58,0.66,0.6,0.56,0.6,Debbie Wood,20,Female
3,5,4,1,4,2,1,5,5,4,2,3,3,3,1,4,3,3,3,2,1,3,2,4,5,5,5,2,3,4,2,3,2,2,1,1,2,1,5,1,1,2,1,5,1,4,2,3,4,2,0.68,0.54,0.68,0.4,0.5,Zachary Perry,22,Male
4,2,2,5,4,3,4,5,2,1,1,2,1,3,4,5,3,3,3,5,4,2,2,2,1,4,3,1,1,4,3,3,4,3,5,5,4,5,5,2,4,1,2,5,3,4,4,5,3,2,0.64,0.6,0.48,0.78,0.66,Bradley Taylor,24,Male
4,5,4,1,1,2,4,1,4,5,3,1,4,4,2,1,3,5,5,2,5,2,3,4,2,4,2,5,4,5,1,1,2,2,1,4,4,2,4,3,5,5,1,2,2,1,1,5,4,2,0.62,0.6,0.72,0.48,0.56,Michael Gonzalez,29,Female
3,5,2,3,5,5,2,2,1,5,2,3,5,3,4,1,4,2,3,2,5,2,1,4,5,4,5,1,2,3,3,4,2,5,5,1,1,2,2,2,1,5,3,3,2,1,5,2,1,2,0.66,0.58,0.64,0.54,0.5,David Delacruz,26,Male
1,3,5,1,2,3,1,3,3,4,1,1,1,1,4,2,1,2,4,1,1,2,2,3,1,2,4,1,2,3,4,2,1,4,3,2,3,5,1,2,1,5,5,5,1,1,1,3,1,5,0.52,0.36,0.42,0.54,0.56,Catherine Mata,27,Female
4,4,5,2,3,5,3,3,2,5,3,4,3,4,2,5,2,5,3,4,3,3,3,4,2,4,5,1,3,4,2,4,3,2,4,4,1,2,3,4,3,2,5,2,2,4,3,4,4,4,0.72,0.7,0.64,0.58,0.66,Joseph White Jr.,21,Female
3,2,5,1,5,1,1,1,1,2,5,4,5,2,1,4,1,4,1,2,3,4,5,1,4,3,1,4,2,4,2,1,2,2,4,4,3,1,2,3,5,3,4,1,5,4,2,3,5,2,0.44,0.58,0.62,0.48,0.68,Lindsay Kirk,23,Female
5,5,5,1,1,2,1,3,2,2,1,1,1,4,3,3,3,2,4,1,3,2,4,2,5,3,4,3,4,3,5,1,4,3,2,3,2,3,4,5,2,1,2,5,3,4,5,2,5,1,0.54,0.46,0.66,0.64,0.6,Brian Khan,21,Male
1,5,3,5,1,1,4,3,1,2,1,1,1,2,5,2,4,3,4,4,1,3,5,4,1,1,5,3,2,3,2,5,4,5,2,2,5,1,5,4,1,5,1,5,1,5,3,5,5,2,0.52,0.54,0.56,0.7,0.66,Brandon Wells,26,Female
3,4,1,5,2,1,5,4,2,5,3,5,4,2,1,4,4,3,1,1,1,3,2,1,1,5,5,2,4,2,5,3,2,3,5,1,3,1,3,2,3,5,5,3,1,3,1,2,5,3,0.64,0.56,0.52,0.56,0.62,Christopher Meyer,18,Female
3,3,1,4,2,1,3,2,2,4,3,1,2,3,5,3,4,4,5,5,5,2,3,3,2,2,3,5,1,3,5,5,4,2,3,2,2,2,5,4,5,1,3,5,4,2,5,1,1,1,0.5,0.7,0.58,0.68,0.56,Theresa Rowe,29,Male
4,1,5,4,1,1,4,2,1,3,3,3,4,1,2,5,5,1,5,3,1,2,2,5,3,3,3,3,1,4,5,1,3,4,4,3,2,2,2,3,3,2,4,2,4,3,5,1,1,4,0.52,0.64,0.54,0.58,0.58,Todd Duncan,26,Male
4,5,3,3,4,2,2,2,5,3,1,2,2,4,3,3,4,2,1,5,5,4,3,3,1,2,5,3,3,5,4,3,2,1,3,2,5,2,5,5,5,2,3,5,1,1,5,5,5,3,0.66,0.54,0.68,0.64,0.7,Miss Angel Schwartz,20,Male
4,2,1,1,1,4,5,4,4,2,1,5,2,2,2,5,5,2,3,3,4,3,3,5,3,1,2,3,4,3,5,4,3,5,1,5,5,4,1,4,2,2,1,3,2,2,3,5,3,1,0.56,0.6,0.62,0.74,0.48,Holly Cortez,23,Male
5,1,5,2,1,4,5,5,2,5,1,2,3,5,4,2,5,5,5,3,5,5,1,1,5,5,3,4,3,4,3,1,5,1,5,5,3,3,4,2,4,5,2,2,2,1,4,5,3,3,0.7,0.7,0.72,0.64,0.62,Cody Walker,24,Female
3,4,4,5,1,4,1,1,2,4,4,4,4,1,4,1,1,1,2,4,2,1,1,5,2,3,2,4,4,5,1,4,3,5,5,2,2,5,3,1,1,1,5,1,4,3,4,2,3,3,0.58,0.52,0.58,0.62,0.54,Brian Galvan,29,Female
1,1,4,1,1,3,3,4,5,3,1,1,5,2,3,5,3,1,1,1,4,2,2,2,5,1,4,2,2,3,4,2,5,1,2,3,3,5,4,2,1,4,4,2,2,5,1,5,1,2,0.52,0.46,0.54,0.62,0.54,Daniel Ferguson,22,Male
3,3,1,4,2,3,5,1,5,3,5,1,1,2,4,5,5,5,1,4,1,1,1,2,3,4,2,4,3,3,4,5,2,2,2,2,4,5,4,4,4,3,3,2,5,5,4,5,2,5,0.6,0.66,0.48,0.68,0.76,James Mitchell,23,Female
2,4,1,5,3,1,1,5,2,1,2,3,1,4,5,3,5,2,3,2,1,3,1,2,5,5,5,5,5,1,3,5,1,5,5,3,4,1,3,2,2,4,2,3,1,4,3,5,4,3,0.5,0.6,0.66,0.64,0.62,Miranda Marquez,27,Female
2,2,5,1,1,5,1,4,4,4,4,4,2,3,3,2,4,2,4,5,3,4,5,1,4,5,2,3,5,1,1,1,3,3,4,5,3,2,3,1,4,5,5,5,2,3,1,2,5,4,0.58,0.66,0.66,0.52,0.72,Robert Fowler,25,Female
5,2,3,1,1,3,2,1,4,2,1,2,3,3,4,1,3,3,3,2,5,5,2,1,4,3,3,3,4,3,2,1,3,5,3,2,1,2,4,5,2,4,5,5,4,2,1,2,3,5,0.48,0.5,0.66,0.56,0.66,Jessica Johnson,23,Female
2,4,3,3,2,3,3,2,5,4,1,3,4,3,1,4,3,3,2,3,2,1,1,2,2,4,2,4,2,3,5,3,3,1,3,5,2,3,1,4,5,5,1,5,3,2,5,2,4,2,0.62,0.54,0.46,0.6,0.68,Tracy Ayers,29,Male
5,1,5,1,1,2,2,5,3,4,3,3,4,4,5,4,4,5,2,5,4,5,1,2,3,2,3,2,3,2,5,1,2,5,2,1,5,5,4,2,3,2,1,1,5,3,3,1,2,2,0.58,0.78,0.54,0.64,0.46,Jordan Fernandez,24,Female
4,4,4,1,4,1,1,4,3,5,4,4,3,2,1,5,1,4,2,1,2,3,2,4,1,3,4,1,3,3,5,3,5,3,2,3,4,2,2,2,3,1,5,3,1,2,4,2,1,2,0.62,0.54,0.52,0.62,0.48,Molly Chambers,21,Male
1,1,4,2,5,1,5,3,3,4,3,4,1,5,2,4,1,5,5,2,1,4,4,2,4,4,2,1,1,1,3,3,5,1,3,1,1,3,3,2,4,4,3,4,5,1,5,4,3,1,0.58,0.64,0.48,0.5,0.68,William Avila,28,Female
3,3,2,2,5,5,1,3,2,3,2,3,3,2,1,5,2,2,2,3,2,4,1,1,4,5,2,2,1,4,2,1,4,2,2,3,2,3,3,5,4,1,4,5,2,2,5,3,4,3,0.58,0.5,0.52,0.54,0.66,Scott Harrison,20,Female
2,3,3,3,3,4,3,4,1,1,2,1,2,5,5,1,1,3,4,4,5,2,5,1,5,4,1,3,1,1,4,4,4,4,1,1,5,1,3,3,2,2,5,1,1,4,1,3,1,4,0.54,0.56,0.56,0.6,0.48,Debra Bowen,26,Female
4,1,4,3,4,3,1,2,3,5,3,1,3,4,4,5,2,4,4,5,5,1,2,3,4,1,1,2,4,4,3,3,4,2,1,4,5,3,5,1,3,4,1,4,1,4,2,2,5,5,0.6,0.7,0.54,0.62,0.62,Marie Beasley,21,Female
3,4,5,2,1,5,4,2,3,4,5,3,5,3,3,5,2,1,2,4,3,2,2,5,4,5,5,3,3,3,5,3,5,1,2,3,5,2,3,2,4,3,4,1,4,1,4,2,4,2,0.66,0.66,0.7,0.62,0.58,Patrick Stanley Jr.,25,Male
5,2,1,5,3,5,2,3,1,1,2,4,2,2,5,4,1,5,4,2,3,2,4,2,2,3,2,4,4,2,1,3,3,1,1,1,4,2,2,1,4,2,1,4,2,5,5,5,5,1,0.56,0.62,0.56,0.38,0.68,Omar Rojas,25,Male
5,4,1,2,2,1,1,2,4,3,5,5,5,4,2,1,5,1,4,5,5,3,2,5,4,3,4,1,1,1,4,1,1,1,5,3,5,5,4,3,3,1,1,3,3,4,2,1,5,4,0.5,0.74,0.58,0.64,0.54,Lisa Hodge,24,Male
1,3,4,5,3,1,5,4,2,5,2,5,2,3,4,3,3,1,1,3,5,3,5,4,1,2,1,1,4,4,3,1,1,3,5,4,5,4,5,5,4,1,4,5,2,4,5,3,2,4,0.66,0.54,0.6,0.72,0.68,Lance Little MD,21,Female
5,4,1,4,2,2,5,1,5,3,3,2,1,2,2,5,3,5,1,4,4,2,4,1,3,3,5,2,3,1,5,3,2,2,3,1,1,1,1,2,3,2,2,3,5,3,3,4,1,2,0.64,0.56,0.56,0.42,0.56,Patrick Russell,26,Male
4,2,4,2,4,4,2,1,4,3,2,4,4,4,4,1,5,3,3,5,3,1,2,4,4,1,4,2,4,5,3,2,4,4,5,5,1,2,5,1,1,4,5,2,1,5,2,1,2,4,0.6,0.7,0.6,0.64,0.54,Bradley Little,27,Female
1,4,3,1,5,1,5,2,2,3,3,1,1,2,3,3,3,1,5,2,4,2,3,2,5,3,2,1,3,4,3,5,2,5,1,5,4,2,1,4,2,2,3,4,5,2,3,4,4,4,0.54,0.48,0.58,0.64,0.66,Sandy Fisher,21,Female
1,3,5,1,3,4,4,2,1,4,3,4,5,1,1,4,5,5,2,2,4,3,1,1,4,4,2,4,2,5,3,3,5,5,4,1,2,3,4,5,4,1,1,5,2,1,4,4,4,1,0.56,0.64,0.6,0.7,0.54,Desiree Maddox,18,Female
3,4,5,2,2,3,2,2,1,1,4,3,4,2,1,3,1,3,5,3,1,1,2,4,1,3,2,1,3,5,4,1,5,1,3,2,4,5,5,5,3,2,4,5,4,3,4,3,1,5,0.5,0.58,0.46,0.7,0.68,Jeffrey Smith,29,Male
3,1,1,1,1,5,3,5,2,3,3,4,2,4,5,4,4,3,4,5,5,3,4,1,2,4,2,3,1,3,1,4,4,2,5,1,3,4,5,2,1,1,2,3,5,2,4,5,1,2,0.5,0.76,0.56,0.62,0.52,Mitchell Moore,18,Male
5,5,5,3,2,3,3,2,2,4,3,1,2,5,1,4,4,3,4,2,2,4,4,5,1,1,1,4,5,4,3,1,5,3,5,5,2,3,2,5,3,4,1,5,4,5,3,5,1,1,0.68,0.58,0.62,0.68,0.64,William Good,25,Male
1,2,2,3,4,1,1,2,2,1,4,1,2,2,5,5,3,2,5,1,1,5,1,3,3,2,1,5,2,3,3,5,1,4,3,3,4,5,5,2,3,2,1,1,4,2,4,3,2,4,0.38,0.6,0.52,0.7,0.52,Michelle Hicks,27,Male
5,1,1,3,4,1,1,1,2,4,4,5,5,3,3,2,4,1,3,4,3,4,3,1,3,1,4,3,2,5,3,1,2,3,5,2,5,3,3,5,2,2,1,5,2,5,3,2,1,1,0.46,0.68,0.58,0.64,0.48,Kenneth Santiago,28,Female
3,3,4,3,3,1,2,3,1,3,2,3,3,5,2,4,2,5,2,4,4,4,2,4,2,1,5,5,4,4,4,2,2,5,3,2,1,3,2,1,5,3,5,2,4,2,1,2,3,5,0.52,0.64,0.7,0.5,0.64,Kimberly James,25,Male
2,4,1,2,4,2,1,1,2,1,1,4,3,5,1,3,3,2,2,4,4,2,5,5,3,1,2,1,3,5,2,5,4,1,4,5,5,5,2,2,2,5,3,4,4,3,2,2,2,3,0.4,0.56,0.62,0.7,0.6,Lisa Gonzalez,29,Female
1,3,3,4,5,1,1,4,3,5,5,5,5,1,1,2,2,1,5,3,1,5,1,5,1,3,4,2,2,1,5,1,4,1,1,2,3,1,3,2,2,4,1,1,1,2,5,5,3,1,0.6,0.6,0.5,0.46,0.5,Heather Powell,18,Male
4,2,5,5,2,3,5,4,2,5,1,4,2,4,1,2,3,5,2,3,3,1,2,4,1,1,1,3,5,5,5,5,1,5,1,3,3,5,1,2,4,5,4,3,1,4,4,1,1,4,0.74,0.54,0.52,0.62,0.62,Brian Rodriguez,24,Female
5,5,5,3,3,3,3,4,4,1,2,2,1,3,3,4,3,4,3,5,5,2,1,5,1,3,2,2,3,3,1,3,3,4,4,5,5,3,5,1,3,2,3,1,1,4,3,5,2,4,0.72,0.6,0.54,0.68,0.56,Brenda Wilkins,19,Male
5,1,1,2,1,4,1,1,1,5,5,3,5,5,2,5,3,1,1,4,5,4,4,4,3,2,1,5,2,5,5,1,2,3,5,5,2,1,5,4,2,1,2,1,3,4,4,5,2,1,0.44,0.68,0.7,0.66,0.5,Ralph Mann,18,Male
1,1,3,4,2,1,1,5,1,2,1,5,3,2,4,4,4,5,5,2,3,2,5,2,5,4,4,1,2,3,4,2,3,5,5,1,2,2,3,4,3,2,1,4,4,4,5,4,1,1,0.42,0.7,0.62,0.62,0.58,Veronica Nelson,24,Male
4,5,5,5,5,5,5,4,1,1,4,1,5,4,2,3,3,3,3,3,2,4,4,2,1,5,2,4,2,2,2,2,2,5,4,5,3,2,2,2,3,5,2,5,5,2,5,1,1,3,0.8,0.62,0.56,0.58,0.64,Keith Thomas,27,Male
4,4,3,2,5,1,3,1,3,1,2,3,1,3,1,4,2,2,2,3,4,5,5,2,2,2,5,1,1,3,5,5,2,1,3,4,5,5,3,5,4,2,5,2,5,2,2,5,3,3,0.54,0.46,0.6,0.76,0.66,Katherine Barber,18,Female
1,2,4,3,4,1,4,5,4,5,2,3,1,4,1,4,3,3,2,5,2,1,5,4,5,2,5,4,1,1,3,1,4,2,2,5,4,4,3,2,1,5,2,5,4,1,4,1,1,4,0.66,0.56,0.6,0.6,0.56,Dr. Kevin Schmidt,27,Male
3,3,2,4,4,2,1,2,4,2,5,3,3,2,3,1,3,4,5,4,5,3,3,2,2,5,1,3,3,2,4,5,3,1,4,4,1,3,4,1,5,1,5,4,3,2,4,5,4,2,0.54,0.66,0.58,0.6,0.7,Timothy Bennett,29,Female
3,5,3,4,4,3,5,4,1,3,3,2,2,4,2,1,5,3,2,1,2,1,1,4,3,5,5,2,4,3,4,1,3,1,5,5,4,3,4,3,1,3,3,2,3,3,1,3,1,3,0.7,0.5,0.6,0.66,0.46,Amy Wood,25,Male
3,4,5,1,4,4,4,4,5,1,4,3,5,3,2,1,3,5,2,4,4,2,2,3,4,3,1,2,1,5,1,2,1,4,3,1,1,2,4,5,3,3,1,4,2,2,2,1,2,4,0.7,0.64,0.54,0.48,0.48,Lauren Parsons,22,Female
2,2,3,4,5,5,4,5,2,4,4,5,5,3,5,5,2,1,3,1,3,4,2,1,2,3,1,2,5,3,4,5,2,4,1,1,4,5,2,1,2,4,5,1,5,2,2,3,2,3,0.72,0.68,0.52,0.58,0.58,Kristina Rivas,19,Female
2,3,2,3,2,1,3,3,5,5,1,3,3,5,1,5,1,4,4,5,2,3,1,5,5,3,2,1,2,3,3,1,2,4,4,5,2,1,3,3,1,4,4,3,5,4,5,1,1,5,0.58,0.64,0.54,0.56,0.66,Dr. Robert Rodriguez,20,Female
1,3,3,1,5,5,4,2,2,4,1,2,3,2,3,4,1,5,4,1,4,1,5,3,3,2,5,5,4,5,5,4,1,4,4,2,2,5,4,1,2,3,1,3,4,5,5,4,1,2,0.6,0.52,0.74,0.64,0.6,Thomas Morris,20,Female
5,5,4,3,1,4,5,5,1,3,5,1,2,5,1,5,2,4,4,1,3,2,5,1,4,2,4,3,3,5,5,3,4,5,3,2,4,2,3,4,5,2,3,4,5,3,4,5,4,1,0.72,0.6,0.64,0.7,0.72,Michele Owens,28,Female
3,2,4,3,3,4,4,5,3,5,2,5,5,5,4,1,2,5,3,3,5,2,1,1,5,5,1,5,4,4,5,4,1,4,5,3,5,3,3,4,1,2,3,3,3,1,2,1,5,1,0.72,0.7,0.66,0.74,0.44,Marissa Roberts,24,Male
5,3,5,4,2,2,5,2,2,5,1,3,1,5,3,5,2,4,4,3,4,1,3,5,2,5,2,2,2,4,5,5,2,2,5,5,3,1,5,4,5,2,2,4,5,4,2,3,5,4,0.7,0.62,0.6,0.74,0.72,Robert Boyd,20,Male
3,1,3,1,1,5,2,5,1,2,2,2,1,2,1,3,2,3,3,3,1,1,3,2,5,2,4,5,3,3,1,5,4,5,1,5,2,4,1,1,4,4,1,2,1,2,1,4,3,1,0.48,0.44,0.58,0.58,0.46,Alex Sharp,20,Male
3,4,2,1,1,2,5,5,2,3,3,5,3,3,1,2,4,1,3,2,2,5,1,2,4,3,5,2,5,1,3,1,1,4,4,1,2,3,2,2,3,3,1,2,1,2,2,3,4,2,0.56,0.54,0.6,0.46,0.46,Anthony Nguyen,23,Male
2,4,2,4,5,2,2,1,3,1,1,3,1,3,3,2,1,4,2,3,5,1,4,5,5,1,4,4,3,1,5,3,4,2,4,2,1,2,4,5,1,3,5,2,4,4,2,4,3,5,0.52,0.46,0.66,0.64,0.66,Charles Blankenship,22,Male
3,1,2,2,4,4,5,3,1,3,3,1,3,5,3,5,2,1,4,4,1,3,2,5,5,2,4,4,3,4,3,3,4,2,4,4,3,2,3,1,4,1,5,3,4,2,4,2,5,5,0.56,0.62,0.66,0.58,0.7,Terri Olson,26,Female
4,4,5,3,3,2,3,1,4,5,3,3,5,4,4,4,2,5,5,2,5,5,5,1,1,2,3,2,5,5,3,5,2,2,3,3,1,3,2,3,4,1,1,5,4,4,1,2,1,2,0.68,0.74,0.68,0.54,0.5,Joseph Woods,21,Female
3,4,4,1,4,4,1,4,4,3,1,4,1,3,1,3,1,2,5,4,4,3,2,3,5,2,1,2,4,5,2,3,2,3,3,4,5,2,5,2,4,5,3,1,1,2,5,2,2,2,0.64,0.5,0.62,0.62,0.54,Christina Newman,22,Female
1,2,2,2,4,1,2,1,2,3,2,5,5,4,1,4,5,5,1,3,5,5,1,4,2,2,4,2,1,3,2,5,4,2,5,3,1,2,5,4,1,3,3,1,4,2,5,4,2,2,0.4,0.7,0.58,0.66,0.54,Janet Frank,27,Female
2,4,3,3,5,3,1,5,3,2,1,5,4,1,5,1,4,2,1,4,5,3,2,5,5,2,4,1,4,1,4,4,2,1,2,4,1,1,2,2,4,4,1,2,4,2,2,1,5,1,0.62,0.56,0.64,0.46,0.52,Joshua Payne,28,Female
1,5,1,1,1,2,4,4,5,5,4,5,1,2,1,5,5,2,3,4,1,3,1,4,5,4,4,5,2,4,5,2,3,5,2,4,1,3,4,4,5,3,5,4,4,5,4,2,3,1,0.58,0.64,0.66,0.66,0.72,Donna Wright,29,Female
1,1,4,1,3,3,3,5,5,4,1,4,3,2,1,5,5,5,5,4,1,2,5,5,5,4,5,2,1,4,4,1,5,1,3,5,2,5,2,1,4,5,1,2,4,4,3,1,5,4,0.6,0.7,0.68,0.58,0.66,Steven Allen,26,Female
5,3,2,2,2,4,1,3,5,4,1,1,5,4,4,5,4,3,2,2,3,5,4,3,5,3,2,4,2,1,3,1,2,5,5,3,3,4,3,5,5,2,3,3,3,4,3,4,1,4,0.62,0.62,0.64,0.68,0.64,Dr. Christopher Stevens,21,Male
5,3,2,1,4,2,3,4,5,3,2,3,2,2,3,3,1,3,4,2,5,1,5,2,3,1,3,4,2,5,4,5,4,2,1,1,5,3,5,5,5,2,1,2,1,3,5,4,2,5,0.64,0.5,0.62,0.7,0.6,Brandon Moore,29,Male
4,4,5,1,4,1,5,5,4,2,2,1,2,1,2,4,2,2,3,5,5,5,5,4,5,2,5,2,2,1,3,4,2,2,5,3,3,1,3,2,3,2,4,3,5,5,5,2,3,5,0.7,0.48,0.72,0.56,0.74,Susan Reed,23,Female
2,3,5,4,2,4,4,2,4,5,4,3,5,2,4,4,3,2,5,2,5,4,3,5,1,2,3,5,4,3,2,5,2,1,4,3,1,5,1,3,5,5,5,2,5,2,3,5,2,2,0.7,0.68,0.7,0.54,0.72,Carlos James,19,Female
2,1,1,2,1,3,3,1,5,1,4,4,1,4,3,5,3,1,4,4,2,3,3,1,4,1,1,2,5,1,4,4,3,4,5,2,2,4,2,5,5,2,2,5,1,3,2,5,1,2,0.4,0.66,0.46,0.7,0.56,Adam Tanner,19,Male
4,1,1,5,1,1,1,2,3,1,2,2,1,3,3,3,2,4,3,2,1,4,5,4,4,5,5,1,3,4,3,4,3,5,3,1,5,2,4,1,1,1,1,4,2,2,5,1,4,3,0.4,0.5,0.72,0.62,0.48,Stacy Lopez,26,Female
5,1,1,5,3,4,3,1,3,1,2,4,4,3,4,1,4,4,4,3,3,4,4,4,5,5,1,2,3,5,3,2,1,5,5,2,1,3,1,4,5,4,2,2,2,4,3,1,1,2,0.54,0.66,0.72,0.54,0.52,Michael Glover,21,Male
4,5,4,5,5,4,5,5,3,4,4,2,2,4,4,5,4,2,5,1,1,3,2,3,1,4,2,2,2,2,2,3,4,5,5,1,5,1,2,4,5,4,4,5,1,5,5,3,3,3,0.88,0.66,0.44,0.64,0.76,Bill Martin,22,Female
3,5,4,5,4,1,2,3,4,3,1,5,2,1,1,2,2,2,4,5,1,4,2,1,2,5,4,5,3,1,3,1,3,1,2,2,4,2,5,1,5,3,1,5,5,1,4,3,4,5,0.68,0.5,0.56,0.48,0.72,Kim Liu,22,Female
1,4,1,5,1,2,4,1,4,5,3,3,5,3,4,1,2,5,5,1,2,1,5,5,1,2,3,1,4,1,2,1,2,4,1,4,2,2,1,2,3,1,5,5,4,4,4,2,1,1,0.56,0.64,0.5,0.42,0.6,Lisa Rodriguez,28,Male
4,1,5,1,1,4,1,5,5,4,3,5,3,4,5,2,2,3,4,1,2,1,3,3,4,5,4,4,3,3,3,4,1,2,1,4,4,5,5,3,1,2,2,2,2,3,1,2,4,2,0.62,0.64,0.64,0.64,0.42,Michael Howard,26,Female
2,4,4,2,1,2,4,1,2,4,4,5,1,4,3,5,4,3,2,1,1,3,1,5,1,3,2,3,1,2,5,4,4,4,1,5,5,1,3,5,5,4,3,4,2,1,3,5,5,5,0.52,0.64,0.44,0.74,0.74,Joseph Hall,18,Male
5,2,5,2,5,4,1,2,1,2,2,3,2,2,3,4,3,5,5,2,3,5,1,5,2,5,4,5,5,5,5,5,2,4,5,1,5,1,3,5,3,4,3,4,2,4,1,4,4,4,0.58,0.62,0.8,0.72,0.66,Mr. John Cole,21,Female
2,1,3,3,5,5,4,3,5,4,1,1,1,5,1,3,3,4,4,2,2,4,2,4,3,1,1,2,5,2,2,5,5,3,3,1,3,1,2,1,3,1,4,5,1,1,3,2,5,2,0.7,0.5,0.52,0.52,0.54,Katrina Hubbard,21,Female
1,3,1,1,5,2,2,4,4,2,3,3,5,1,3,4,5,4,2,3,1,2,2,5,4,4,5,3,5,2,1,4,3,3,4,5,4,1,2,3,5,3,3,1,1,1,2,3,3,1,0.5,0.66,0.66,0.6,0.46,Leslie Simmons,28,Female
3,3,3,4,2,5,1,3,5,1,3,1,4,3,5,4,3,1,3,1,2,1,2,5,3,4,5,3,1,5,1,2,4,4,3,4,2,5,3,3,3,1,3,2,1,5,3,5,3,4,0.6,0.56,0.62,0.62,0.6,Monica Baxter,28,Female
3,3,2,4,2,2,3,1,4,1,1,3,3,5,4,1,4,2,1,5,3,1,3,5,4,1,4,5,5,3,4,5,2,1,5,5,3,2,3,4,5,3,3,3,4,4,2,5,1,3,0.5,0.58,0.68,0.68,0.66,Keith Williams,22,Male
1,2,2,2,5,4,1,1,3,2,4,2,1,5,2,4,5,1,3,3,4,3,5,1,3,1,4,2,2,4,4,1,3,4,4,3,2,4,2,3,3,1,4,2,1,5,1,1,4,3,0.46,0.6,0.58,0.6,0.5,Marisa Pearson,19,Female
4,2,2,4,2,3,1,5,3,3,4,2,4,4,1,2,2,4,2,1,2,1,5,5,3,5,1,3,3,2,4,4,2,4,1,2,5,1,2,1,2,5,3,5,3,5,2,5,3,4,0.58,0.52,0.6,0.52,0.74,Erica Bailey,29,Male
3,5,5,3,3,3,1,2,4,5,4,4,2,2,5,1,5,5,1,3,1,2,4,4,5,5,3,3,5,3,2,4,5,2,5,3,3,5,3,1,4,2,5,5,3,1,2,1,2,1,0.68,0.64,0.7,0.66,0.52,Hayden Forbes,20,Female
3,4,1,4,1,4,1,5,2,5,4,2,5,1,1,2,3,5,4,5,4,4,4,3,3,1,2,1,5,2,5,1,3,2,4,2,4,1,4,4,5,4,1,1,5,5,2,2,3,2,0.6,0.64,0.58,0.6,0.6,Angela Wright,29,Female
2,2,1,5,5,3,1,3,2,1,5,3,3,1,1,3,1,2,2,5,4,1,1,2,3,4,2,3,5,1,2,2,5,5,2,1,4,2,3,3,3,4,5,3,3,2,5,2,1,3,0.5,0.52,0.52,0.58,0.62,Michael Glass,26,Female
3,4,4,4,2,4,1,3,3,5,1,5,3,3,1,5,5,3,4,5,3,2,5,4,1,2,5,3,4,3,1,1,3,1,1,4,4,1,1,2,3,4,5,1,2,3,4,4,1,1,0.66,0.7,0.64,0.38,0.56,Jill Mann,29,Male
4,1,3,5,3,2,4,2,1,1,3,4,1,3,5,2,3,4,2,4,4,3,4,1,2,4,5,3,1,2,3,2,1,4,5,5,4,5,5,2,1,2,3,4,5,5,2,2,3,5,0.52,0.62,0.58,0.72,0.64,Jordan Luna,21,Male
3,5,4,4,4,4,3,1,3,3,5,5,4,1,3,3,4,1,2,2,2,2,4,2,1,5,4,4,3,5,2,4,1,4,4,1,5,5,2,4,2,5,1,4,4,4,1,4,1,4,0.68,0.6,0.64,0.64,0.6,Vincent Parker,21,Female
5,4,4,2,2,5,3,1,2,1,1,3,5,1,2,3,1,1,4,4,4,5,5,3,1,5,1,3,1,3,4,4,3,2,4,1,3,1,1,5,5,4,1,3,5,1,2,5,4,1,0.58,0.5,0.62,0.56,0.62,Mary Harris,19,Female
5,5,4,2,3,4,2,4,4,2,1,5,5,1,1,5,4,5,4,4,3,2,5,1,2,3,3,4,4,1,4,4,5,5,3,3,2,3,4,2,3,2,1,4,4,4,2,3,5,1,0.7,0.7,0.56,0.7,0.58,Mark Sparks,26,Female
5,4,4,3,3,4,3,4,2,5,1,3,1,4,5,5,2,5,1,4,5,5,3,3,5,1,2,5,1,5,2,5,1,5,1,5,3,1,3,2,3,4,4,5,3,1,5,4,5,5,0.74,0.62,0.7,0.56,0.78,Sara Fry,24,Male
3,3,4,2,5,2,3,5,4,3,2,2,2,5,1,1,5,4,4,2,3,3,1,1,2,1,3,1,4,1,4,2,5,1,3,4,1,3,1,2,3,3,1,4,5,2,4,5,4,1,0.68,0.56,0.4,0.52,0.64,Walter Martin,21,Male
2,5,5,1,4,1,4,1,1,2,3,4,1,2,5,3,2,3,2,3,4,3,4,2,5,3,5,2,3,5,3,2,1,2,4,5,1,1,5,4,5,3,4,2,4,1,3,3,2,5,0.52,0.56,0.72,0.56,0.64,Frank Nguyen,18,Female
1,1,5,1,1,4,5,3,1,3,5,1,4,2,5,4,2,5,4,3,1,2,1,1,4,2,5,2,3,4,5,1,1,4,2,5,2,4,1,5,3,4,3,2,2,5,5,1,3,2,0.5,0.7,0.5,0.6,0.6,Kevin Lara,19,Female
5,5,2,2,5,5,1,2,4,1,3,4,1,1,2,3,5,5,5,1,5,3,4,4,3,3,4,2,2,5,5,2,4,1,2,2,4,5,2,2,2,4,1,5,1,5,1,2,5,3,0.64,0.6,0.7,0.58,0.58,Katrina Wu,21,Male
4,5,2,4,5,5,4,5,3,2,2,3,3,1,1,4,4,1,4,5,3,3,5,2,4,4,5,5,2,2,5,3,2,4,3,1,3,4,1,5,3,2,5,5,4,2,3,1,5,5,0.78,0.56,0.7,0.62,0.7,Megan Gomez,29,Male
5,2,5,1,2,3,3,3,5,1,1,5,2,4,5,1,4,4,5,3,1,3,2,3,1,5,1,3,2,4,4,5,3,4,4,2,3,1,2,4,3,4,2,1,5,5,4,1,4,5,0.6,0.68,0.5,0.64,0.68,Joseph Diaz,24,Female
5,5,5,4,5,4,1,4,5,3,2,3,4,2,1,4,4,2,3,4,3,3,4,4,5,4,3,5,2,2,1,5,3,1,1,1,1,4,5,5,1,2,3,5,2,1,2,2,4,1,0.82,0.58,0.7,0.54,0.46,Michael Livingston,18,Male
3,3,3,2,4,3,2,5,2,2,1,3,2,4,2,1,3,4,4,5,3,2,2,2,4,2,2,2,2,5,2,3,4,4,5,1,4,2,5,4,4,1,5,2,5,4,5,2,5,4,0.58,0.58,0.52,0.68,0.74,Jose Jackson,24,Male
4,5,5,2,1,2,3,1,1,3,5,2,1,5,1,4,1,2,5,3,4,2,1,2,1,4,1,2,4,1,2,1,5,1,3,4,5,5,5,1,4,3,4,2,1,5,1,4,4,5,0.54,0.58,0.44,0.64,0.66,Steven Carpenter,18,Female
1,5,2,2,3,4,5,3,4,5,3,4,5,5,4,5,4,5,5,5,2,5,1,5,2,3,2,4,4,5,2,5,5,2,2,5,3,2,5,1,2,4,3,4,2,4,4,3,5,1,0.68,0.9,0.66,0.64,0.64,Robert Harris,29,Male
3,3,4,2,4,4,3,3,1,1,4,3,1,3,4,4,1,4,1,2,1,3,3,5,2,1,1,2,5,1,1,1,2,4,5,1,5,3,2,5,4,4,5,1,4,2,5,5,2,1,0.56,0.54,0.48,0.58,0.66,Chris Diaz,26,Female
4,4,5,5,5,4,2,2,3,5,2,1,3,1,1,2,3,2,2,3,1,3,2,4,2,5,3,2,4,3,4,4,5,3,4,3,1,4,1,2,2,2,5,4,2,1,3,2,2,2,0.78,0.4,0.58,0.62,0.5,Thomas Russell,21,Male
5,4,5,1,3,4,2,5,5,4,4,3,3,5,4,4,1,2,1,3,1,1,3,4,3,3,4,5,5,5,3,4,4,3,1,1,2,1,1,1,5,3,2,1,1,4,3,3,4,4,0.76,0.6,0.68,0.42,0.6,Richard Baker II,19,Male
2,4,3,1,4,4,3,5,4,1,3,1,1,5,4,1,4,5,1,4,5,2,4,3,5,5,4,4,4,1,3,2,3,2,4,2,1,5,2,1,2,5,2,2,5,5,1,1,3,3,0.62,0.58,0.74,0.5,0.58,Amanda Charles,18,Male
1,2,4,4,5,3,1,2,1,5,3,1,2,1,4,5,5,2,2,4,4,3,5,1,3,3,5,2,2,3,2,1,3,2,5,3,4,5,5,3,1,3,4,5,1,3,3,5,4,2,0.56,0.58,0.62,0.66,0.62,Anthony Young,20,Male
1,2,4,5,4,4,5,2,4,2,4,5,1,4,1,1,5,3,1,2,2,4,5,1,5,5,4,5,5,1,5,5,1,1,5,3,4,1,5,2,5,3,4,3,1,3,5,4,5,1,0.66,0.54,0.74,0.64,0.68,Frances White,25,Female
5,1,3,3,1,1,3,2,5,4,5,3,4,3,1,4,5,5,1,4,1,4,4,1,3,3,3,2,5,5,1,3,2,1,1,4,1,4,3,2,4,3,4,1,4,3,5,5,2,4,0.56,0.7,0.62,0.44,0.7,Richard Michael,18,Female
3,1,1,3,5,4,4,4,2,1,5,5,2,5,3,1,4,3,1,1,5,2,1,5,4,3,4,4,1,3,4,5,4,2,5,5,1,5,5,5,5,1,5,2,5,1,2,2,3,1,0.56,0.6,0.64,0.82,0.54,Jessica French,29,Male
1,2,5,3,4,5,4,4,2,1,4,1,2,3,4,2,1,3,1,4,4,5,1,2,5,3,2,5,5,2,1,3,5,2,1,2,4,5,4,5,5,5,4,5,3,4,5,1,2,4,0.62,0.5,0.68,0.64,0.76,Brett Frey,19,Female
5,5,4,4,1,2,3,2,3,1,2,5,3,5,2,3,2,2,3,3,2,3,5,3,5,2,2,2,4,3,3,5,3,3,1,1,1,4,3,3,2,3,5,4,3,2,3,1,2,5,0.6,0.6,0.62,0.54,0.6,Rachel Kennedy,22,Female
2,1,4,3,3,5,4,4,2,1,5,3,2,3,3,5,3,5,2,4,4,3,2,4,2,4,3,1,5,4,3,1,2,5,4,2,4,2,1,2,2,1,2,2,2,2,1,4,1,5,0.58,0.7,0.64,0.52,0.44,Thomas Holland,21,Male
3,1,1,3,1,3,2,2,2,1,5,3,2,2,2,4,4,3,4,2,3,2,5,2,1,2,2,3,4,3,2,5,4,3,2,3,4,4,2,5,3,4,2,1,5,4,5,4,3,5,0.38,0.62,0.54,0.68,0.72,Jacqueline Kidd,22,Female
3,2,2,3,4,3,5,4,4,4,3,2,1,3,3,4,5,1,4,1,4,4,5,3,1,2,1,3,3,4,1,1,3,4,1,5,3,3,3,2,1,4,3,3,2,1,4,1,1,5,0.68,0.54,0.6,0.52,0.5,Jeremy Newton,23,Male
3,3,3,4,4,2,5,2,1,3,3,3,4,2,1,2,5,1,1,1,5,3,4,5,5,1,4,2,4,4,3,5,4,5,4,2,1,2,4,1,5,4,3,2,1,4,4,1,1,3,0.6,0.46,0.74,0.62,0.56,Louis Holt,25,Male
3,4,5,4,3,4,2,1,1,5,5,5,3,2,3,1,2,4,2,4,3,1,2,5,5,5,2,5,3,1,4,4,4,2,4,2,5,4,1,5,5,2,5,3,4,3,2,1,2,4,0.64,0.62,0.64,0.7,0.62,Brian Allen,29,Female
1,4,4,4,1,2,3,4,1,4,2,3,1,1,4,2,2,4,1,1,1,3,2,4,1,3,5,1,2,2,2,2,4,2,5,1,3,3,1,3,1,5,3,1,3,4,5,2,3,3,0.56,0.42,0.48,0.52,0.6,Mary Wilson,19,Female
2,2,1,4,4,2,2,2,5,5,5,4,3,2,5,5,1,4,2,1,3,5,3,5,2,3,3,4,3,3,3,2,3,5,5,3,4,1,1,2,5,4,4,2,2,3,3,2,5,3,0.58,0.64,0.68,0.58,0.66,Chase Mitchell,24,Female
5,4,3,4,1,2,4,2,1,1,4,1,5,5,2,5,3,5,2,5,3,1,5,2,4,1,3,2,4,1,3,4,2,1,5,4,2,5,1,2,5,4,2,1,1,5,2,2,2,3,0.54,0.74,0.52,0.58,0.54,Angela Griffin,25,Female
4,1,3,5,1,4,5,4,5,1,1,1,2,4,2,3,4,4,4,2,3,3,3,2,1,5,2,2,2,3,4,2,5,2,4,4,4,1,1,1,3,5,1,2,2,2,5,5,5,3,0.66,0.54,0.52,0.56,0.66,Antonio Williams,19,Male
1,1,5,4,2,3,1,2,2,1,1,2,2,4,4,5,5,2,1,5,5,5,4,2,4,4,2,2,1,2,5,2,5,2,3,1,5,3,3,1,2,2,4,4,1,4,4,5,1,5,0.44,0.62,0.62,0.6,0.64,Ashley Adams,26,Male
5,4,5,3,5,5,2,3,5,1,3,1,2,4,5,3,1,5,4,3,3,4,3,2,5,5,1,3,1,2,5,3,2,5,1,1,5,1,3,4,1,5,4,3,2,5,4,2,5,2,0.76,0.62,0.58,0.6,0.66,Mr. Jacob Richards,24,Female
2,4,4,2,5,5,3,3,1,1,2,4,3,2,1,1,5,2,1,2,2,2,2,4,1,1,3,4,5,1,1,4,3,3,2,2,3,3,5,5,4,1,2,4,2,3,4,1,4,2,0.6,0.46,0.5,0.62,0.54,Angela Evans,24,Female
4,5,4,5,2,3,1,2,3,1,5,1,1,3,5,5,3,3,1,5,2,3,2,1,3,3,4,4,5,1,4,1,3,3,3,4,2,2,4,5,5,1,5,5,5,4,3,1,5,1,0.6,0.64,0.56,0.62,0.7,Jennifer Howard,23,Female
5,4,5,5,3,3,5,1,2,5,3,3,1,4,3,4,2,5,1,2,3,2,3,4,4,2,4,4,5,4,5,2,5,2,2,4,5,1,1,4,5,5,4,5,1,1,4,3,3,3,0.76,0.56,0.7,0.62,0.68,Anita Matthews,21,Female
2,4,4,1,4,5,1,4,4,3,3,5,4,1,1,3,5,1,1,3,5,5,1,1,4,2,2,5,5,3,1,4,4,4,4,5,5,1,2,4,5,5,5,5,1,5,1,2,2,5,0.64,0.54,0.66,0.68,0.72,Faith Dillon,18,Male
5,5,3,5,4,1,3,2,1,1,5,1,2,2,2,3,1,2,3,1,3,1,3,4,5,1,5,1,2,3,5,4,2,1,3,3,4,5,1,4,5,3,1,4,3,2,5,4,5,5,0.6,0.44,0.56,0.64,0.74,Arthur Macias,28,Female
5,1,5,5,2,1,3,5,1,2,5,5,4,1,5,3,2,1,5,3,2,2,5,1,4,5,1,4,2,3,5,3,1,5,3,4,5,3,3,1,2,3,4,5,2,3,2,3,5,1,0.6,0.68,0.58,0.66,0.6,Jay Hubbard,19,Male
1,3,3,3,2,4,4,4,2,5,5,4,4,5,2,5,1,5,5,1,4,3,3,4,1,3,4,4,3,3,5,2,4,2,2,2,4,3,1,1,3,3,4,5,3,2,1,1,4,4,0.62,0.74,0.64,0.52,0.6,Scott Gilbert,21,Male
3,1,3,4,4,4,4,3,3,3,4,3,1,4,5,3,3,2,2,4,5,1,1,3,5,5,3,4,3,1,1,1,3,1,2,5,5,3,1,4,5,3,5,5,2,4,2,4,2,1,0.64,0.62,0.62,0.52,0.66,Samantha Melendez,29,Male
2,2,4,5,3,3,5,1,5,5,3,1,1,4,3,2,2,1,2,2,2,5,1,2,4,3,4,2,4,5,1,4,4,2,3,4,3,1,5,2,4,5,3,1,4,4,1,5,5,3,0.7,0.42,0.64,0.58,0.7,David Cook,28,Female
5,3,2,1,4,5,5,4,5,3,1,2,4,4,1,1,3,2,2,1,2,5,5,2,3,4,3,3,3,3,3,1,2,2,5,3,1,5,1,1,5,5,4,3,2,2,3,1,3,4,0.74,0.42,0.66,0.48,0.64,Annette Gonzalez,24,Female
4,1,2,5,5,4,2,1,5,2,2,2,4,2,3,5,2,4,5,4,3,3,5,5,4,3,5,2,5,1,1,2,2,4,3,2,4,3,5,4,3,5,5,2,5,1,4,3,3,2,0.62,0.66,0.72,0.6,0.66,Jennifer Floyd,20,Male
2,5,1,2,4,2,2,1,2,4,4,2,4,4,2,2,3,3,5,2,1,2,2,5,3,3,4,4,5,5,3,2,3,4,5,5,3,3,4,2,3,4,5,4,5,5,2,1,5,2,0.5,0.62,0.68,0.68,0.72,Laura Nunez,26,Male
5,2,4,3,5,3,2,2,3,1,3,3,2,4,4,3,2,3,2,5,5,1,5,2,4,5,4,5,2,2,5,4,1,5,5,4,3,4,3,1,3,5,2,2,1,5,1,5,2,2,0.6,0.62,0.7,0.7,0.56,Steven Harrell,28,Male
2,2,3,4,5,5,1,4,5,2,3,5,4,3,1,5,3,5,5,2,3,4,5,2,4,5,3,1,2,4,3,5,1,1,2,3,4,5,4,1,4,5,5,1,1,3,1,2,1,5,0.66,0.72,0.66,0.58,0.56,Justin Torres,19,Female
5,3,2,1,5,3,1,5,1,3,4,4,1,3,2,2,3,3,1,3,4,5,5,4,1,4,3,5,1,2,4,1,5,2,5,5,1,5,5,3,3,5,5,1,1,1,5,1,5,4,0.58,0.52,0.68,0.72,0.62,Kevin Dixon,19,Female
4,2,1,1,2,5,3,5,1,4,3,1,2,5,5,4,4,5,2,1,4,2,3,5,5,4,2,1,4,3,4,2,5,5,1,1,1,3,3,5,5,2,4,2,4,2,3,2,3,2,0.56,0.64,0.66,0.6,0.58,Nancy Flynn,26,Male
3,3,2,2,3,1,2,5,4,4,3,2,4,4,1,3,4,3,2,5,5,1,3,3,4,5,1,3,3,2,4,5,2,1,2,3,5,5,5,4,1,4,5,2,5,5,5,2,2,5,0.58,0.62,0.6,0.72,0.72,Julie Jones,22,Male
1,4,2,5,2,4,1,3,3,5,5,3,1,2,5,5,3,5,1,3,3,3,5,1,4,5,5,5,4,5,3,1,2,5,5,2,3,2,3,2,3,5,5,2,3,1,5,5,3,2,0.6,0.66,0.8,0.56,0.68,Tom Allen,24,Male
3,4,1,2,2,4,5,4,4,5,1,1,3,4,4,1,2,5,4,1,5,2,5,1,4,5,1,1,5,2,4,5,3,1,3,4,4,2,5,1,1,3,2,1,4,4,2,4,4,4,0.68,0.52,0.62,0.64,0.58,Jennifer Thomas,20,Male
5,2,4,3,5,1,3,2,1,5,3,5,1,1,4,4,3,1,4,5,3,3,2,1,4,4,4,2,1,5,4,1,5,5,1,2,2,1,3,5,5,3,1,5,1,2,3,4,1,2,0.62,0.62,0.58,0.58,0.54,Natalie Allen,22,Male
2,1,4,5,5,1,4,2,1,2,2,5,2,1,3,5,3,2,5,1,3,5,3,2,1,2,3,2,5,3,3,3,3,2,4,1,1,3,2,2,1,2,5,1,1,1,4,3,5,2,0.54,0.58,0.58,0.48,0.5,Destiny Hill,25,Female
5,4,4,4,2,5,5,1,4,3,1,3,3,3,5,3,2,2,5,4,4,3,5,1,3,5,2,3,2,2,4,1,5,1,2,1,1,2,5,4,4,5,3,5,1,1,4,5,3,2,0.74,0.62,0.6,0.52,0.66,Kyle Rogers,23,Female
4,1,2,4,1,1,5,3,5,4,1,2,1,4,2,2,3,2,3,3,3,3,2,1,4,1,3,1,1,4,2,4,1,5,4,5,4,2,1,3,4,2,1,5,1,3,4,5,2,4,0.6,0.46,0.46,0.62,0.62,James Dillon,20,Female
1,1,4,4,3,5,3,3,4,5,4,4,4,3,3,2,4,5,2,2,2,4,1,1,3,3,3,4,2,5,1,2,4,3,3,2,5,5,2,3,5,3,2,2,3,5,2,1,3,4,0.66,0.66,0.56,0.6,0.6,Daniel Meyer,21,Female
5,5,3,4,5,4,5,2,5,3,1,1,2,5,2,3,4,4,1,2,2,5,3,2,2,5,1,3,2,1,4,1,4,4,3,3,4,1,5,4,5,4,3,2,5,2,3,5,2,5,0.82,0.5,0.52,0.66,0.72,Douglas Choi,20,Female
2,3,4,3,2,5,5,5,1,1,3,2,3,3,5,3,1,3,5,2,4,1,5,2,5,1,4,5,3,5,1,5,2,4,3,4,3,2,5,4,2,5,4,4,5,2,1,5,2,4,0.62,0.6,0.7,0.66,0.68,Bernard Morris,20,Female
1,3,3,1,2,5,4,4,2,5,4,1,1,4,1,4,4,5,3,4,3,4,5,5,5,5,5,3,2,4,5,2,5,1,5,3,2,1,3,1,4,5,5,2,1,1,3,3,3,5,0.6,0.62,0.82,0.56,0.64,Cheryl Carrillo,25,Female
1,4,5,1,4,5,5,1,2,4,3,1,5,5,3,1,4,2,2,4,1,4,4,2,2,4,2,5,4,2,5,1,1,2,5,5,5,3,5,2,3,3,2,5,1,1,1,1,3,4,0.64,0.6,0.6,0.68,0.48,Joseph Woodard,26,Male
1,5,4,4,5,1,3,3,4,3,5,3,1,5,3,5,2,4,1,3,2,3,2,4,2,4,1,5,1,5,5,1,3,1,2,1,3,1,2,1,1,4,2,5,3,5,1,4,5,4,0.66,0.64,0.58,0.4,0.68,Pedro Perry,27,Female
3,4,4,5,4,2,2,5,5,5,4,1,4,1,2,5,1,1,2,4,4,1,3,5,3,4,2,4,4,4,2,5,1,1,5,2,4,3,1,4,4,5,3,2,5,3,4,4,1,3,0.78,0.5,0.68,0.56,0.68,Anna Walls,28,Female
5,1,3,1,5,3,1,2,1,3,3,3,5,4,1,1,5,2,4,5,3,4,2,3,4,3,4,3,3,1,2,1,5,3,2,3,4,3,1,2,4,4,5,1,3,4,4,5,2,2,0.5,0.66,0.6,0.52,0.68,Kevin Benson,23,Female
4,3,5,1,5,4,5,4,4,3,3,2,3,4,1,4,1,5,3,5,3,3,5,5,1,4,3,1,5,4,4,4,4,1,2,2,5,5,2,2,1,4,5,3,1,3,4,4,1,1,0.76,0.62,0.68,0.62,0.54,Matthew Mann,22,Female
4,3,5,3,1,4,3,2,2,3,5,2,2,5,1,2,4,3,5,3,4,1,4,1,4,4,5,1,5,1,1,5,1,4,5,3,2,4,1,2,1,1,5,2,4,4,3,2,3,5,0.6,0.64,0.6,0.56,0.6,Jessica Wilson,25,Female
4,4,1,3,3,4,2,3,2,2,3,1,5,3,3,5,2,1,2,2,2,5,4,3,4,5,2,3,1,3,2,5,3,1,4,5,1,5,2,3,1,2,4,4,3,5,3,5,1,5,0.56,0.54,0.64,0.62,0.66,Louis Bennett,27,Male
2,1,5,1,4,3,2,5,1,1,1,5,2,2,1,3,4,2,4,1,4,2,2,4,2,5,2,2,5,1,3,1,4,1,4,1,4,5,5,1,2,2,5,5,1,3,5,4,3,4,0.5,0.5,0.58,0.58,0.68,Bradley Cole,20,Male
5,5,1,2,1,3,2,2,2,1,4,4,2,3,2,5,1,1,4,3,3,2,2,5,2,4,1,3,3,4,1,1,3,2,1,3,2,4,4,1,4,3,5,4,1,1,3,4,5,1,0.48,0.58,0.58,0.44,0.62,Ricky Cortez,22,Female
2,3,2,5,3,4,5,4,2,2,3,3,2,1,4,2,4,4,4,3,2,2,5,2,5,3,1,4,3,2,5,4,2,5,5,4,2,4,1,5,4,3,4,2,3,2,5,4,2,1,0.64,0.6,0.58,0.74,0.6,Justin Barajas,23,Male
3,2,4,1,5,5,1,1,3,3,5,4,1,2,4,4,1,2,2,5,5,4,1,5,3,1,5,4,1,1,1,5,1,1,1,4,2,3,2,3,4,4,3,3,2,2,4,5,1,3,0.56,0.6,0.6,0.46,0.62,Sarah Williams,27,Female
1,1,3,5,1,2,2,5,5,4,3,4,1,4,2,1,1,2,4,3,4,1,2,2,1,2,5,5,2,2,1,5,1,1,3,1,4,4,1,5,5,2,1,1,2,3,5,5,3,2,0.58,0.5,0.52,0.52,0.58,Nancy Guzman,29,Male
4,2,2,2,2,5,3,5,2,4,3,2,4,1,4,3,5,1,3,2,3,2,2,5,5,5,1,1,4,2,4,1,4,1,5,1,4,5,5,4,4,2,2,2,4,5,5,5,3,2,0.62,0.56,0.6,0.68,0.68,Thomas Pollard,29,Female
1,2,3,2,3,4,3,4,3,1,4,3,1,5,4,3,1,2,4,3,4,5,2,1,5,3,2,3,4,2,3,3,5,3,5,3,4,1,5,2,2,4,5,4,4,1,2,2,5,1,0.52,0.6,0.62,0.68,0.6,Michael Fernandez,20,Male
5,4,3,2,2,4,4,5,5,3,2,3,1,2,1,1,5,5,1,2,3,2,5,5,5,5,4,1,1,3,4,2,2,3,5,3,1,2,4,3,3,2,3,3,1,3,2,4,2,5,0.74,0.46,0.68,0.58,0.56,Brittany Salinas,18,Male
4,3,4,3,3,5,1,2,3,4,2,1,2,1,1,1,4,1,1,1,2,4,5,5,3,5,5,1,1,1,3,3,2,4,2,5,2,2,4,5,1,3,5,3,5,1,4,1,1,3,0.64,0.3,0.64,0.64,0.54,Angela Lee,20,Female
5,2,4,1,2,4,5,4,4,4,3,5,1,1,1,1,4,1,2,1,5,3,5,1,3,1,5,2,3,1,4,5,4,5,2,4,4,1,4,3,4,5,2,5,3,4,1,1,1,3,0.7,0.4,0.58,0.72,0.58,Amanda James,25,Female
3,4,1,2,2,4,4,1,1,5,3,4,5,4,2,1,1,3,4,5,3,5,5,1,4,5,5,2,3,4,1,1,1,5,5,1,1,2,5,3,2,2,2,1,3,1,4,5,4,2,0.54,0.64,0.74,0.5,0.52,Maria Martinez,22,Female
5,3,4,1,3,5,5,4,3,4,5,2,3,5,1,5,4,5,4,3,3,5,3,1,2,3,4,5,3,1,5,2,1,1,1,5,3,1,2,3,1,4,1,5,5,2,1,3,5,5,0.74,0.74,0.6,0.48,0.64,Timothy Duarte,25,Female
3,2,3,3,4,2,5,1,4,3,1,2,1,5,3,3,5,5,3,1,2,5,1,5,2,1,5,5,1,2,4,4,4,1,1,2,1,3,4,2,3,5,5,2,3,2,4,4,5,3,0.6,0.58,0.58,0.52,0.72,Joseph Saunders,28,Male
5,2,3,4,3,1,2,2,5,1,1,2,1,2,3,1,2,2,5,1,1,2,4,2,5,5,4,4,1,3,2,4,1,2,5,2,3,5,4,4,2,1,2,1,2,3,2,4,3,2,0.56,0.4,0.62,0.64,0.44,Laura Patton,22,Male
4,2,1,5,3,5,2,4,1,5,1,2,4,4,5,3,2,3,2,2,3,5,3,1,5,4,4,3,1,2,1,3,4,2,3,2,4,3,5,4,2,2,5,3,4,4,3,4,2,4,0.64,0.56,0.62,0.62,0.66,John Holmes,19,Female
3,2,2,2,4,4,2,2,2,3,3,4,5,3,1,3,3,4,4,1,4,2,2,3,1,2,5,5,1,2,2,3,2,3,1,4,1,4,4,2,2,4,2,5,1,5,1,3,4,4,0.52,0.62,0.54,0.52,0.62,Anthony Johnson,22,Male
2,5,4,5,3,2,1,1,5,5,5,4,2,2,3,5,2,1,5,4,1,2,2,4,4,4,2,3,4,1,1,1,2,4,3,2,2,1,4,2,2,2,2,3,3,4,1,1,4,5,0.66,0.66,0.54,0.44,0.54,Nicholas Adams,23,Male
3,2,5,5,1,3,5,4,4,1,5,2,2,1,2,2,3,5,1,5,2,5,1,3,2,4,5,3,4,2,2,4,3,2,2,4,3,5,2,3,5,3,5,5,2,1,1,4,5,2,0.66,0.56,0.62,0.6,0.66,John Lopez,20,Male
2,4,3,1,2,3,1,1,3,2,3,2,1,3,1,1,2,3,1,3,1,5,5,1,3,2,1,1,1,3,5,1,2,5,5,2,5,1,3,1,3,2,4,4,3,5,5,1,3,4,0.44,0.4,0.46,0.6,0.68,Robert Nielsen,19,Male
1,1,3,4,5,4,4,5,2,4,2,3,2,2,4,1,5,1,3,4,4,3,1,4,4,5,5,3,1,2,2,5,2,5,3,3,1,5,3,3,1,4,4,1,1,1,2,3,2,4,0.66,0.54,0.64,0.64,0.46,Vicki Kelley,28,Male
4,3,2,3,1,5,1,2,2,4,2,4,3,5,1,5,1,1,2,4,1,2,4,2,1,3,1,3,2,3,1,4,1,4,5,2,1,5,5,3,4,4,4,3,4,4,2,2,1,4,0.54,0.56,0.44,0.62,0.64,Stephanie Ramos,23,Male
2,4,1,5,2,3,3,2,1,4,1,2,1,2,1,1,2,1,2,5,4,5,5,1,4,3,4,5,5,5,5,1,1,1,1,3,2,3,5,3,5,2,3,3,2,1,3,1,1,3,0.54,0.36,0.82,0.5,0.48,Gina Santiago,24,Female
3,5,2,1,4,1,2,5,3,3,1,3,2,3,5,1,3,1,4,5,3,3,3,3,4,1,4,1,5,1,3,4,3,3,5,5,4,5,5,3,3,1,1,4,5,3,3,1,4,4,0.58,0.56,0.56,0.8,0.58,Briana Martinez,21,Female
3,4,2,2,3,5,1,5,3,5,5,4,3,3,4,2,4,3,1,1,2,5,5,5,1,4,5,3,4,2,1,1,4,1,4,4,4,5,4,1,2,3,5,2,4,5,3,3,3,5,0.66,0.6,0.72,0.58,0.7,Melissa Dunn,20,Male
4,3,1,3,3,2,1,1,5,4,4,4,3,5,4,5,1,3,4,1,5,2,3,5,4,5,2,2,5,2,4,2,4,2,1,1,2,4,4,2,2,1,5,1,5,5,3,4,3,1,0.54,0.68,0.7,0.52,0.6,Andrew Luna,27,Female
1,2,2,1,3,4,2,2,2,4,1,4,3,1,4,2,4,4,1,3,3,1,1,5,2,3,4,5,1,4,2,5,5,3,2,5,4,1,5,4,2,2,3,5,1,4,4,1,2,2,0.46,0.54,0.58,0.72,0.52,Raymond Lamb,26,Male
5,5,3,3,3,4,5,3,5,4,1,1,3,1,5,3,2,4,3,2,2,3,4,2,4,5,1,3,4,5,4,3,1,5,3,3,3,3,5,1,3,1,3,1,2,2,3,3,2,2,0.8,0.5,0.66,0.62,0.44,David Vaughn,25,Male
4,2,2,2,2,3,2,5,5,5,2,5,3,4,2,2,5,5,5,5,1,1,5,3,4,1,2,3,4,3,3,5,5,4,3,5,1,1,2,3,5,1,2,2,2,2,3,5,4,2,0.64,0.76,0.54,0.64,0.56,Ariana Berry,27,Male
4,4,5,3,4,5,1,1,1,3,5,5,1,2,3,2,4,3,3,1,4,5,2,5,2,5,2,3,3,5,1,1,1,2,4,2,2,3,4,4,2,2,4,2,2,1,1,5,3,2,0.62,0.58,0.72,0.48,0.48,Pamela Torres,25,Female
4,2,5,1,3,5,5,4,4,5,3,3,1,3,1,5,5,4,4,3,3,4,1,2,2,3,2,5,1,2,5,5,5,4,4,1,1,4,3,2,3,4,1,5,1,2,4,2,4,1,0.76,0.64,0.5,0.68,0.54,Brittany Mora,27,Male
5,2,1,4,3,4,2,4,4,5,3,2,3,5,5,3,4,5,4,3,4,5,5,2,3,1,4,1,5,3,2,3,1,3,2,5,4,2,4,3,3,3,5,1,5,2,2,3,1,1,0.68,0.74,0.66,0.58,0.52,George Rose,24,Female
5,2,1,3,3,1,3,2,4,5,3,3,5,3,3,4,4,5,1,2,4,5,5,3,1,2,2,1,3,1,3,1,2,3,1,2,1,4,3,5,2,3,2,1,4,5,2,1,2,3,0.58,0.66,0.54,0.5,0.5,Anthony Bradshaw,29,Male
4,4,3,5,2,3,3,1,3,2,2,3,5,1,5,4,4,3,4,3,3,4,1,3,4,2,2,3,2,3,2,3,5,1,2,4,4,3,2,5,5,4,3,3,1,1,4,2,1,2,0.6,0.68,0.54,0.62,0.52,Joshua James,22,Male
1,2,1,3,5,4,2,2,4,4,1,5,2,3,2,5,2,1,4,1,2,3,2,5,5,2,2,4,4,3,2,1,5,2,4,1,4,1,3,1,2,5,3,1,2,3,4,5,4,1,0.56,0.52,0.64,0.48,0.6,William Burton,19,Male
4,5,5,1,1,1,4,2,3,2,4,3,3,3,4,4,3,2,1,2,3,2,1,3,1,2,2,1,1,1,2,5,4,3,2,5,2,2,5,1,5,1,4,1,3,5,4,4,4,1,0.56,0.58,0.34,0.62,0.64,Jeffery Carr,28,Female
5,4,3,4,3,5,2,4,5,3,5,5,5,1,1,2,1,5,2,1,3,4,1,5,3,1,3,5,4,1,2,1,3,2,4,5,2,1,3,2,3,2,5,2,1,3,5,2,1,1,0.76,0.56,0.6,0.5,0.5,Timothy Smith,26,Male
1,1,4,5,3,4,4,5,3,3,5,4,4,2,1,3,3,3,3,2,3,3,3,4,5,1,1,2,2,5,2,1,5,4,4,4,4,2,3,1,1,5,5,1,3,3,3,5,5,5,0.66,0.6,0.58,0.6,0.72,Michael Jones,28,Male
1,1,1,3,2,3,4,2,3,3,2,1,5,3,5,3,1,1,4,2,3,3,2,5,5,5,3,3,3,2,4,2,1,5,2,4,3,2,5,5,3,1,1,2,2,2,2,5,2,2,0.46,0.54,0.68,0.66,0.44,Julie Garcia,25,Male
2,5,1,4,3,5,1,4,3,4,2,1,5,2,1,5,5,1,3,3,1,1,2,2,1,3,1,4,5,4,4,5,4,1,1,2,5,4,2,4,4,3,4,4,3,1,2,2,3,3,0.64,0.56,0.48,0.64,0.58,Belinda Perez,21,Female
3,2,1,5,5,3,3,3,2,5,4,5,1,1,5,2,4,1,1,2,1,1,1,5,5,3,2,5,4,5,3,5,4,3,2,4,5,2,5,5,5,5,3,5,3,5,4,5,2,2,0.64,0.52,0.64,0.76,0.78,Xavier Holt,27,Female
2,1,4,2,2,5,2,1,1,5,4,3,4,2,3,2,4,2,2,3,1,5,1,1,3,1,4,5,3,3,1,3,5,1,4,5,2,2,2,2,3,5,5,3,2,3,2,5,3,2,0.5,0.58,0.54,0.54,0.66,Carlos Hernandez,23,Female
1,2,5,4,3,1,1,3,3,2,3,2,2,5,3,5,2,2,5,5,3,2,1,1,2,2,5,5,5,2,5,2,3,4,3,2,2,3,4,5,3,4,2,1,1,4,5,4,2,1,0.5,0.68,0.56,0.66,0.54,Kelli Chang,18,Female
4,2,3,1,1,4,4,1,2,1,4,5,4,1,2,3,2,3,4,3,5,1,4,1,4,5,5,3,1,1,5,5,4,3,3,2,2,4,1,1,3,4,2,4,4,1,3,1,4,2,0.46,0.62,0.6,0.6,0.56,Mr. Raymond Pena,24,Male
3,3,4,1,1,2,5,5,1,3,5,1,3,5,5,5,3,2,4,3,4,1,5,5,5,4,2,3,4,3,4,2,4,1,2,5,2,1,3,4,4,2,5,2,2,3,1,5,3,1,0.56,0.72,0.72,0.56,0.56,Jeffrey Cox,25,Male
5,2,3,3,5,4,1,3,5,3,5,2,5,1,2,4,5,5,5,2,5,5,4,4,2,1,5,1,2,2,1,2,3,1,3,2,3,5,1,3,1,2,3,4,1,1,2,5,5,4,0.68,0.72,0.62,0.48,0.56,Michael Parks,21,Female
2,1,5,3,4,2,3,5,4,5,4,4,5,3,5,5,5,5,3,3,2,5,5,5,5,2,3,4,1,5,3,3,5,3,5,2,2,4,2,4,4,4,1,5,1,4,3,4,3,3,0.68,0.84,0.74,0.66,0.64,Steven Cox,24,Female
4,1,1,5,4,4,5,1,4,3,3,3,2,5,1,5,2,2,3,5,2,4,1,3,5,2,2,3,2,4,4,3,1,1,5,4,4,2,1,4,4,2,3,1,3,5,1,2,3,5,0.64,0.62,0.56,0.58,0.58,Robert Vasquez,27,Male
2,1,1,4,2,4,5,5,3,1,1,5,4,5,3,3,2,1,4,1,1,4,5,3,2,4,3,2,2,4,1,4,4,4,3,3,1,1,1,1,3,1,5,2,1,5,2,3,2,5,0.56,0.58,0.6,0.46,0.58,Tonya Alexander,21,Male
2,1,5,4,1,3,1,3,3,3,3,1,5,5,2,1,5,5,5,2,3,1,4,2,1,2,4,5,3,3,2,1,2,5,2,1,3,1,4,5,1,2,5,2,2,1,4,4,3,2,0.52,0.68,0.56,0.52,0.52,Blake Zimmerman,18,Male
4,5,4,5,3,4,1,4,3,5,5,4,3,3,1,1,4,2,2,2,5,4,3,3,3,1,5,4,3,4,5,4,2,3,5,3,2,5,1,2,4,1,3,5,5,2,1,3,4,4,0.76,0.54,0.7,0.64,0.64,Heather Carter,29,Male
2,1,5,1,5,1,3,1,4,5,1,2,3,5,4,5,1,5,5,3,4,5,2,2,2,1,4,4,5,2,4,5,3,2,1,1,3,1,4,4,3,5,1,2,5,2,1,5,1,1,0.56,0.68,0.62,0.56,0.52,Amber Harmon,28,Male
1,1,2,3,3,1,5,1,3,1,1,2,2,4,1,1,1,5,4,3,1,4,3,1,1,4,4,2,3,3,3,3,5,3,2,3,4,2,4,2,2,4,4,3,3,2,2,5,3,2,0.42,0.48,0.52,0.62,0.6,James Rowe,19,Female
3,5,4,4,4,2,3,1,4,4,1,5,5,5,4,4,3,4,3,5,5,2,3,1,5,3,1,3,2,3,2,4,1,3,3,3,4,3,5,3,2,3,3,5,4,2,4,2,1,5,0.68,0.78,0.56,0.62,0.62,Timothy Baker,24,Male
4,1,1,1,3,5,1,4,5,3,2,5,2,4,5,3,2,3,1,1,3,1,5,4,5,4,2,5,5,3,1,2,1,2,5,3,1,4,2,4,2,2,3,2,1,5,4,4,1,3,0.56,0.56,0.74,0.5,0.54,Christina Stewart,22,Male
4,4,5,4,3,1,3,3,5,2,1,3,3,2,1,5,1,1,4,5,4,3,1,2,5,5,4,3,5,4,5,4,3,3,2,4,5,1,3,2,4,2,5,4,3,3,1,3,3,3,0.68,0.52,0.72,0.64,0.62,Christine Dixon,24,Male
4,5,5,2,2,3,3,5,2,5,4,2,5,5,4,3,2,3,3,4,2,4,1,3,5,1,2,2,3,5,1,3,1,3,4,1,4,1,2,4,5,2,5,1,1,3,2,2,5,1,0.72,0.7,0.56,0.48,0.54,Philip Whitney,26,Male
4,4,2,3,1,2,1,2,3,4,4,5,2,2,4,1,1,4,2,3,2,1,5,1,2,2,1,4,5,2,4,4,1,5,4,5,5,5,1,2,1,1,4,4,1,2,2,3,4,1,0.52,0.56,0.5,0.72,0.46,Debbie Russell,28,Female
2,3,4,3,4,4,4,4,2,5,3,5,5,1,4,1,1,2,2,5,4,4,2,3,3,2,3,2,3,5,3,2,1,1,2,4,3,4,4,4,2,4,5,5,3,4,4,2,4,4,0.7,0.58,0.62,0.56,0.74,Michael Fry,27,Male
4,3,2,5,3,4,1,3,2,3,5,5,3,5,3,3,5,5,4,2,4,3,2,3,5,5,4,5,1,4,2,2,2,2,3,5,4,3,2,4,1,1,1,5,4,4,4,1,2,3,0.6,0.8,0.72,0.58,0.52,Lee Houston,22,Male
5,4,3,3,4,5,1,2,5,3,2,2,5,2,3,4,1,5,3,2,5,3,4,4,2,4,3,3,4,2,3,2,1,2,4,4,5,1,5,4,3,4,4,5,4,3,3,4,4,2,0.7,0.58,0.68,0.62,0.72,William Keith,23,Male
1,2,5,2,4,5,3,2,4,4,5,3,1,5,5,4,5,4,1,5,2,2,2,1,3,3,2,4,5,2,1,3,2,1,1,2,4,4,2,1,4,4,4,3,5,1,5,1,1,3,0.64,0.76,0.52,0.42,0.62,Christopher Mitchell,19,Male
5,3,3,2,5,4,1,5,5,4,3,1,2,4,3,3,4,3,3,5,1,1,4,2,4,5,5,4,4,4,5,3,4,1,2,4,3,3,3,1,4,5,3,4,1,5,4,5,3,2,0.74,0.62,0.68,0.58,0.72,Gabrielle Bradford,21,Male
4,1,4,5,3,2,4,3,3,2,4,1,5,2,2,5,4,2,3,1,3,1,1,2,3,1,5,3,5,4,1,4,1,3,4,5,4,2,4,5,5,2,3,2,2,3,1,5,4,3,0.62,0.58,0.56,0.66,0.6,Monique Horne,20,Male
1,1,4,4,2,4,3,4,4,5,2,3,5,2,3,4,2,5,1,3,5,2,2,2,5,1,4,1,4,4,3,4,5,1,4,1,2,1,2,3,5,5,4,5,4,1,3,4,4,2,0.64,0.6,0.6,0.52,0.74,Sharon Thompson,19,Male
2,2,5,4,5,1,4,2,5,5,4,1,5,2,4,2,5,4,1,5,2,5,3,2,4,1,1,1,3,1,1,5,3,1,1,4,4,2,3,4,3,3,4,5,2,1,1,4,4,2,0.7,0.66,0.46,0.56,0.58,Elizabeth Newman,23,Female
3,4,1,1,3,4,4,4,1,3,1,4,5,1,5,1,4,5,1,4,1,4,3,1,1,4,1,5,4,3,1,3,4,4,2,2,1,5,2,2,3,1,3,2,1,1,4,5,4,3,0.56,0.62,0.54,0.52,0.54,Thomas Herrera,26,Female
1,4,2,3,5,2,3,2,2,1,3,2,2,1,3,2,1,1,5,2,1,4,2,2,5,3,4,3,3,1,2,1,2,3,5,3,2,4,1,5,2,5,5,5,3,1,5,2,4,1,0.5,0.44,0.56,0.56,0.66,Mrs. Sheila Brown,19,Male
2,2,1,1,2,1,3,5,2,4,1,2,4,2,5,2,2,1,1,1,3,2,2,2,5,4,2,4,5,3,5,3,1,1,3,4,1,2,2,3,5,2,5,3,3,3,2,3,2,3,0.46,0.42,0.64,0.5,0.62,Stephanie Rios,19,Male
3,3,5,4,2,1,4,4,2,2,4,1,4,5,1,2,3,5,4,1,4,4,4,1,3,5,1,1,3,3,3,2,3,3,5,5,3,5,5,3,1,2,1,4,3,2,5,2,2,1,0.6,0.6,0.58,0.74,0.46,Zachary Martin,19,Female
2,5,3,2,4,3,4,3,4,5,2,1,3,2,5,5,2,2,1,5,2,3,5,1,3,3,2,3,3,3,1,1,4,4,4,5,1,3,1,5,3,4,2,5,2,4,5,1,5,3,0.7,0.56,0.56,0.58,0.68,Cory Houston,29,Female
3,2,1,4,5,5,4,3,4,3,3,5,4,3,1,1,3,3,5,5,4,5,1,1,4,1,2,4,2,3,2,5,4,5,4,3,2,1,1,5,1,2,5,3,4,1,5,1,3,5,0.68,0.66,0.54,0.64,0.6,Cindy Weaver,22,Female
5,4,5,4,5,1,5,5,5,3,5,2,3,4,4,4,2,4,5,3,3,4,3,5,5,3,2,5,2,4,5,1,5,4,4,4,5,1,3,4,5,5,3,5,5,4,1,2,1,2,0.84,0.72,0.72,0.72,0.66,Rachel Williams,19,Male
4,2,5,4,3,1,4,4,1,5,5,3,1,1,1,4,3,4,3,3,1,2,1,4,4,2,5,4,4,1,4,1,2,1,3,2,2,5,5,5,4,2,5,3,1,5,1,2,3,4,0.66,0.56,0.56,0.6,0.6,Alexander Clark,29,Male
3,2,1,5,3,3,3,1,4,3,1,3,2,4,3,4,5,3,3,5,1,2,5,1,2,4,4,2,4,3,4,4,3,1,2,3,4,4,1,3,2,1,5,1,4,2,4,3,3,5,0.56,0.66,0.56,0.58,0.6,Ashlee Ross,22,Female
3,2,2,5,4,2,5,4,1,1,1,3,5,3,2,3,1,5,4,5,2,2,2,2,2,3,4,4,4,3,2,3,2,1,4,4,1,3,4,2,3,5,5,4,2,3,2,1,1,3,0.58,0.64,0.56,0.52,0.58,Kristin Novak,22,Male
4,2,5,4,4,4,3,4,1,5,4,1,5,4,4,2,2,1,1,3,2,2,1,3,2,2,1,2,2,3,5,4,4,4,1,1,5,4,1,2,5,3,3,5,3,2,1,5,5,5,0.72,0.54,0.4,0.62,0.74,Kari Myers,23,Female
3,4,1,4,1,5,3,2,1,4,1,4,1,3,5,4,3,1,4,2,2,3,3,5,4,4,3,4,5,4,4,1,3,2,1,4,5,1,3,5,3,5,4,4,4,5,1,4,3,1,0.56,0.56,0.74,0.58,0.68,Lauren Jackson,19,Female
4,3,5,1,1,5,2,2,5,3,3,5,4,1,2,5,3,3,2,1,2,2,4,1,3,4,2,1,5,1,1,3,5,1,1,5,2,3,1,3,4,5,5,1,3,2,5,3,4,3,0.62,0.58,0.5,0.5,0.7,Sarah Olsen,26,Female
5,4,4,3,5,1,3,2,1,5,2,5,1,3,5,1,2,3,2,5,4,3,1,1,4,3,3,1,3,2,1,2,5,2,1,1,1,4,4,1,5,5,4,2,5,2,3,5,3,3,0.66,0.58,0.5,0.44,0.74,Michael Lee,23,Male
4,4,4,1,1,1,2,5,2,4,1,5,5,5,3,2,3,5,5,2,4,3,3,3,3,4,5,2,2,4,5,5,4,3,5,3,4,3,5,2,3,3,1,2,3,5,4,4,4,1,0.56,0.72,0.66,0.78,0.6,Sharon Payne,20,Male
2,2,4,1,4,5,5,4,5,5,4,1,3,5,2,3,5,3,2,1,2,4,1,3,1,1,1,4,3,4,3,2,1,2,1,3,5,2,2,3,5,2,5,5,5,3,1,3,3,1,0.74,0.58,0.48,0.48,0.66,Anthony Villarreal,18,Female
2,5,4,4,2,5,1,3,3,4,2,2,2,2,3,4,4,4,4,4,1,3,4,3,1,5,3,3,3,3,1,4,1,4,4,2,5,4,4,1,2,3,4,5,3,3,5,3,5,2,0.66,0.62,0.58,0.6,0.7,Kenneth Kelly,19,Male
1,1,5,3,2,4,4,4,3,2,5,1,4,2,2,2,1,3,2,5,4,2,4,2,4,5,3,4,2,3,2,5,4,5,3,2,3,4,1,1,2,5,5,3,5,4,2,3,3,1,0.58,0.54,0.66,0.6,0.66,Vincent Jones,28,Male
1,1,3,1,5,2,2,1,3,3,1,2,1,2,2,5,1,3,5,4,3,4,3,2,3,5,3,3,2,1,2,4,3,4,5,4,5,4,2,1,5,4,3,3,3,3,4,4,5,5,0.44,0.52,0.58,0.68,0.78,Timothy Hess,24,Female
3,1,1,4,1,5,2,4,5,2,2,5,4,1,4,4,4,2,1,2,4,2,4,1,2,4,5,2,2,1,1,1,4,5,1,5,5,3,5,4,3,3,1,2,3,2,2,3,5,4,0.56,0.58,0.54,0.68,0.56,Michele Lowery,27,Male
1,2,4,3,2,5,5,3,4,1,2,2,3,2,3,3,3,1,1,2,4,3,4,1,5,4,4,1,5,2,2,4,2,3,3,3,4,5,3,2,2,2,5,1,4,1,2,2,1,4,0.6,0.44,0.66,0.62,0.48,Donna Vasquez,22,Female
2,2,5,2,3,2,2,3,1,2,3,3,5,1,4,1,1,2,2,4,3,4,1,2,3,3,2,5,4,2,4,3,3,5,4,2,3,4,4,2,2,1,3,2,2,4,2,1,2,3,0.48,0.52,0.58,0.68,0.44,Madison Simmons,18,Male
3,5,5,5,4,2,4,3,3,2,4,4,3,4,4,3,5,2,3,4,2,2,2,5,2,3,5,2,1,4,5,5,1,3,2,4,5,4,1,1,3,2,3,1,5,5,3,4,5,5,0.72,0.72,0.56,0.62,0.72,Edward Campos,21,Male
4,3,4,3,1,4,1,1,3,4,2,4,3,4,3,2,4,1,3,1,3,3,4,1,2,1,5,2,4,3,5,3,4,5,3,2,3,4,1,3,4,1,2,4,4,4,3,1,3,2,0.56,0.54,0.56,0.66,0.56,John Lewis,19,Male
5,2,1,4,5,5,5,5,4,5,5,3,5,2,4,3,5,5,4,4,3,5,5,4,3,5,3,4,5,5,1,2,3,5,1,2,2,5,1,3,3,3,5,5,2,2,2,5,2,1,0.82,0.8,0.84,0.5,0.6,Elizabeth Brown,23,Female
1,1,4,2,2,2,1,4,5,2,3,3,2,3,1,3,5,1,3,1,1,2,1,5,1,4,5,2,4,3,4,2,2,3,1,4,2,4,4,5,1,4,1,3,3,5,2,5,1,5,0.48,0.5,0.56,0.62,0.6,Thomas Hawkins,24,Female
1,3,4,2,3,4,1,3,2,5,1,4,2,4,2,4,5,1,3,4,3,4,4,5,2,2,2,3,1,2,3,2,5,5,5,2,1,3,3,1,5,1,3,4,5,5,2,4,2,2,0.56,0.6,0.56,0.6,0.66,Emily Barton,23,Female
2,2,5,1,4,1,2,5,5,1,3,2,4,3,2,2,5,5,1,2,4,3,1,1,1,1,1,5,5,2,2,2,2,3,3,1,5,4,2,3,5,4,3,5,1,3,1,5,3,4,0.56,0.58,0.48,0.54,0.68,Pamela Faulkner,25,Male
2,2,1,5,1,5,1,5,2,5,1,3,5,3,5,3,1,2,5,1,2,4,4,1,4,1,5,3,2,3,1,5,4,1,4,2,4,4,5,5,1,1,3,3,4,2,3,3,3,1,0.58,0.58,0.58,0.7,0.48,Lynn Myers,24,Female
5,5,5,3,5,3,5,1,3,4,2,5,3,3,1,5,4,4,3,3,1,2,4,4,2,2,2,2,5,3,4,5,5,1,1,4,4,2,3,3,5,2,2,1,1,1,5,2,1,5,0.78,0.66,0.54,0.64,0.5,Aaron Anderson,27,Female
1,1,4,3,1,1,4,2,5,4,3,1,3,3,3,5,5,1,3,5,1,3,2,1,5,2,1,1,5,3,3,3,1,4,1,4,4,3,2,3,1,5,5,5,2,2,1,3,5,1,0.52,0.64,0.48,0.56,0.6,Dr. Grace Lowery,24,Female
2,3,5,2,5,1,4,5,1,2,2,5,5,3,3,3,1,2,3,1,2,1,3,3,4,2,1,3,4,3,4,1,5,2,2,5,5,5,3,4,5,4,5,5,5,3,2,3,1,3,0.6,0.56,0.52,0.72,0.72,Nicole Pugh,20,Female
1,3,1,2,1,2,1,5,2,4,3,4,1,2,2,2,2,5,3,4,4,4,5,1,3,2,5,1,5,2,1,3,5,4,5,3,5,3,1,1,4,5,2,3,4,1,3,4,3,3,0.44,0.56,0.64,0.62,0.64,Todd Palmer,23,Female
3,4,4,2,3,3,1,1,1,3,2,3,2,3,5,4,2,3,2,5,3,5,1,3,3,4,4,4,5,2,3,2,4,1,4,5,3,2,4,1,3,1,3,1,3,1,1,3,4,5,0.5,0.62,0.68,0.58,0.5,David Proctor,19,Male
3,3,2,3,3,5,5,3,3,4,5,2,5,4,1,1,4,3,5,1,1,1,4,1,2,5,4,1,1,3,4,2,1,2,3,1,3,3,2,4,2,3,2,3,4,3,3,5,2,1,0.68,0.62,0.46,0.5,0.56,Eric Martin,19,Male
5,2,3,4,3,4,2,2,3,1,2,4,4,4,1,2,3,5,5,3,4,1,3,2,5,3,4,1,3,3,3,1,4,1,2,4,4,3,2,2,3,4,1,3,2,1,2,4,2,4,0.58,0.66,0.58,0.52,0.52,Catherine Mills,21,Male
2,3,1,2,4,2,3,4,1,3,5,2,3,5,2,4,2,5,4,2,2,1,3,2,5,1,5,2,5,1,2,4,3,4,1,4,1,1,1,5,5,4,4,3,3,1,2,1,5,1,0.5,0.68,0.54,0.52,0.58,Patrick Russell,22,Male
1,5,3,1,4,4,4,4,1,3,4,5,1,3,3,2,3,1,3,2,5,1,4,3,1,2,2,5,1,3,2,2,4,3,2,2,2,3,4,1,4,2,1,4,5,1,5,2,5,5,0.6,0.54,0.54,0.5,0.68,Mariah Long,19,Female
2,4,3,5,5,5,1,3,2,3,2,3,5,3,5,4,1,1,4,3,5,5,5,5,3,2,3,5,3,2,4,2,1,4,5,5,5,3,4,5,2,4,3,4,5,3,1,5,1,2,0.66,0.62,0.76,0.76,0.6,Denise Powell,23,Male
4,4,3,5,2,1,1,2,3,2,3,3,5,5,1,3,4,4,3,2,3,4,3,3,5,5,2,5,1,5,3,5,4,2,4,4,2,5,3,3,3,3,4,1,3,2,4,1,4,1,0.54,0.66,0.72,0.7,0.52,Catherine Bennett,26,Male
3,1,1,2,2,4,2,2,2,4,1,5,5,1,3,3,5,5,1,4,2,1,2,3,2,2,1,1,1,5,2,2,1,5,5,5,4,1,4,5,3,1,1,5,3,4,5,2,5,1,0.46,0.66,0.4,0.68,0.6,Brenda Rice,26,Female
5,5,4,2,4,3,2,3,2,3,2,3,2,5,3,2,3,3,3,3,5,1,3,3,4,5,1,4,1,3,3,5,3,4,5,5,1,1,3,3,1,4,1,2,1,2,2,5,2,3,0.66,0.58,0.6,0.66,0.46,Richard Glover,19,Female
4,5,4,4,4,5,4,1,5,1,3,2,1,5,5,1,5,3,3,2,3,4,2,3,4,5,3,1,2,4,3,4,2,5,4,3,5,5,1,1,2,2,5,4,5,2,5,2,5,2,0.74,0.6,0.62,0.66,0.68,Dana Gilbert,22,Female
1,4,1,2,5,3,5,2,2,4,3,3,2,2,3,1,1,1,4,1,5,4,5,2,5,1,3,1,1,3,3,4,5,2,5,5,3,3,4,5,1,2,3,3,5,5,5,1,4,4,0.58,0.42,0.6,0.78,0.66,Scott Mccoy,26,Female
1,3,4,1,4,3,4,2,5,1,4,1,5,2,1,1,3,5,2,5,2,2,3,1,2,2,4,3,1,5,4,1,3,5,1,2,4,4,3,4,1,1,2,4,5,5,5,2,4,3,0.56,0.58,0.5,0.62,0.64,Jose Bautista,22,Male
5,3,5,2,4,1,1,5,4,3,1,2,5,1,5,3,4,2,5,5,3,4,4,2,5,4,5,3,5,4,2,5,4,2,2,4,3,1,5,2,4,5,5,1,3,4,4,4,3,2,0.66,0.66,0.78,0.6,0.7,Margaret Huang,19,Male
3,4,1,5,4,1,1,5,1,4,4,5,1,1,5,3,4,2,5,5,1,5,4,5,2,3,3,1,5,1,4,3,3,2,1,1,2,5,5,5,5,5,2,1,1,1,5,4,3,3,0.58,0.7,0.6,0.62,0.6,Amy Freeman,23,Female
5,2,4,5,5,1,5,4,2,4,4,1,3,1,5,2,5,2,2,5,3,2,1,5,1,5,2,2,5,5,3,1,3,2,5,2,3,3,4,1,3,4,2,4,4,4,2,1,4,4,0.74,0.6,0.62,0.54,0.64,Sandra Doyle,19,Male
3,5,5,4,5,4,3,1,3,1,1,2,1,1,1,4,5,2,2,5,3,2,3,2,4,2,4,1,1,2,1,4,3,4,2,3,4,2,3,3,5,2,2,4,3,2,1,2,4,4,0.68,0.48,0.48,0.58,0.58,Hannah Lopez,20,Female
1,4,2,4,1,3,5,2,3,1,4,4,5,3,4,5,3,1,2,5,1,2,1,5,4,4,4,4,3,5,5,4,5,1,1,5,1,5,1,1,3,2,1,1,1,3,4,5,4,3,0.52,0.72,0.66,0.58,0.54,Heidi Hernandez,19,Female
1,4,2,4,5,5,4,5,3,5,2,3,4,5,5,2,1,4,2,1,2,4,1,1,4,3,3,2,5,5,2,1,4,5,3,1,5,5,1,4,4,4,1,5,3,2,3,5,4,5,0.76,0.58,0.6,0.62,0.72,Christopher Holmes,23,Male
2,3,3,1,2,4,3,2,2,4,5,4,4,4,1,4,4,2,4,4,3,4,5,2,3,4,1,5,1,3,1,3,1,5,2,4,2,2,5,3,4,2,5,4,1,5,3,3,4,5,0.52,0.72,0.62,0.56,0.72,Kirsten Brown,24,Male
2,3,3,2,5,2,4,1,1,2,3,2,5,1,2,4,5,1,5,1,3,1,5,4,5,2,3,4,2,2,1,4,1,1,3,5,1,1,3,5,2,4,3,4,1,4,4,3,3,3,0.5,0.58,0.62,0.5,0.62,Mark Glover,20,Female
4,4,1,4,1,1,4,5,5,3,1,4,2,2,2,4,5,1,4,2,3,3,5,3,2,5,5,1,5,4,2,3,1,1,4,4,1,1,1,3,2,5,4,2,2,3,5,3,5,1,0.64,0.54,0.72,0.42,0.64,Kimberly Mitchell,20,Female
4,4,3,1,1,2,5,3,5,3,3,2,3,1,4,3,1,2,4,2,1,1,3,2,4,2,3,4,1,5,3,2,4,1,1,4,3,4,5,2,2,3,1,1,1,1,4,3,2,1,0.62,0.5,0.52,0.58,0.38,Donald Smith,20,Male
3,3,3,5,2,2,2,1,1,4,5,4,3,1,4,1,3,3,5,1,5,3,2,3,5,3,2,5,2,2,1,4,2,1,1,4,5,4,2,5,2,4,2,1,3,4,3,5,3,5,0.52,0.6,0.64,0.58,0.64,Alex Holland,28,Male
5,2,1,5,3,3,1,3,1,5,3,2,4,3,4,1,2,4,3,2,2,5,2,1,5,3,3,4,5,3,5,1,4,5,3,2,4,5,5,2,4,4,2,2,1,5,1,5,4,5,0.58,0.56,0.66,0.72,0.66,Scott West,27,Female
3,2,2,4,5,3,3,3,1,3,2,4,3,3,3,4,2,2,3,1,5,4,1,2,2,2,4,2,1,1,3,1,3,2,4,1,1,1,1,5,4,5,5,1,2,3,2,3,4,1,0.58,0.54,0.48,0.44,0.6,Mary Moss,21,Male
1,4,2,1,1,1,4,5,3,2,5,2,3,5,4,1,3,3,2,3,1,3,4,5,5,4,4,4,3,4,5,1,2,5,2,5,5,4,4,5,4,2,2,4,2,5,2,5,5,3,0.48,0.62,0.74,0.76,0.68,Cheryl Wright,22,Female
5,5,2,4,1,3,1,3,1,4,2,4,3,5,3,1,4,5,5,3,1,2,2,5,4,1,4,5,1,3,4,1,1,3,5,5,4,2,5,1,2,1,3,1,5,1,3,4,3,3,0.58,0.7,0.56,0.62,0.52,Amy Frazier,21,Female
5,5,2,2,3,4,2,3,4,2,4,4,3,4,4,3,2,3,4,5,4,5,3,4,3,1,5,2,2,1,3,4,1,3,3,4,5,4,2,4,3,3,5,4,3,1,5,1,3,1,0.64,0.72,0.6,0.66,0.58,Patrick Wilson,25,Male
3,2,2,5,3,1,3,2,2,2,5,5,2,2,1,2,5,4,5,5,3,5,4,4,1,3,3,3,1,5,2,4,5,3,4,2,5,5,3,4,3,1,4,2,2,3,2,4,1,1,0.5,0.72,0.64,0.74,0.46,Kyle Rasmussen,19,Male
1,3,4,1,3,1,1,5,5,3,4,3,4,4,4,2,5,5,2,2,5,5,2,2,1,4,4,3,5,5,4,5,4,4,2,4,1,1,3,2,4,3,3,3,5,4,5,1,3,5,0.54,0.7,0.72,0.6,0.72,Miss Brittany Smith,27,Male
3,3,4,3,1,3,1,1,4,4,4,1,2,2,4,5,2,5,2,5,5,1,1,4,4,5,5,3,1,4,3,1,1,1,5,5,1,2,1,1,5,3,3,1,1,5,3,4,5,1,0.54,0.64,0.66,0.42,0.62,Justin Ward,28,Male
2,2,1,5,2,5,2,4,4,5,5,5,3,4,2,2,2,1,3,2,5,4,4,5,2,4,4,4,1,4,2,3,1,4,5,2,2,3,4,1,3,1,1,3,2,1,3,1,2,3,0.64,0.58,0.74,0.54,0.4,Sharon Davis,29,Female
3,4,2,4,4,1,5,1,4,1,5,4,2,5,3,4,1,3,2,1,2,2,2,4,3,3,1,3,1,5,2,5,5,4,3,3,4,2,1,3,2,5,1,2,1,4,5,4,3,4,0.58,0.6,0.52,0.64,0.62,Lisa Meza,20,Male
3,4,5,3,2,4,5,3,4,1,5,2,4,4,4,4,3,5,1,2,2,1,1,5,4,1,4,3,2,2,4,4,2,3,5,2,3,2,2,4,5,5,3,3,2,5,5,1,5,2,0.68,0.68,0.5,0.62,0.72,Wendy Grant,25,Female
4,4,1,4,1,5,4,4,4,1,1,5,1,3,4,4,4,1,4,1,1,3,4,3,4,3,3,2,5,2,1,3,1,2,1,4,5,3,5,3,2,3,2,3,1,4,4,1,1,3,0.64,0.56,0.6,0.56,0.48,Cheryl Holden,28,Male
1,3,5,2,4,4,5,1,3,5,3,3,5,4,1,5,4,4,3,5,5,2,2,4,2,3,5,1,3,2,1,2,3,1,4,5,5,1,5,4,4,2,4,1,2,4,3,5,5,2,0.66,0.74,0.58,0.62,0.64,Jesus Smith,21,Male
4,3,3,1,1,4,5,4,5,4,5,5,4,3,5,2,2,3,5,1,2,2,5,4,3,5,2,5,1,3,3,5,2,5,5,5,2,3,2,1,2,3,2,5,5,4,1,5,5,1,0.68,0.7,0.64,0.66,0.66,Justin Rodgers,25,Female
5,3,3,1,2,1,5,3,1,4,1,1,4,3,2,5,5,3,2,3,4,4,3,2,3,3,3,1,3,1,2,5,5,3,1,3,4,3,1,3,5,1,1,1,1,2,1,1,1,4,0.56,0.58,0.54,0.6,0.36,Frank Carr,29,Female
5,1,1,2,4,1,2,3,3,4,4,4,3,3,5,3,1,2,2,5,3,1,5,2,2,3,2,2,2,4,1,2,3,1,2,2,5,3,3,3,5,3,4,2,3,4,2,4,2,2,0.52,0.64,0.52,0.5,0.62,Terry Patel,24,Male
1,2,3,1,3,2,1,4,4,3,5,5,3,5,5,4,5,4,1,3,2,2,3,5,1,4,5,2,1,5,1,1,3,2,4,4,2,5,4,3,5,5,3,4,4,2,3,4,5,4,0.48,0.8,0.6,0.58,0.78,Gordon Sanders,26,Male
4,2,4,4,2,3,5,3,2,4,2,2,4,4,1,3,5,3,5,1,3,5,3,2,4,2,1,1,4,5,2,3,2,5,5,5,4,1,1,4,2,1,1,3,2,3,4,1,2,5,0.66,0.6,0.6,0.64,0.48,Lee Evans,20,Male
3,5,5,3,5,1,5,4,4,5,5,2,2,1,4,1,1,1,1,4,5,1,1,2,5,3,5,3,5,3,5,3,2,3,3,2,2,2,5,4,3,1,1,5,1,5,4,3,3,3,0.8,0.44,0.66,0.62,0.58,Rachel Estrada,20,Female
4,5,2,3,3,3,1,2,1,2,2,4,2,4,3,5,2,2,2,3,2,5,3,3,1,4,3,1,2,4,1,5,3,3,5,3,3,2,3,1,4,3,3,2,3,5,5,1,1,1,0.52,0.58,0.56,0.58,0.56,Suzanne Johnson,24,Female
2,5,4,5,5,3,5,2,2,4,2,1,2,3,3,3,2,5,1,5,5,5,1,1,4,4,2,3,3,4,5,5,1,5,5,1,2,4,2,3,2,5,1,1,4,5,3,2,1,5,0.74,0.54,0.64,0.66,0.58,Erik Morgan,27,Female
3,4,1,2,3,5,3,1,3,2,3,2,1,3,3,1,4,5,5,5,5,4,5,3,4,2,4,5,3,4,5,1,5,2,1,5,1,1,2,1,2,5,5,2,2,2,4,4,3,5,0.54,0.64,0.78,0.48,0.68,Thomas Coleman,19,Female
2,5,3,1,4,1,2,4,3,4,3,1,1,2,3,3,5,3,1,5,2,3,3,1,2,4,3,2,2,1,1,2,3,2,1,4,4,2,5,4,4,3,3,3,4,1,3,2,3,3,0.58,0.54,0.46,0.56,0.58,Monica Dixon DDS,22,Female
1,1,1,3,1,5,5,2,5,3,5,5,4,3,2,5,2,2,5,5,3,5,2,2,3,4,1,5,5,5,2,3,5,1,3,1,4,3,4,1,3,3,4,1,1,3,1,3,5,1,0.54,0.76,0.7,0.54,0.5,Mary Martin,26,Female
1,5,1,3,2,4,4,1,4,2,5,5,5,2,4,5,4,4,3,1,3,5,3,3,5,3,5,1,5,2,1,4,5,1,4,5,1,4,2,1,5,3,1,4,5,4,2,3,4,3,0.54,0.76,0.7,0.56,0.68,Patrick Pearson,27,Female
5,2,2,4,2,5,3,4,3,4,5,4,5,1,2,5,2,4,1,4,4,5,5,2,4,3,2,1,1,1,5,3,3,2,4,4,1,4,1,3,5,4,2,2,5,1,3,2,4,4,0.68,0.66,0.56,0.6,0.64,Lisa Thompson,25,Male
4,5,1,3,5,5,4,2,4,2,4,4,3,3,5,3,3,2,5,3,5,4,2,5,1,2,4,5,1,3,4,4,4,4,4,3,2,2,3,1,5,3,4,3,3,3,2,5,3,3,0.7,0.7,0.64,0.62,0.68,Christine Singh,29,Female
3,1,1,3,5,5,4,2,1,4,1,3,1,1,3,5,1,1,4,1,3,4,1,2,3,3,3,3,3,2,1,4,2,2,3,3,2,1,4,1,1,3,5,4,1,5,3,3,4,5,0.58,0.42,0.54,0.46,0.68,Sara Schwartz,18,Male
3,3,5,4,5,3,4,3,4,5,3,3,3,5,4,2,5,5,2,4,4,1,3,2,2,4,2,3,5,5,2,3,1,3,3,5,1,3,2,4,5,5,1,5,5,4,4,4,2,2,0.78,0.72,0.62,0.54,0.74,Deborah Cox,28,Male
1,4,2,3,5,3,1,1,5,5,4,2,2,4,5,1,2,4,4,5,2,1,5,4,3,1,2,4,1,3,3,5,4,1,1,2,4,1,1,1,3,3,3,3,5,3,3,5,1,1,0.6,0.66,0.52,0.46,0.6,Gary Orozco Jr.,21,Male
4,1,4,5,5,5,2,2,2,5,4,3,2,4,1,2,1,3,4,2,2,4,4,1,5,3,4,4,4,1,5,5,4,1,4,3,3,5,2,3,5,4,3,2,2,5,3,3,4,4,0.7,0.52,0.64,0.7,0.7,Jason Kennedy,25,Male
1,2,4,2,1,3,4,3,1,3,1,1,1,5,3,5,5,4,4,2,3,5,4,4,2,3,5,1,5,5,5,1,1,3,4,1,5,2,5,3,1,5,4,2,1,4,1,1,5,5,0.48,0.62,0.74,0.6,0.58,Jennifer Benjamin,29,Male
3,1,3,3,1,4,4,4,3,5,5,2,3,3,3,2,3,2,5,4,1,3,1,2,4,4,5,5,3,1,2,5,5,3,2,5,4,3,3,2,1,2,2,4,3,4,3,4,3,4,0.62,0.64,0.58,0.68,0.6,Melissa Owens,19,Female
4,3,4,4,4,3,5,4,3,2,5,2,1,3,3,1,5,4,3,3,3,4,3,1,5,1,3,4,5,5,2,5,5,2,5,5,5,4,5,3,1,4,5,4,3,5,3,2,2,1,0.72,0.6,0.68,0.82,0.6,Andrea Navarro,29,Male
4,4,1,2,5,1,1,4,1,2,5,1,3,5,4,5,2,3,4,3,3,4,3,4,4,4,3,5,4,5,5,5,1,1,3,5,2,2,4,5,2,2,2,2,2,4,1,5,4,1,0.5,0.7,0.78,0.66,0.5,James Mitchell,28,Female
4,4,2,4,1,5,4,2,4,3,5,1,3,2,4,1,2,4,4,5,5,5,3,3,5,4,2,2,3,1,2,3,5,5,1,3,3,1,1,1,5,2,4,1,3,5,4,1,5,4,0.66,0.62,0.66,0.5,0.68,Kimberly Green,29,Male
3,2,3,4,3,4,3,1,2,5,4,5,4,3,5,3,1,5,2,3,2,3,1,1,4,2,3,2,3,2,3,1,1,3,5,1,2,3,4,4,2,1,2,3,2,5,3,4,1,3,0.6,0.7,0.46,0.54,0.52,Joseph Page,27,Female
2,4,2,4,5,4,2,1,5,5,1,5,4,2,3,1,2,3,3,5,3,5,1,5,4,3,4,1,3,3,5,5,1,1,4,3,2,2,5,1,5,5,5,5,5,3,2,3,3,4,0.68,0.58,0.64,0.58,0.8,Eric Maynard,21,Female
5,4,5,4,4,4,1,5,4,1,2,5,3,3,4,2,2,2,3,4,4,2,5,1,4,3,4,5,5,5,5,5,5,2,1,5,5,1,3,4,2,2,1,5,2,3,2,3,2,3,0.74,0.6,0.76,0.72,0.5,Amy Harrison,18,Male
3,2,5,1,3,1,2,5,3,1,1,2,1,2,4,4,4,5,5,4,5,2,2,2,5,4,5,2,4,5,2,3,5,1,4,2,2,3,1,1,3,2,2,5,4,5,4,5,1,5,0.52,0.64,0.72,0.48,0.72,Joseph Simpson,23,Male
5,2,5,1,4,4,1,5,3,2,4,5,3,1,1,3,3,2,5,5,1,4,5,4,4,5,5,1,5,1,3,2,1,1,2,4,3,1,3,3,4,5,3,1,2,4,2,1,4,3,0.64,0.64,0.7,0.46,0.58,Sean Thomas,27,Female
4,3,1,4,2,3,2,5,2,3,4,1,5,3,3,2,5,1,4,5,3,2,1,1,2,2,5,2,5,1,2,4,2,2,5,3,5,2,4,3,2,5,4,2,5,1,5,2,5,1,0.58,0.66,0.48,0.64,0.64,Anthony Sharp,20,Male
2,2,4,4,4,3,3,5,5,5,2,4,5,4,4,2,2,5,3,4,2,1,1,4,5,1,5,2,3,1,1,4,1,5,3,3,2,1,1,3,5,4,3,5,5,3,4,5,4,4,0.74,0.7,0.5,0.48,0.84,Elizabeth Rios,23,Male
2,4,3,1,4,4,1,4,5,2,5,3,5,4,1,2,2,2,1,3,3,3,5,1,4,2,3,3,3,2,5,1,2,5,1,4,5,4,5,2,3,4,4,2,5,4,3,3,2,1,0.6,0.56,0.58,0.68,0.62,Regina Green,27,Female
1,1,2,2,4,2,1,4,2,4,4,2,3,2,5,5,3,3,3,4,3,3,4,3,3,5,5,4,5,1,5,1,4,1,5,1,5,5,4,2,5,3,4,2,1,5,5,2,2,5,0.46,0.68,0.72,0.66,0.68,Gregory Tucker,26,Male
5,3,1,1,4,2,2,1,3,3,5,5,1,2,2,2,5,3,3,4,5,5,3,5,5,4,5,3,4,5,5,5,5,5,5,3,4,4,4,4,4,1,3,5,1,1,5,5,1,5,0.5,0.64,0.88,0.88,0.62,Glenda Hebert,21,Female
1,4,1,1,4,5,1,1,2,1,2,4,4,3,5,2,2,5,4,4,4,4,4,5,1,5,4,2,1,5,5,3,4,4,3,4,4,4,3,5,3,4,1,3,3,5,4,2,3,1,0.42,0.7,0.7,0.78,0.58,Ashley Reynolds,25,Male
4,3,3,1,2,5,3,4,3,3,2,3,5,3,5,3,5,3,3,3,5,1,5,1,3,3,3,3,1,3,5,5,5,2,1,1,4,3,1,2,1,2,5,3,1,3,5,5,3,2,0.62,0.7,0.56,0.58,0.6,Heather Phillips,28,Male
3,3,5,1,5,4,3,4,1,2,2,1,1,1,5,3,1,4,4,3,1,5,4,2,5,4,3,2,2,2,5,4,2,5,2,4,4,4,5,2,1,1,3,3,2,3,5,1,5,3,0.62,0.5,0.6,0.74,0.54,Joseph Vaughan,23,Male
4,4,5,1,1,2,2,1,4,3,4,3,1,2,4,1,4,3,2,5,5,5,5,2,3,4,1,1,2,3,5,3,2,3,2,2,1,2,2,3,3,5,4,1,4,2,1,2,4,3,0.54,0.58,0.62,0.5,0.58,Sharon Greene,23,Female
5,5,2,2,2,4,1,1,2,2,2,1,4,5,1,2,2,5,5,5,2,3,4,3,3,1,2,5,5,3,3,3,4,5,4,3,4,2,4,3,4,1,4,3,1,2,2,5,4,5,0.52,0.64,0.62,0.7,0.62,Samantha Perkins,24,Female
5,5,4,2,5,3,4,5,4,4,4,1,4,4,3,4,3,2,5,5,5,3,2,5,4,3,1,5,3,2,1,2,1,4,4,1,4,3,2,1,4,3,2,5,1,5,1,1,5,1,0.82,0.7,0.66,0.46,0.56,Amanda Nunez,28,Female
4,1,3,3,5,5,5,5,2,2,3,5,3,1,4,2,1,2,4,5,5,1,3,4,5,4,1,2,3,2,4,5,2,1,4,4,4,2,2,4,4,4,1,3,5,5,3,3,5,2,0.7,0.6,0.6,0.64,0.7,Christopher Wong,22,Male
5,5,5,3,4,3,3,1,5,5,2,5,3,4,2,2,5,3,3,2,4,5,1,1,1,2,3,3,4,3,5,5,5,2,2,5,1,4,2,3,3,4,3,4,1,3,1,2,5,5,0.78,0.62,0.54,0.68,0.62,Lisa Humphrey,19,Female
3,2,3,4,3,4,3,4,1,5,3,4,2,3,1,4,4,1,5,3,4,2,5,4,2,5,4,4,4,4,5,5,3,1,4,1,1,5,2,5,4,5,5,2,4,4,1,2,5,1,0.64,0.6,0.76,0.64,0.66,Kenneth Jackson,23,Male
5,5,3,4,3,1,2,1,4,2,5,2,5,1,1,5,2,4,5,5,3,4,1,3,5,1,5,2,5,5,1,5,2,3,1,1,1,3,2,5,4,1,5,4,3,1,5,3,2,1,0.6,0.7,0.68,0.48,0.58,Samantha Burch,28,Male
5,5,5,3,1,2,2,5,4,5,5,4,1,5,3,4,1,4,5,4,3,2,3,3,1,4,5,1,1,2,3,5,3,4,4,3,1,1,1,4,5,3,1,3,3,5,5,5,3,5,0.74,0.72,0.5,0.58,0.76,Albert Wilson,28,Male
3,1,3,1,1,5,5,5,4,4,2,3,5,2,4,4,1,2,1,5,3,5,1,2,3,2,1,2,2,5,5,4,1,5,4,4,1,2,2,2,5,3,4,2,3,4,5,4,3,1,0.64,0.58,0.52,0.6,0.68,Anna Diaz,25,Female
4,2,5,2,4,5,2,2,5,2,3,2,4,1,4,2,4,2,1,4,4,5,4,4,3,3,1,3,4,2,2,5,3,2,2,5,1,4,5,1,4,4,2,1,5,2,4,3,4,5,0.66,0.54,0.66,0.6,0.68,Jeffrey Duncan,26,Female
4,4,1,4,1,4,2,5,1,3,4,1,5,5,3,1,3,2,2,2,4,5,5,4,3,2,4,4,2,3,3,5,5,2,2,3,3,2,2,3,1,4,1,3,3,2,2,4,3,2,0.58,0.56,0.72,0.6,0.5,Ronald Evans DVM,29,Male
5,2,1,5,3,4,3,2,4,1,1,2,2,3,2,1,2,5,2,4,3,1,1,3,5,5,4,1,3,5,1,1,2,4,1,1,5,2,4,3,2,2,1,2,4,1,5,4,4,3,0.6,0.48,0.62,0.48,0.56,Amy Zimmerman,23,Female
1,2,5,4,3,3,1,1,4,1,3,2,1,5,1,1,2,4,4,1,5,1,5,5,4,3,5,3,2,4,2,3,3,2,1,4,4,5,4,4,4,5,2,3,1,5,1,5,3,3,0.5,0.48,0.74,0.64,0.64,Tyler King,24,Female
3,4,5,2,3,1,2,2,3,4,1,2,5,3,5,2,4,1,3,3,4,3,3,1,2,3,4,2,5,1,4,5,4,2,4,3,2,2,3,1,5,4,3,5,2,1,1,3,4,4,0.58,0.58,0.56,0.6,0.64,Dakota Rivera,18,Female
3,3,2,3,1,2,3,5,2,5,4,1,2,2,4,2,5,4,5,3,1,4,5,3,1,4,4,2,2,2,4,1,5,3,5,1,1,5,5,4,3,5,2,1,3,2,4,5,3,4,0.58,0.64,0.56,0.68,0.64,Hannah Gardner,19,Male
2,5,5,5,4,2,2,4,2,2,2,1,2,3,4,3,4,4,4,3,3,5,2,1,4,4,1,3,2,4,4,1,2,4,1,3,1,2,2,5,1,3,2,1,1,1,5,2,1,5,0.66,0.6,0.58,0.5,0.44,Lori Knight,24,Female
3,2,3,4,1,3,2,5,3,2,2,4,4,1,1,4,5,1,1,1,1,2,1,2,3,5,5,3,5,2,5,3,4,2,3,5,5,4,4,3,3,5,2,2,4,2,2,4,1,1,0.56,0.48,0.58,0.76,0.52,Nicholas Mcdonald,24,Male
2,4,5,3,4,2,3,1,4,2,1,5,4,4,1,5,2,2,1,3,2,1,3,4,3,5,5,5,2,1,5,4,1,1,4,2,3,2,5,1,5,3,4,4,4,2,3,1,5,4,0.6,0.56,0.62,0.56,0.7,Dustin Lewis,27,Female
4,3,2,3,4,4,1,4,1,2,2,1,2,5,2,1,1,1,1,5,4,5,3,1,3,5,5,2,1,2,3,5,5,5,1,4,2,3,1,5,1,1,2,5,3,2,5,4,1,4,0.56,0.42,0.62,0.68,0.56,Kimberly Obrien,18,Male
2,2,2,5,5,3,1,1,2,4,3,1,3,3,2,5,2,3,3,3,3,1,3,2,2,1,1,2,1,4,4,4,1,1,4,5,1,1,1,2,3,4,5,3,3,3,3,4,1,1,0.54,0.56,0.4,0.48,0.6,Bryan Murphy,21,Female
2,3,2,1,1,3,4,1,4,3,2,1,3,4,2,4,2,3,4,1,4,4,2,2,5,1,4,2,4,5,4,5,4,5,5,1,2,2,3,2,1,5,4,5,5,3,1,3,2,2,0.48,0.52,0.66,0.66,0.62,Craig Smith,24,Male
1,5,4,4,2,1,2,5,5,5,4,2,1,4,4,4,2,4,4,5,4,3,2,1,3,1,5,2,2,2,5,4,5,3,4,4,3,4,5,1,4,3,2,1,3,5,3,2,2,2,0.68,0.68,0.5,0.76,0.54,Elizabeth Diaz,19,Female
3,1,2,2,4,3,5,3,3,2,3,2,3,3,5,2,3,2,3,2,5,1,4,5,4,3,3,2,2,2,4,2,5,4,3,4,2,5,2,5,5,4,4,4,3,2,4,1,2,2,0.56,0.56,0.62,0.72,0.62,Jacob Cervantes,26,Male
2,2,5,5,2,3,3,2,3,5,1,5,2,4,2,1,3,5,4,2,1,1,2,1,2,4,5,2,4,1,3,1,2,4,5,4,4,1,4,5,5,5,5,4,4,5,3,2,1,2,0.64,0.58,0.46,0.66,0.72,Christopher Jackson,29,Female
2,1,1,2,4,2,5,4,3,4,4,4,1,3,3,5,4,1,4,2,3,4,2,5,5,1,1,2,1,2,2,4,1,4,1,3,1,2,1,4,3,1,1,2,1,5,2,2,5,3,0.56,0.62,0.52,0.46,0.5,Sean Ho,26,Male
5,2,4,5,5,4,4,4,5,1,3,3,3,2,5,4,5,1,5,2,1,3,4,5,1,1,5,3,3,2,4,4,1,3,2,3,1,3,2,2,5,5,5,5,2,1,5,5,1,3,0.78,0.66,0.56,0.5,0.74,Tiffany Willis,25,Female
4,1,5,5,1,2,3,1,3,5,5,5,2,4,1,3,3,3,4,3,5,2,2,4,5,4,1,2,1,3,1,5,1,2,4,2,3,5,5,3,4,2,1,4,3,1,5,2,1,2,0.6,0.66,0.58,0.62,0.5,Lauren Johnston,25,Female
1,1,2,3,2,2,1,3,1,2,4,4,1,2,4,5,4,4,5,4,3,5,4,5,5,5,1,5,3,1,4,2,1,1,3,4,3,3,5,4,1,4,4,1,1,5,4,5,1,1,0.36,0.74,0.74,0.6,0.54,Lori Zuniga,20,Female
5,4,3,4,3,4,1,2,5,4,1,2,4,5,4,2,3,4,1,3,4,3,1,4,1,2,4,3,5,5,4,3,1,5,1,3,1,4,3,2,3,5,1,3,4,2,1,2,3,1,0.7,0.58,0.64,0.54,0.5,Monique Campbell,23,Female
5,5,5,4,3,5,3,1,3,1,4,3,4,3,2,5,5,5,4,4,4,3,4,5,2,5,4,3,5,3,5,3,5,5,3,5,4,5,2,3,2,2,2,1,4,3,5,3,4,4,0.7,0.78,0.76,0.8,0.6,Travis Pittman,19,Male
4,1,1,5,2,3,2,2,5,1,5,3,3,5,3,4,4,5,2,5,1,4,4,3,2,2,1,1,2,3,3,1,4,3,2,5,4,4,4,4,4,3,2,2,1,1,1,1,1,5,0.52,0.78,0.46,0.68,0.42,Douglas Reyes,20,Female
1,2,4,5,1,4,3,1,1,3,2,1,4,1,5,2,5,2,5,1,3,5,1,4,5,4,3,1,1,4,1,2,5,1,3,5,1,1,2,3,3,2,1,5,2,5,1,2,5,1,0.5,0.56,0.62,0.48,0.54,Melissa Newton,29,Female
3,5,3,4,1,2,1,5,1,4,1,1,3,2,4,3,3,5,2,1,2,5,3,3,4,4,2,5,1,5,1,4,5,5,4,4,4,3,2,5,5,2,3,2,1,1,3,3,2,5,0.58,0.5,0.68,0.74,0.54,Rebecca Sanders,27,Male
3,2,5,2,5,3,1,5,4,1,5,2,4,3,2,1,2,1,5,5,2,5,4,5,2,5,3,5,4,3,5,1,4,3,2,3,4,3,1,2,1,4,1,1,5,4,1,4,3,2,0.62,0.6,0.76,0.56,0.52,April Martin,25,Female
3,4,2,5,2,3,5,1,2,1,4,2,1,5,4,5,4,1,2,3,5,5,2,2,3,2,5,2,5,2,2,4,1,5,1,1,5,2,1,4,3,4,2,3,3,5,2,1,1,3,0.56,0.62,0.66,0.52,0.54,Susan Strickland,29,Male
3,5,2,3,5,1,4,4,2,4,4,4,2,4,2,1,5,1,3,1,5,5,4,4,2,2,4,3,3,2,2,3,4,4,3,2,3,4,2,5,5,2,4,4,4,3,2,1,5,4,0.66,0.54,0.68,0.64,0.68,Dennis Morgan,26,Female
2,4,4,4,5,1,2,2,2,4,2,2,2,4,2,4,5,5,5,1,1,2,2,5,1,3,2,1,4,3,5,4,2,2,2,1,2,4,2,3,5,3,5,2,1,2,2,1,2,5,0.6,0.64,0.48,0.54,0.56,Jordan Bailey,20,Female
5,5,4,3,3,4,3,5,5,1,3,1,1,4,4,3,5,5,3,2,2,3,2,5,4,3,1,1,3,2,1,2,4,3,5,1,3,4,1,2,5,1,5,4,4,2,2,2,5,3,0.76,0.62,0.52,0.52,0.66,Amber Brooks,27,Male
4,1,5,4,4,4,5,5,3,3,2,2,4,3,4,4,1,1,5,1,2,5,1,5,4,3,3,2,5,5,1,1,3,1,3,5,3,2,5,3,1,2,1,2,2,2,3,5,1,1,0.76,0.54,0.7,0.54,0.4,Laura Brown,27,Female
4,3,2,2,2,5,5,2,3,4,2,2,3,5,1,1,2,2,4,1,1,4,4,5,5,4,1,4,4,4,1,3,2,5,3,4,1,4,5,5,1,4,4,1,5,5,3,5,2,5,0.64,0.46,0.72,0.66,0.7,Robert Johnson,25,Male
2,1,5,2,3,4,5,4,1,2,4,5,1,1,5,4,1,2,3,2,5,1,3,4,4,1,5,5,5,2,1,4,4,3,5,2,2,3,3,5,4,1,3,2,4,1,3,1,1,4,0.58,0.56,0.7,0.64,0.48,Travis Anderson,18,Female
1,3,3,2,4,2,4,4,2,5,5,5,3,5,5,3,3,2,1,5,2,2,3,4,2,4,5,2,2,1,1,1,1,2,1,3,3,3,4,2,3,5,3,4,1,3,3,2,5,3,0.6,0.74,0.54,0.42,0.64,Monica Porter,27,Male
3,4,5,4,4,2,4,1,3,1,1,4,1,4,3,5,2,5,1,2,2,1,3,5,3,5,2,5,1,2,2,5,2,4,3,5,3,5,1,4,5,5,5,1,4,1,4,2,4,5,0.62,0.56,0.58,0.68,0.72,Mr. Travis Robertson DDS,18,Female
2,4,1,1,4,5,3,3,4,4,4,1,2,1,1,5,3,4,4,3,1,3,1,4,4,4,4,4,2,2,1,2,2,1,4,3,5,5,5,5,3,5,1,4,5,2,5,2,3,2,0.62,0.56,0.58,0.66,0.64,Tyler Oconnor,28,Male
2,3,1,5,5,5,3,3,1,2,5,5,4,1,1,5,5,5,3,3,2,1,3,5,4,4,4,5,2,3,1,4,2,5,1,5,3,4,3,2,5,3,1,2,3,3,4,1,4,2,0.6,0.74,0.66,0.6,0.56,Francis Collins,19,Female
3,4,4,2,2,1,1,1,5,1,2,5,1,4,2,2,4,5,1,2,3,3,2,3,5,3,5,3,5,1,2,2,2,1,3,2,1,3,2,4,5,4,4,4,1,5,5,3,5,2,0.48,0.56,0.66,0.44,0.76,Nicole Williams,29,Female
1,1,1,2,1,4,3,2,2,3,4,4,4,5,1,3,5,4,1,3,5,5,2,2,4,1,4,2,4,4,1,4,1,5,3,4,4,2,2,4,5,4,4,3,3,2,1,2,4,1,0.4,0.68,0.66,0.6,0.58,Robert Miller,20,Female
2,5,4,2,4,5,3,5,2,5,4,4,2,4,5,1,5,3,3,2,1,2,4,5,2,2,1,5,1,2,5,5,5,2,4,2,4,5,3,4,1,5,5,2,5,1,4,2,3,2,0.74,0.66,0.5,0.78,0.6,Brian Franco,24,Female
5,2,3,1,2,1,4,4,3,3,2,5,3,2,2,1,2,2,2,1,5,2,5,3,5,2,5,3,4,3,3,3,2,2,3,3,1,3,4,3,1,2,1,2,1,5,1,2,2,3,0.56,0.44,0.74,0.54,0.4,Jody Stewart,28,Male
1,5,3,2,4,5,4,4,2,5,5,5,4,5,5,3,2,1,4,4,3,2,3,5,3,2,1,1,5,5,4,2,1,1,2,3,5,2,4,3,3,3,3,1,1,2,2,3,5,1,0.7,0.76,0.6,0.54,0.48,Jeffery Vargas,27,Male
4,5,2,2,4,2,3,4,1,5,4,4,5,4,5,1,5,1,2,1,3,1,3,4,5,5,4,1,3,4,5,5,1,2,4,3,1,3,1,3,3,2,4,4,1,1,5,2,5,5,0.64,0.64,0.66,0.56,0.64,Jessica White,18,Female
5,2,2,5,2,5,1,1,5,4,2,4,5,3,1,5,5,2,3,3,5,2,4,3,2,4,2,4,4,2,5,2,1,4,3,5,3,3,3,2,2,4,4,3,1,1,4,3,5,1,0.64,0.66,0.64,0.62,0.56,Dr. James Bailey DDS,28,Female
3,4,1,1,4,3,2,5,5,2,5,5,4,1,1,5,3,3,4,3,1,1,4,2,1,5,4,4,1,3,4,1,2,3,2,3,2,4,1,5,4,5,5,4,4,3,2,4,5,3,0.6,0.68,0.52,0.54,0.78,Katherine Yates,28,Male
3,1,4,4,2,4,5,5,2,3,5,2,2,5,4,5,4,4,4,4,2,1,3,2,2,2,3,2,3,5,3,4,3,4,2,5,4,1,1,1,1,3,1,5,4,2,1,3,2,1,0.66,0.78,0.5,0.56,0.46,Gordon Hess,21,Male
1,3,1,3,5,1,1,2,4,2,5,2,1,4,3,5,4,2,2,3,3,3,2,3,5,1,3,2,5,5,4,4,2,5,3,2,4,1,2,5,4,3,1,1,4,3,3,4,2,5,0.46,0.62,0.64,0.64,0.6,Erica Cook,26,Male
5,4,3,1,2,2,3,4,3,1,3,1,4,5,2,5,2,1,4,1,2,1,2,2,5,3,2,3,1,3,3,2,2,1,2,3,2,5,4,4,2,4,5,1,4,5,2,5,5,5,0.56,0.56,0.48,0.56,0.76,Joyce Reese,20,Female
1,2,2,3,1,3,1,3,4,4,2,1,5,2,4,3,3,4,2,1,5,5,5,4,4,2,4,2,2,5,4,1,2,5,2,4,1,4,1,2,5,5,3,1,3,4,1,4,5,1,0.48,0.54,0.76,0.52,0.64,Luis Jackson,21,Female
2,5,2,3,1,2,5,1,2,4,4,4,3,5,3,2,5,1,4,2,4,2,2,5,5,2,4,4,3,5,3,1,3,1,3,5,1,4,3,2,3,1,2,5,4,1,3,5,2,2,0.54,0.66,0.72,0.52,0.56,Patricia Bowman,19,Female
4,3,5,1,1,5,3,5,5,2,5,2,4,4,3,5,3,2,4,3,4,1,4,1,5,4,2,5,2,1,3,3,3,1,3,4,2,1,1,4,5,3,3,4,3,3,5,5,2,2,0.68,0.7,0.58,0.5,0.7,Melissa Diaz,29,Female
4,5,1,1,2,1,3,2,4,1,5,2,4,1,3,5,5,3,5,5,4,3,1,1,5,2,4,2,1,3,4,1,5,2,5,3,3,3,4,3,4,3,3,3,5,4,5,5,4,1,0.48,0.76,0.52,0.66,0.74,Samuel Stevens,25,Female
3,5,1,5,5,3,2,5,2,5,3,3,1,4,1,1,3,3,2,1,4,5,4,4,4,3,5,5,1,5,4,4,1,1,3,4,2,1,5,3,2,5,5,3,4,3,1,1,1,5,0.72,0.44,0.8,0.56,0.6,Jeff Villarreal,20,Female
2,5,2,3,3,4,5,3,2,3,2,2,2,5,5,3,2,2,4,1,5,1,4,5,3,3,4,1,5,1,2,4,2,1,5,1,4,2,4,5,5,4,2,5,2,3,1,5,5,2,0.64,0.56,0.64,0.6,0.68,Mr. Adam Ward,19,Female
5,1,5,4,1,4,5,4,1,4,3,5,3,3,3,4,5,5,3,3,4,5,3,1,3,5,1,3,3,4,1,4,1,4,5,4,4,1,1,5,1,2,3,3,4,1,4,3,4,2,0.68,0.74,0.64,0.6,0.54,Nancy Owens,26,Female
1,3,5,1,3,1,3,1,4,2,5,1,5,3,2,2,5,3,5,1,5,2,2,5,3,1,1,1,5,5,4,4,5,1,1,3,4,1,1,1,3,5,3,1,5,2,3,5,3,4,0.48,0.64,0.6,0.5,0.68,Brooke Davis,24,Male
3,4,5,4,3,3,2,3,5,5,4,3,2,4,3,2,2,2,4,5,2,3,3,3,1,3,4,3,4,5,3,1,4,1,3,1,4,1,1,4,3,3,4,1,4,4,1,5,3,3,0.74,0.62,0.62,0.46,0.62,Michael Moreno,25,Male
4,5,3,3,3,4,2,2,5,2,2,5,4,4,3,3,1,4,5,1,5,1,2,2,2,3,5,4,3,5,3,3,4,4,2,3,2,2,5,5,3,1,5,2,2,4,3,2,1,5,0.66,0.64,0.64,0.66,0.56,Jessica Smith,21,Female
5,1,2,2,1,2,5,2,3,2,3,4,1,2,1,4,2,5,4,5,1,2,1,2,3,4,2,2,3,2,1,2,4,2,4,2,2,3,4,1,4,5,3,5,2,3,2,3,5,1,0.5,0.62,0.44,0.5,0.66,Alejandro Casey,22,Male
4,4,5,1,1,5,2,4,4,3,1,4,5,3,1,5,4,2,1,2,2,4,5,2,1,2,1,5,3,2,1,3,1,4,5,2,1,4,3,1,4,4,1,1,1,2,3,5,3,2,0.66,0.56,0.54,0.5,0.52,Benjamin Scott,28,Female
1,3,3,2,3,2,4,4,1,5,1,1,4,1,2,4,5,4,1,5,1,5,3,5,1,4,2,5,3,3,3,2,1,4,4,4,2,3,4,1,1,3,2,1,3,5,1,2,4,1,0.56,0.56,0.64,0.56,0.46,Bruce Hogan,24,Female
2,3,5,4,3,1,5,3,5,1,2,1,4,3,1,1,3,2,1,5,2,2,5,3,4,2,4,1,5,3,4,3,3,1,4,3,1,3,5,5,4,5,3,2,4,5,4,1,1,2,0.64,0.46,0.62,0.64,0.62,Robin Mullen,28,Female
2,1,5,5,5,2,2,1,4,3,3,4,2,3,3,2,5,3,4,4,2,4,4,5,1,4,1,5,4,4,4,2,1,4,5,5,5,1,1,5,2,1,5,5,4,2,1,2,5,3,0.6,0.66,0.68,0.66,0.6,Wayne Walker,25,Male
3,2,3,4,5,3,2,5,2,1,4,2,3,1,1,1,2,5,1,4,4,4,4,5,3,4,5,5,2,5,5,2,2,5,3,4,5,3,3,3,3,4,5,4,5,2,2,2,1,3,0.6,0.48,0.82,0.7,0.62,Sara Castro,25,Female
4,1,2,3,3,5,2,2,1,2,1,3,5,4,3,3,2,4,1,3,4,1,2,2,1,1,4,1,2,1,2,2,3,3,1,2,3,1,4,4,5,1,4,4,3,2,2,2,3,3,0.5,0.58,0.38,0.5,0.58,Casey Hardy,19,Male
4,2,5,3,3,3,4,2,1,5,1,2,4,3,4,2,1,5,4,3,2,4,4,4,4,5,4,3,5,2,5,3,2,1,1,4,5,4,5,5,3,5,1,5,2,1,4,4,4,2,0.64,0.58,0.74,0.7,0.62,Erin Black,22,Female
4,4,4,2,5,4,1,1,3,5,5,2,5,4,3,1,2,3,3,5,3,1,5,4,1,1,5,4,2,3,5,3,5,3,3,5,1,5,3,2,5,4,5,3,2,3,4,1,2,1,0.66,0.66,0.58,0.7,0.6,Kyle Pena,27,Female
2,1,3,2,4,2,4,2,3,2,3,1,5,3,2,5,4,5,2,5,4,1,3,4,5,1,2,3,1,5,4,5,4,1,5,3,1,4,5,2,5,2,5,2,2,1,3,4,4,3,0.5,0.7,0.58,0.68,0.62,Traci Elliott,26,Male
5,5,1,4,1,4,1,3,1,1,4,2,4,4,1,5,2,5,4,1,1,3,2,5,4,2,4,1,2,3,5,2,3,1,4,1,1,1,4,1,4,2,1,4,2,1,2,3,1,5,0.52,0.64,0.54,0.46,0.5,Laura Butler,22,Female
4,1,3,1,2,3,1,3,3,2,1,3,4,5,5,3,5,5,4,2,5,1,2,5,4,5,4,4,4,5,5,1,4,2,5,5,5,3,3,4,2,5,5,2,3,2,2,2,3,1,0.46,0.74,0.78,0.74,0.54,Michael Williams,29,Male
3,5,1,3,4,4,3,1,4,3,4,5,3,3,5,3,2,5,3,1,1,5,5,5,3,3,5,5,4,2,1,5,1,2,4,2,3,4,2,3,3,3,3,4,5,4,4,3,4,4,0.62,0.68,0.76,0.54,0.74,Charles Wallace,24,Female
2,5,1,4,5,3,4,3,4,1,3,4,2,2,2,4,5,3,2,3,1,1,5,1,1,5,2,3,3,3,4,3,2,2,4,4,4,4,1,2,4,3,1,1,3,2,1,3,4,4,0.64,0.6,0.5,0.6,0.52,Julie Reynolds,19,Female
4,5,1,4,5,5,3,1,3,4,3,2,5,1,3,3,4,1,4,2,3,4,3,3,3,3,3,3,4,5,5,4,2,5,4,4,1,1,3,3,2,3,3,2,2,3,5,4,4,4,0.7,0.56,0.68,0.64,0.64,Traci Conner,18,Male
3,2,3,3,5,1,4,3,4,1,2,3,1,4,4,5,3,3,1,1,2,4,2,2,5,3,2,1,2,4,1,1,5,2,1,4,1,5,5,5,5,3,3,1,2,1,2,1,1,3,0.58,0.54,0.54,0.6,0.44,Isabel Orozco,21,Female
2,1,1,4,5,4,5,2,3,4,2,4,2,3,2,2,5,4,5,1,1,1,1,1,4,2,4,2,5,5,4,4,4,3,3,1,5,4,2,2,2,3,5,3,1,3,1,2,3,2,0.62,0.6,0.52,0.64,0.5,Sara Martinez,21,Female
5,5,1,4,3,3,4,3,2,5,3,1,4,3,1,2,5,5,1,5,5,1,1,3,5,5,2,2,2,1,3,2,4,1,3,4,1,3,4,2,2,2,3,1,5,2,2,1,1,4,0.7,0.6,0.54,0.54,0.46,Tracy Wolfe,25,Female
3,3,2,1,4,5,4,5,4,1,3,5,5,5,2,5,1,1,5,5,5,5,4,1,5,4,3,3,1,1,2,1,5,2,4,1,1,4,2,3,3,1,1,1,1,5,2,5,2,4,0.64,0.74,0.64,0.5,0.5,Kelli Wood,29,Female
4,5,4,4,2,2,4,1,4,1,2,2,5,1,5,4,3,2,2,4,5,2,1,3,5,2,1,2,1,1,4,4,5,3,4,4,4,4,4,5,4,2,5,4,4,1,2,2,5,3,0.62,0.6,0.46,0.82,0.64,Christopher Leblanc,26,Male
2,4,2,2,5,2,2,3,2,4,4,5,2,1,4,5,1,5,4,3,4,4,3,5,5,3,5,5,1,3,1,1,2,3,3,3,1,4,3,5,5,2,5,3,4,3,2,3,3,2,0.56,0.68,0.76,0.52,0.64,Kelly Moore,29,Male
4,5,4,3,1,5,5,4,2,5,4,2,3,4,2,2,1,4,3,2,1,2,4,5,1,3,4,2,2,4,2,1,2,5,2,1,2,1,1,4,3,5,5,3,1,5,4,4,1,2,0.76,0.54,0.56,0.42,0.66,Robert Richards,23,Female
1,3,2,1,1,1,5,5,2,5,3,4,3,1,4,1,3,2,3,4,2,5,2,1,2,5,1,3,5,5,3,1,3,1,2,2,2,1,5,2,4,2,4,1,5,3,3,1,4,3,0.52,0.56,0.62,0.44,0.6,Amber Sheppard,27,Female
3,2,3,4,3,2,3,5,2,2,2,1,1,3,3,1,5,5,4,3,4,2,2,1,5,3,1,5,2,5,5,5,5,3,2,5,1,4,2,4,1,4,4,1,5,3,3,1,3,1,0.58,0.56,0.6,0.72,0.52,Jennifer Irwin,21,Female
3,2,1,3,2,4,3,1,2,5,3,5,3,2,5,1,3,2,4,3,5,3,4,1,1,3,2,1,4,2,5,4,2,5,5,4,3,2,2,4,1,4,4,2,4,2,1,5,3,3,0.52,0.62,0.52,0.72,0.58,Julie Warren,24,Female
5,3,5,4,5,3,5,4,5,1,5,3,2,1,5,3,3,3,3,2,4,4,3,3,2,2,5,3,2,4,5,3,1,5,2,3,5,5,2,3,4,2,3,5,5,1,1,3,4,2,0.8,0.6,0.64,0.68,0.6,Michael Marshall,21,Female
1,5,5,4,5,2,1,5,5,5,3,5,4,4,1,3,2,1,1,2,5,1,5,4,1,4,5,2,4,5,5,4,1,4,2,5,5,1,4,5,4,1,2,5,5,1,2,1,5,2,0.76,0.52,0.72,0.72,0.56,Amy Garcia,21,Male
5,3,3,1,4,4,1,2,2,2,2,3,3,4,5,5,4,1,5,3,3,2,5,2,3,3,1,4,4,5,2,4,2,2,5,1,3,2,1,3,3,2,1,4,5,1,5,5,3,3,0.54,0.7,0.64,0.5,0.64,Brett Davis,18,Male
1,5,2,4,3,4,3,4,5,5,3,4,2,1,3,3,3,5,1,5,1,1,3,5,3,2,3,1,5,2,3,1,3,3,1,2,3,5,2,2,1,2,3,1,5,4,5,1,3,3,0.72,0.6,0.52,0.5,0.56,Brandi Ramos,28,Male
1,2,1,5,3,2,1,1,2,4,2,3,3,1,5,3,4,2,4,4,4,5,1,2,3,3,1,2,2,2,3,5,5,1,5,2,2,3,2,4,5,1,5,1,5,4,1,2,1,3,0.44,0.62,0.5,0.64,0.56,Sierra Martin,21,Female
1,4,5,1,3,4,1,1,2,2,1,3,3,3,5,1,5,5,5,1,4,3,4,4,1,3,3,5,2,4,5,4,1,4,5,1,2,2,5,3,1,2,2,2,4,5,3,2,3,5,0.48,0.64,0.66,0.64,0.58,Mark Gutierrez,28,Female
1,2,1,5,1,1,2,2,2,3,5,2,5,5,2,2,3,3,5,4,5,2,3,2,1,5,2,4,2,5,4,5,4,4,3,3,3,4,2,5,2,3,1,1,5,1,5,2,2,4,0.4,0.72,0.62,0.74,0.52,Andrea Chang,26,Female
3,2,3,1,4,2,5,3,2,5,4,3,4,5,2,3,3,5,2,4,5,5,3,5,4,2,5,3,4,1,4,2,4,4,4,1,4,4,1,4,3,4,2,2,4,1,2,4,1,2,0.6,0.7,0.74,0.64,0.5,Dale Powell,20,Male
5,4,1,4,5,4,4,4,3,4,4,4,1,1,4,2,4,3,2,3,4,5,4,5,5,5,2,4,4,4,3,4,4,1,5,1,1,1,3,4,4,2,2,2,1,3,1,3,5,5,0.76,0.56,0.84,0.54,0.56,Jason Cole,29,Female
4,3,1,2,3,1,3,5,3,1,3,4,3,1,2,5,2,2,3,2,4,4,5,3,4,3,4,1,4,1,1,1,1,4,2,3,1,3,3,4,4,3,3,5,5,3,5,3,1,1,0.52,0.54,0.66,0.46,0.66,Mark Delgado,18,Male
4,3,5,5,3,5,1,2,3,3,1,3,4,2,4,5,2,3,3,5,1,3,5,3,3,3,5,4,4,1,5,2,1,5,1,5,2,5,5,3,4,2,4,2,5,3,2,2,4,5,0.68,0.64,0.64,0.68,0.66,Joshua Torres,18,Male
2,4,4,1,4,2,1,2,2,3,3,3,2,2,1,4,1,4,1,4,1,1,1,3,5,5,3,3,4,4,4,3,1,2,3,5,5,3,5,4,3,4,5,4,1,3,4,1,4,1,0.5,0.5,0.6,0.7,0.6,Rebecca Cox,29,Male
1,1,4,1,1,1,4,5,1,3,5,5,4,2,2,5,2,5,3,3,5,4,1,2,3,3,4,5,2,4,1,1,5,2,5,3,1,4,3,4,1,2,2,3,2,3,5,2,4,2,0.44,0.72,0.66,0.58,0.52,Cathy Warren,27,Male
5,1,5,4,2,3,2,5,4,1,4,1,5,5,1,5,2,2,3,2,3,2,5,2,1,5,1,5,5,2,4,4,5,3,5,5,4,4,4,1,3,5,2,2,2,1,4,4,3,1,0.64,0.6,0.62,0.78,0.54,Bobby Griffin,23,Male
5,4,1,4,3,4,5,4,3,1,3,4,4,5,5,5,2,3,1,5,1,4,2,1,1,2,2,5,3,3,1,4,2,4,3,5,2,2,1,5,5,1,2,4,1,4,1,3,5,2,0.68,0.74,0.48,0.58,0.56,Gina Harper,25,Male
1,3,5,1,4,4,1,4,1,3,2,1,2,1,3,5,5,1,3,5,4,5,5,1,1,5,1,1,1,3,3,1,1,5,5,4,1,4,4,3,5,4,4,4,5,2,1,4,4,5,0.54,0.56,0.54,0.62,0.76,Alexandra Evans,20,Female
2,3,1,5,2,4,4,5,2,1,5,4,2,3,2,4,2,2,2,2,4,1,3,5,2,3,3,3,4,4,3,3,2,3,4,4,1,1,5,2,1,1,4,5,4,1,4,3,3,2,0.58,0.56,0.64,0.56,0.56,Andrea Pham,20,Female
4,4,5,3,2,4,2,3,1,5,4,1,1,2,5,1,5,3,5,1,4,2,1,5,5,5,3,3,1,2,3,4,2,4,3,2,2,3,3,3,4,3,2,4,2,4,5,5,4,2,0.66,0.56,0.62,0.58,0.7,Travis Chandler,27,Male
5,2,5,2,4,4,5,2,2,5,3,3,3,3,4,1,4,1,3,2,4,5,5,3,4,5,2,4,4,4,4,1,4,2,4,1,3,1,2,1,4,1,3,3,2,2,4,3,5,3,0.72,0.54,0.8,0.46,0.6,Jaime Silva,23,Female
4,2,4,1,5,2,3,4,5,5,2,2,1,3,1,1,1,3,1,5,5,4,1,4,3,2,3,4,2,5,2,1,5,3,5,4,3,3,3,5,1,5,2,4,3,2,3,5,4,5,0.7,0.4,0.66,0.68,0.68,Stephanie Stevens,23,Female
2,5,2,5,1,5,1,5,2,5,1,3,5,5,3,1,2,3,3,4,4,3,2,2,3,5,1,1,2,2,4,2,5,3,3,3,3,5,5,1,3,1,3,2,5,3,5,3,3,1,0.66,0.6,0.5,0.68,0.58,Douglas Giles,18,Male
1,2,5,1,5,3,4,1,3,5,3,2,3,2,3,1,5,2,5,4,4,4,5,1,1,3,4,4,2,1,2,5,5,2,4,2,4,5,2,5,5,1,5,2,3,5,3,3,4,4,0.6,0.6,0.58,0.72,0.7,Brian Tyler,25,Female
4,3,4,3,1,1,1,4,2,2,3,2,3,3,4,3,3,2,4,1,5,2,4,2,4,5,5,4,4,2,1,5,2,1,1,2,1,4,3,3,5,3,1,1,3,2,1,2,4,1,0.5,0.56,0.74,0.46,0.46,Mary Hansen,23,Female
2,5,3,2,3,1,3,2,3,2,4,2,1,1,5,5,3,5,2,3,3,1,5,4,4,4,1,3,1,4,4,5,1,5,2,1,1,2,2,1,2,3,4,5,3,3,4,2,5,4,0.52,0.62,0.6,0.48,0.7,Joanna White,29,Female
1,5,4,2,4,3,1,2,1,1,1,4,4,3,4,3,3,5,2,2,1,5,1,3,5,4,2,5,3,4,2,1,3,2,5,5,2,3,5,3,5,4,1,3,2,4,2,5,5,2,0.48,0.62,0.66,0.62,0.66,Natasha Smith,18,Female
3,2,5,2,1,4,2,3,2,1,1,5,5,3,1,2,5,5,2,2,5,4,3,3,4,1,4,1,4,5,1,2,3,3,1,3,2,4,5,2,5,2,3,1,2,4,5,5,4,5,0.5,0.62,0.68,0.52,0.72,Elizabeth Jones,29,Male
4,4,5,4,1,4,1,2,4,1,5,2,2,3,2,4,4,2,2,4,2,4,2,4,3,2,3,5,2,2,5,4,1,2,2,4,2,5,1,1,5,1,2,2,5,1,4,3,1,5,0.6,0.6,0.58,0.54,0.58,Megan Thompson DDS,29,Male
1,1,3,4,1,3,5,1,5,5,5,5,4,5,1,1,3,2,2,5,1,5,5,2,5,1,1,2,2,4,2,2,4,3,4,1,5,2,3,2,3,5,1,5,1,3,4,1,3,3,0.58,0.66,0.56,0.56,0.58,Daniel Foster,19,Female
2,3,5,1,2,5,2,4,4,3,4,3,1,5,4,2,1,4,4,1,3,1,2,3,2,2,4,1,1,5,5,2,2,3,5,5,5,3,4,2,4,5,3,4,1,4,1,5,5,2,0.62,0.58,0.48,0.72,0.68,Mason Willis,28,Female
5,4,2,3,4,2,1,2,2,4,5,2,3,1,5,5,1,1,5,3,1,4,5,4,2,1,3,4,5,4,3,2,1,5,2,5,2,5,1,2,4,2,3,1,3,2,1,5,1,3,0.58,0.62,0.66,0.56,0.5,William Watkins,28,Female
4,4,2,2,1,1,1,5,1,1,3,4,5,1,1,3,1,1,4,5,4,2,3,1,3,3,3,4,2,2,5,4,3,2,3,5,2,3,4,1,1,4,2,3,1,5,3,2,3,3,0.44,0.56,0.54,0.64,0.54,Kenneth Phillips,19,Male
4,1,5,4,2,4,4,4,4,5,5,4,5,3,2,1,2,4,3,1,5,2,5,4,5,1,5,3,4,3,3,2,1,3,2,1,4,2,3,5,1,3,3,3,2,2,1,4,5,3,0.74,0.6,0.74,0.52,0.54,Sabrina Norton,20,Male
3,1,5,2,2,2,2,4,5,2,5,1,2,5,5,2,2,1,2,1,1,3,3,2,1,5,4,3,5,4,5,2,5,4,2,5,3,2,5,2,4,1,1,1,2,3,2,3,3,5,0.56,0.52,0.62,0.7,0.5,Katherine Hickman,19,Female
1,5,5,5,3,1,2,1,1,3,1,4,4,2,5,5,3,1,2,5,2,5,2,4,2,2,1,5,3,1,1,5,1,4,1,3,2,3,3,4,4,2,2,2,3,2,4,3,4,5,0.54,0.64,0.54,0.54,0.62,Martin Lucero,21,Male
3,5,3,3,1,5,4,4,4,3,5,5,3,1,1,4,1,2,5,1,3,5,3,3,3,1,5,2,2,2,5,4,5,1,3,1,4,3,4,5,1,3,5,2,5,4,3,3,5,5,0.7,0.56,0.58,0.7,0.72,Daniel Smith,23,Male
3,2,1,4,3,4,5,5,2,1,2,2,3,2,5,3,3,4,2,3,4,2,3,2,3,4,4,1,5,5,3,1,4,2,2,2,2,2,4,3,2,4,1,5,3,1,2,3,4,2,0.6,0.58,0.66,0.5,0.54,Desiree Cook,29,Male
2,1,3,3,2,5,4,3,2,4,1,3,3,2,1,5,2,4,4,5,3,1,3,2,5,4,1,1,1,5,1,4,1,5,5,3,3,5,2,5,1,4,2,1,1,2,4,1,4,4,0.58,0.6,0.52,0.68,0.48,Gerald Nguyen,21,Male
2,5,4,1,2,1,5,1,2,3,1,1,2,5,5,5,4,1,2,4,1,4,2,3,1,5,2,3,5,3,1,2,2,5,4,2,4,4,5,3,2,2,3,2,4,1,5,4,5,3,0.52,0.6,0.58,0.64,0.62,Susan Parrish,20,Female
4,1,1,1,3,5,2,4,2,1,5,2,1,3,2,2,3,3,4,1,1,5,5,4,2,5,3,3,1,2,4,4,1,3,4,3,5,2,5,4,3,3,5,3,3,2,5,4,4,2,0.48,0.52,0.62,0.7,0.68,Kimberly Dunn,28,Female
3,4,4,1,2,4,3,2,1,4,3,1,1,4,4,3,4,2,2,3,5,4,5,2,4,4,3,1,5,2,3,2,2,1,2,4,1,5,5,1,3,5,2,2,2,4,1,1,2,5,0.56,0.54,0.7,0.52,0.54,Tyler Guzman,28,Female
5,3,2,5,5,5,2,5,5,2,2,3,4,1,5,1,4,5,1,1,1,1,1,2,2,5,1,2,4,5,3,1,5,5,2,4,3,5,1,3,4,2,4,3,4,3,3,5,4,4,0.78,0.54,0.48,0.64,0.72,Charlotte Mejia,26,Male
2,4,1,4,2,4,1,1,2,1,5,3,3,2,2,3,1,3,3,4,3,5,4,4,5,1,5,3,4,1,4,5,2,2,3,3,4,1,3,2,4,4,1,3,1,1,5,3,5,1,0.44,0.58,0.7,0.58,0.56,Dr. Mary Cox,22,Male
2,1,3,4,1,4,3,1,2,1,5,1,5,1,1,1,3,5,3,3,5,3,3,4,2,3,1,5,4,5,4,4,2,4,3,4,4,2,1,3,4,2,3,2,4,1,4,3,1,5,0.44,0.56,0.7,0.62,0.58,Randy Zimmerman,20,Female
5,4,4,2,3,3,5,4,1,2,4,1,2,2,5,3,4,1,5,4,4,3,2,5,4,3,1,3,1,2,5,1,1,3,4,3,1,2,1,4,3,3,1,4,5,2,1,5,4,2,0.66,0.62,0.56,0.5,0.6,Rebecca Levine,20,Female
4,1,3,2,1,1,4,5,3,2,2,1,4,5,5,2,4,3,1,5,5,5,5,3,1,1,2,3,1,3,1,3,3,3,5,1,5,1,4,2,3,4,5,2,1,1,1,3,3,4,0.52,0.64,0.58,0.56,0.54,James Chavez,26,Female
2,4,4,1,5,4,5,2,5,5,1,2,4,1,4,5,4,1,5,3,1,4,2,3,2,3,1,4,4,2,2,3,3,1,1,4,1,3,2,1,2,3,3,4,3,2,3,5,5,3,0.74,0.6,0.52,0.42,0.66,Cynthia Smith,18,Female
5,4,2,3,1,3,4,4,4,5,1,2,3,5,5,3,4,3,3,4,3,1,2,4,2,5,3,4,2,3,2,2,2,3,4,3,5,3,5,2,1,5,5,1,2,4,5,3,2,2,0.7,0.66,0.58,0.62,0.6,Alexander Mills,25,Male
5,1,2,3,4,3,2,4,5,1,3,1,4,4,2,3,3,1,4,3,4,3,3,3,2,2,2,5,4,4,2,4,1,3,1,1,4,3,4,5,1,5,4,3,5,3,3,3,4,5,0.6,0.56,0.64,0.56,0.72,Nichole Bradley,21,Male
1,1,4,4,1,1,5,5,1,2,3,2,5,3,5,3,1,4,2,2,2,3,3,4,4,1,3,5,3,2,3,2,3,1,2,5,3,3,2,1,2,4,2,4,5,1,1,5,1,1,0.5,0.6,0.6,0.5,0.52,Amy Hill,27,Male
1,1,1,5,3,1,4,5,5,3,2,4,1,1,5,3,3,5,3,1,1,3,2,2,5,5,4,4,1,3,3,5,2,5,4,2,3,4,3,3,5,2,2,1,2,3,5,4,1,3,0.58,0.56,0.6,0.68,0.56,Christopher Carson,18,Female
1,3,1,5,1,1,3,5,1,1,2,3,2,1,5,5,3,1,4,1,2,1,3,4,1,4,4,4,5,5,4,1,5,3,1,1,5,5,1,4,2,1,1,2,2,5,4,3,1,1,0.44,0.54,0.66,0.6,0.44,Rebecca Sparks,18,Female
1,1,5,2,4,1,2,4,2,5,3,5,1,3,1,4,4,1,4,1,1,3,5,3,2,1,3,2,4,4,2,3,1,4,2,2,2,4,5,5,1,2,3,4,2,4,5,4,2,5,0.54,0.54,0.56,0.6,0.64,Marc Gillespie,21,Female
5,4,1,5,4,2,4,1,2,5,3,1,5,4,1,1,2,4,1,1,1,4,5,5,4,1,1,4,2,3,1,4,4,1,4,4,1,2,2,5,4,2,1,5,4,1,3,5,1,4,0.66,0.46,0.6,0.56,0.6,Dustin Jones,27,Male
3,3,2,2,3,1,2,3,2,3,1,3,1,5,2,4,2,4,1,2,3,5,2,5,2,3,4,4,1,1,3,5,5,5,1,5,2,5,2,3,3,5,4,3,3,2,2,5,2,4,0.48,0.5,0.6,0.72,0.66,Kimberly Diaz,26,Female
3,4,3,3,5,2,2,1,5,3,4,3,2,1,2,1,5,2,3,1,1,3,1,2,1,4,2,2,4,5,5,3,5,3,2,5,3,5,2,1,1,3,4,2,1,3,3,4,5,3,0.62,0.48,0.5,0.68,0.58,Larry Ramos,26,Male
2,5,4,5,4,4,1,5,2,4,1,3,1,4,1,4,1,5,4,2,1,4,2,5,3,2,4,3,2,2,4,2,4,4,5,4,3,2,1,3,1,5,3,3,5,4,4,1,1,4,0.72,0.52,0.56,0.64,0.62,Linda White,25,Female
1,5,5,3,2,3,2,3,3,2,3,4,1,1,2,1,5,5,4,2,2,5,5,3,3,4,1,1,2,3,2,3,1,1,2,1,2,3,4,4,1,2,5,4,1,4,1,3,2,1,0.58,0.56,0.58,0.46,0.48,Lisa Thomas,20,Female
5,3,2,5,5,3,3,4,5,1,5,3,4,5,5,5,3,5,5,1,3,1,3,2,5,5,1,2,1,2,1,3,5,1,1,2,1,3,3,4,3,5,4,2,1,2,1,2,3,4,0.72,0.82,0.5,0.48,0.54,Charles Williams,22,Male
1,4,5,2,1,3,2,1,5,1,4,2,4,3,3,5,4,5,5,4,2,5,2,4,4,5,4,2,2,2,2,1,1,4,1,5,5,3,1,3,4,3,2,1,4,4,2,5,1,5,0.5,0.78,0.64,0.52,0.62,Elizabeth Cox,22,Female
4,1,3,5,1,5,3,4,1,4,1,5,1,1,5,1,3,2,4,5,3,5,2,4,3,3,3,4,4,3,4,1,1,2,1,2,2,1,3,4,5,3,2,3,2,1,2,3,4,1,0.62,0.56,0.68,0.42,0.52,Amy Brooks,28,Male
4,4,2,1,1,2,5,1,5,3,4,1,5,2,4,2,4,5,4,3,3,4,1,1,1,1,2,2,3,1,4,3,4,4,4,1,1,3,1,1,4,3,3,5,5,2,4,5,1,5,0.56,0.68,0.38,0.52,0.74,Charles West,20,Female
1,2,1,5,2,4,4,4,1,3,2,3,3,2,5,1,5,1,4,5,1,4,1,1,3,4,3,3,1,4,1,1,3,5,3,3,2,4,5,2,1,2,2,2,4,5,1,4,4,2,0.54,0.62,0.5,0.58,0.54,Christopher Chapman DVM,28,Female
3,5,1,3,1,5,2,2,3,3,2,1,4,3,5,5,1,1,1,3,5,3,2,4,4,2,2,1,4,2,5,2,5,2,3,3,1,1,4,4,3,1,3,1,4,1,3,2,1,4,0.56,0.52,0.58,0.6,0.46,Sara Martin,22,Male
3,1,1,2,5,2,1,3,2,3,5,2,4,1,4,2,3,2,5,5,3,3,3,5,3,3,5,4,1,3,4,5,3,3,3,5,5,1,5,2,3,4,1,3,1,5,4,1,4,4,0.46,0.66,0.66,0.72,0.6,Christina Watts,29,Male
2,1,1,4,4,2,3,3,5,5,4,1,5,4,3,1,2,3,5,1,2,3,5,1,2,3,2,4,2,5,3,2,5,5,3,2,4,5,4,1,2,2,2,2,3,5,2,1,4,3,0.6,0.58,0.58,0.68,0.52,Barbara Benitez,28,Female
1,4,2,2,2,3,5,2,5,3,4,3,3,4,1,1,1,5,5,5,1,3,3,1,1,3,5,1,4,5,3,5,4,5,4,4,2,4,4,3,1,4,5,1,2,5,5,1,1,4,0.58,0.64,0.54,0.76,0.58,Cameron Sullivan,25,Female
5,1,3,2,1,4,1,1,5,4,2,5,1,5,5,1,4,4,4,4,1,5,1,4,4,2,4,3,3,1,3,4,1,4,5,5,5,5,2,5,5,1,1,5,4,1,2,2,1,4,0.54,0.7,0.56,0.78,0.52,Juan Nichols,21,Male
1,3,2,2,3,3,1,2,1,4,3,2,2,5,1,4,2,3,5,5,3,2,5,2,2,1,2,3,2,1,5,5,4,5,5,4,3,4,5,3,5,5,1,1,5,1,3,2,3,4,0.44,0.64,0.46,0.86,0.6,Travis Carter,24,Female
3,2,1,1,4,5,2,2,5,2,4,4,5,1,5,1,3,1,5,3,5,1,3,2,5,3,2,4,1,2,3,5,2,4,3,1,3,1,3,5,1,1,3,3,4,5,3,4,3,5,0.54,0.64,0.56,0.6,0.64,Whitney Cole,22,Male
5,4,5,4,5,4,1,3,1,1,1,1,2,4,1,1,3,2,1,3,5,2,4,2,4,5,2,5,1,5,1,5,1,3,1,2,1,2,5,2,2,2,2,1,4,3,5,4,5,4,0.66,0.38,0.7,0.46,0.64,Reginald Bowman,20,Male
5,2,3,4,5,3,5,3,5,2,3,2,1,5,2,5,3,4,3,5,1,2,3,3,1,2,4,1,5,1,2,2,5,5,5,2,5,3,3,4,1,3,4,4,5,3,3,3,3,2,0.74,0.66,0.46,0.72,0.62,Michelle Martin,18,Female
4,3,2,5,2,3,4,3,2,5,5,3,3,1,1,5,1,4,2,1,1,4,3,3,1,2,2,2,3,5,1,4,1,4,3,3,3,3,2,5,1,1,3,3,1,1,3,1,3,1,0.66,0.52,0.52,0.58,0.36,Kimberly Duarte,23,Female
2,5,4,1,2,5,1,5,5,5,2,1,1,1,5,5,3,4,5,5,2,5,1,5,5,2,3,3,1,4,2,5,2,3,1,3,4,3,3,3,5,2,2,4,4,5,4,5,5,4,0.7,0.64,0.62,0.58,0.8,Ronald Mccoy,26,Female
1,2,5,4,5,2,4,4,1,3,3,4,5,3,4,4,3,2,4,2,3,4,5,5,2,3,4,4,2,3,5,5,3,2,2,1,2,4,1,3,3,2,1,5,1,1,1,3,3,5,0.62,0.68,0.7,0.56,0.5,Miguel Jones,19,Female
5,1,5,2,3,1,5,4,5,2,1,3,2,2,2,4,1,3,2,5,1,2,1,4,2,3,1,3,2,2,4,4,3,1,1,4,1,5,1,1,3,2,1,3,4,4,2,2,1,2,0.66,0.5,0.42,0.5,0.48,Rebecca Dunlap,26,Female
2,3,4,3,5,4,3,3,4,3,5,3,1,3,2,1,3,4,5,2,5,5,3,3,1,2,2,5,3,5,1,3,5,1,2,4,4,2,5,1,1,3,5,4,2,4,2,1,1,5,0.68,0.58,0.68,0.56,0.56,Rachel Burke,19,Female
3,4,5,1,2,2,4,4,4,4,2,2,2,1,4,1,5,1,5,1,5,3,2,3,4,4,4,5,5,1,1,3,2,5,1,4,4,4,4,5,3,2,5,3,1,1,5,5,5,2,0.66,0.48,0.72,0.66,0.64,Amy Ramirez,23,Female
4,4,4,5,4,4,3,5,1,5,3,5,3,2,4,4,1,4,2,1,5,4,4,2,4,2,4,2,4,2,4,4,1,4,1,3,4,2,3,1,4,2,4,4,3,2,4,4,5,1,0.78,0.58,0.66,0.54,0.66,Derek Moss,21,Female
5,5,5,3,2,2,5,4,2,1,4,3,3,4,5,5,1,4,4,4,4,3,3,5,5,2,2,2,4,4,2,3,5,3,2,5,3,1,2,1,4,2,4,2,1,5,1,2,5,1,0.68,0.74,0.68,0.54,0.54,Miss Cindy Huang,23,Male
1,3,5,4,5,1,5,2,3,3,3,2,4,1,1,1,2,1,4,1,3,1,2,2,5,4,5,4,1,5,4,5,5,4,4,1,4,5,5,3,2,1,4,3,1,4,1,5,2,5,0.64,0.4,0.64,0.8,0.56,Lindsey Davidson,20,Male
5,4,4,3,4,3,1,1,5,4,2,3,1,5,2,5,5,4,2,3,4,5,3,3,1,4,1,1,4,2,2,4,4,4,2,5,2,4,2,1,1,4,4,5,2,4,3,5,2,4,0.68,0.64,0.56,0.6,0.68,Cheryl Franklin,28,Male
4,1,4,3,4,2,3,1,3,5,4,5,5,2,5,4,1,1,1,1,4,1,1,4,3,4,1,3,1,3,4,4,4,5,3,1,3,2,4,4,4,3,4,3,2,5,5,5,2,1,0.6,0.58,0.5,0.68,0.68,Christina Gonzales,23,Male
1,4,2,1,1,1,5,5,1,1,5,4,5,3,4,5,3,1,3,3,5,3,2,1,1,1,4,1,3,4,1,3,2,3,5,5,1,3,1,3,5,4,4,1,3,4,1,3,5,3,0.44,0.72,0.5,0.54,0.66,Dana Davis,23,Male
5,1,2,4,5,3,5,5,4,3,1,4,5,5,4,1,1,5,2,4,2,4,2,1,3,1,2,2,5,2,3,4,2,5,4,4,4,1,5,2,1,5,2,1,4,1,3,1,4,4,0.74,0.64,0.48,0.68,0.52,Nicholas Baker,19,Female
3,5,5,1,5,1,1,2,4,5,3,4,2,2,1,4,3,5,1,4,2,2,1,5,2,3,5,2,4,5,3,1,4,5,1,1,3,5,4,4,5,1,4,2,3,4,3,5,3,2,0.64,0.58,0.62,0.62,0.64,Jennifer Pham,22,Female
1,3,4,1,1,1,2,5,2,1,4,1,3,5,5,1,4,3,3,3,3,4,2,5,4,3,4,4,5,2,1,2,4,2,4,5,4,3,3,2,3,5,2,4,3,4,3,2,2,2,0.42,0.64,0.72,0.6,0.6,Larry Miller,18,Female
4,2,4,4,1,3,1,4,2,4,3,5,1,4,3,3,3,2,2,2,4,1,5,4,5,5,1,2,1,5,5,2,3,2,1,3,2,4,3,5,5,5,2,2,3,2,5,1,5,5,0.58,0.56,0.66,0.6,0.7,Cheyenne Singh,26,Female
1,2,3,3,1,2,1,1,5,3,3,3,4,5,1,5,3,3,3,2,3,4,3,4,3,5,4,3,3,1,2,5,5,3,2,3,1,5,1,5,4,2,3,4,3,2,3,5,2,4,0.44,0.64,0.66,0.64,0.64,Chad Kelly,21,Female
2,4,5,5,1,1,5,4,4,3,2,1,5,3,5,5,5,5,3,1,5,3,4,5,3,2,5,1,1,3,3,2,1,1,2,3,2,4,3,3,3,4,1,5,2,4,5,3,5,2,0.68,0.7,0.64,0.48,0.68,Mary Johnson,22,Male
4,4,4,3,5,3,5,5,5,2,1,1,2,2,1,3,4,2,5,1,1,2,5,1,2,2,5,4,2,2,4,4,2,2,1,3,4,3,4,2,2,2,5,1,1,5,4,5,3,1,0.8,0.44,0.52,0.58,0.58,David Stone,20,Female
3,5,5,3,4,5,5,4,4,3,4,4,3,2,3,3,3,1,4,4,5,5,2,3,3,1,5,5,4,1,3,1,1,3,4,5,5,1,2,4,4,5,4,2,5,4,4,2,2,3,0.82,0.62,0.68,0.58,0.7,Sophia Gordon,22,Female
4,5,2,4,5,4,2,5,3,4,1,1,1,2,2,5,2,2,2,1,4,2,4,3,2,2,2,5,4,1,2,5,4,2,2,1,1,1,2,2,5,4,5,3,5,4,1,3,1,2,0.76,0.38,0.58,0.44,0.66,Michael Scott,21,Female
4,4,3,2,2,4,5,3,3,3,2,1,2,5,5,4,4,2,4,1,1,4,2,2,1,2,5,3,1,1,5,4,2,3,2,3,1,5,3,4,3,5,3,3,4,1,3,5,3,1,0.66,0.6,0.44,0.64,0.62,Lori Mueller,28,Male
2,4,4,1,5,3,5,1,5,1,5,5,4,1,2,4,2,1,3,2,4,4,2,5,3,2,4,2,1,1,5,4,2,2,3,5,5,2,1,4,2,1,4,5,5,3,3,1,4,3,0.62,0.58,0.56,0.66,0.62,Justin Lopez,19,Female
2,3,3,1,3,3,2,5,1,5,3,5,5,5,1,2,4,2,1,2,1,5,4,1,1,4,3,2,4,2,4,2,2,1,2,4,3,1,1,4,3,4,4,1,5,1,3,4,2,3,0.56,0.6,0.54,0.48,0.6,Donna Green,18,Male
2,2,2,4,3,3,5,5,1,2,1,1,4,1,1,4,4,5,5,2,3,5,4,2,1,1,4,1,3,4,5,5,3,4,2,3,1,2,2,5,5,4,2,4,5,2,3,2,4,3,0.58,0.56,0.56,0.64,0.68,Derek Perkins,22,Male
1,4,4,3,4,3,1,2,2,2,4,2,1,5,1,2,1,3,2,2,1,5,2,2,5,4,1,4,5,5,3,1,4,3,5,3,3,1,5,2,4,4,4,3,2,3,2,1,5,4,0.52,0.46,0.68,0.6,0.64,Alexandra Mccoy,24,Male
4,1,4,1,2,4,2,3,4,4,5,3,1,3,5,2,5,4,1,1,3,2,4,3,1,2,1,2,3,2,3,1,5,1,3,5,1,3,1,3,5,5,3,4,1,3,5,3,2,4,0.58,0.6,0.46,0.52,0.7,Maria Smith,26,Male
3,4,1,2,5,5,2,4,3,4,1,3,3,2,2,4,3,4,5,3,5,5,1,1,3,4,1,3,5,1,1,5,1,5,1,3,3,4,5,3,4,1,3,1,5,5,3,2,3,5,0.66,0.6,0.58,0.62,0.64,Kelsey Thomas,22,Male
4,2,2,3,3,3,1,2,3,1,4,4,2,4,4,5,5,2,4,3,1,4,4,3,3,3,5,1,3,2,3,5,2,3,4,1,4,5,4,4,4,4,2,1,2,2,3,5,5,3,0.48,0.74,0.58,0.7,0.62,Pamela Montoya,24,Female
2,3,1,2,3,5,1,4,5,3,4,5,2,3,3,1,4,5,2,4,4,1,5,1,1,3,1,4,1,5,4,5,5,5,4,5,4,3,4,4,1,4,1,4,1,3,3,1,2,3,0.58,0.66,0.52,0.86,0.46,Christine Medina,24,Male
3,4,5,3,1,1,4,3,1,2,5,3,1,5,4,5,3,3,4,4,5,1,1,3,4,3,2,5,5,4,1,3,5,1,1,5,4,5,4,2,4,2,1,3,4,3,3,2,4,5,0.54,0.74,0.66,0.62,0.62,Pamela Boyer,28,Male
2,3,5,3,3,1,5,4,3,5,2,4,1,2,4,4,5,4,4,5,5,1,2,3,5,4,4,5,5,4,4,2,5,4,1,1,3,2,4,5,4,2,2,5,3,3,5,2,3,2,0.68,0.7,0.76,0.62,0.62,Lauren Pena,25,Male
3,4,1,1,3,4,2,5,1,4,2,5,3,2,2,3,5,1,4,1,3,4,5,3,1,1,3,5,4,3,2,5,1,5,5,3,2,1,3,1,3,2,5,5,2,1,4,3,2,1,0.56,0.56,0.64,0.56,0.56,Dr. Kristy Hernandez,22,Female
1,1,4,1,2,2,3,4,3,3,5,4,1,2,4,4,5,1,5,4,5,2,1,3,4,5,5,5,2,5,4,1,1,5,4,5,4,2,2,3,3,4,2,2,2,3,1,1,2,4,0.48,0.7,0.74,0.62,0.48,Elizabeth Kirby,19,Male
5,2,3,2,1,2,3,2,2,5,4,4,2,1,1,1,2,4,2,1,4,3,4,4,5,5,2,1,2,5,2,3,5,4,4,5,3,1,4,5,4,5,3,1,4,1,1,4,3,1,0.54,0.44,0.7,0.72,0.54,Stephanie Daniel,22,Female
1,4,3,1,2,3,1,4,5,3,1,3,3,1,5,4,5,1,3,3,3,3,1,3,1,4,1,4,2,1,3,1,4,3,4,3,4,2,1,1,4,1,2,5,1,4,3,3,4,2,0.54,0.58,0.46,0.52,0.58,Nathan Cannon,25,Female
5,5,1,3,1,3,3,5,4,3,1,1,3,2,1,5,2,5,5,1,2,3,5,2,3,2,4,2,3,4,1,4,1,2,4,3,5,5,2,1,1,3,1,5,2,2,5,3,4,3,0.66,0.52,0.6,0.56,0.58,Steven Martin,25,Female
5,5,5,2,4,1,2,5,4,2,3,2,1,2,5,4,2,2,2,4,4,5,4,4,5,4,5,5,5,4,3,5,1,2,2,5,1,1,1,5,5,4,1,5,4,4,1,5,2,5,0.7,0.54,0.9,0.52,0.72,Lucas Ward,24,Male
4,5,5,4,3,2,3,5,3,3,2,3,2,3,1,5,2,1,1,2,2,1,1,2,5,2,2,5,5,1,1,1,3,2,4,4,4,4,2,4,1,5,2,3,5,4,3,2,3,1,0.74,0.44,0.52,0.58,0.58,Andrew Nicholson,22,Male
5,1,3,2,4,5,2,2,1,2,1,2,2,5,4,5,3,5,2,3,4,2,5,3,1,3,1,3,3,3,4,1,3,1,4,1,1,5,1,1,1,4,4,4,3,5,5,5,5,1,0.54,0.64,0.56,0.44,0.74,Jonathan Rhodes,27,Female
2,1,4,1,3,5,3,1,4,4,4,1,3,4,4,1,5,1,3,3,1,1,2,1,4,1,4,4,4,5,3,4,3,4,3,4,4,3,2,5,5,3,2,5,1,2,2,5,5,5,0.56,0.58,0.54,0.7,0.7,Melinda Miller,23,Male
4,1,3,2,5,3,2,3,1,1,3,1,2,5,5,5,1,5,4,4,1,2,2,3,5,4,1,3,1,5,5,2,1,5,3,3,4,5,5,2,4,2,3,5,4,3,3,5,1,1,0.5,0.7,0.54,0.7,0.62,David Freeman,26,Female
3,3,5,1,2,5,1,4,2,5,3,4,1,2,4,2,2,3,4,2,2,4,3,2,2,5,2,4,1,4,2,3,4,5,4,3,3,1,1,1,4,1,2,4,2,5,5,1,1,1,0.62,0.54,0.58,0.54,0.52,Michael Smith,26,Male
1,5,1,5,3,1,4,3,1,2,4,2,1,2,1,3,2,4,1,5,4,2,4,5,4,1,4,5,1,3,3,2,4,4,5,2,4,1,1,4,4,5,3,2,2,1,5,2,1,4,0.52,0.5,0.66,0.6,0.58,Joseph Mclaughlin,19,Female
2,5,1,2,3,1,2,4,3,4,2,3,2,3,5,3,1,1,4,1,3,4,3,2,2,5,2,1,2,1,3,5,4,4,4,4,1,4,1,1,5,4,3,4,5,5,1,5,3,2,0.54,0.5,0.5,0.62,0.74,Patricia Palmer,29,Male
2,3,5,5,5,3,5,5,5,3,5,3,3,2,1,1,2,3,5,4,2,1,5,4,4,2,5,4,3,5,1,2,3,3,3,2,4,5,2,3,1,5,3,5,5,3,1,5,2,3,0.82,0.58,0.7,0.56,0.66,Nicholas Meadows,18,Female
1,5,3,2,4,4,1,1,3,2,3,5,3,5,3,1,2,3,4,4,4,2,2,2,5,2,1,3,5,2,4,2,2,5,5,2,5,3,5,5,4,4,4,3,2,2,3,2,5,5,0.52,0.66,0.56,0.76,0.68,Elizabeth Cabrera,25,Female
5,5,1,1,4,4,1,5,5,1,2,1,5,2,1,2,2,4,5,5,3,4,2,2,5,3,5,4,4,1,2,5,5,3,5,3,2,5,1,1,3,5,4,3,4,2,5,1,1,2,0.64,0.58,0.66,0.64,0.6,Rhonda Burns,24,Male
4,3,5,2,5,3,5,4,1,3,2,4,1,3,1,1,1,3,4,1,4,2,2,3,3,2,1,5,3,4,4,1,5,5,3,2,1,2,1,3,3,4,2,3,3,4,3,5,3,1,0.7,0.42,0.58,0.54,0.62,Mr. Mark Wallace,20,Male
1,5,1,4,5,1,2,1,2,1,4,1,3,5,4,3,2,3,1,4,3,4,1,5,4,2,3,3,2,4,4,5,2,2,5,1,5,1,2,1,5,2,1,2,3,3,3,2,5,1,0.46,0.6,0.62,0.56,0.54,Ana Johnson,21,Male
3,4,2,1,5,3,2,3,1,5,1,5,2,1,5,1,1,5,3,2,5,5,2,4,1,2,5,1,5,3,1,2,5,3,4,5,4,3,3,1,2,1,5,2,4,3,5,3,3,3,0.58,0.52,0.66,0.62,0.62,Laura Lyons,20,Female
4,1,4,2,3,5,1,4,2,3,3,2,2,5,2,4,5,3,2,1,5,5,1,2,4,4,4,4,1,1,2,1,2,4,2,1,5,2,5,2,2,5,5,4,1,1,2,4,2,2,0.58,0.58,0.62,0.52,0.56,Sarah Barker,29,Female
4,5,4,3,2,2,1,2,4,3,3,2,5,4,1,4,4,1,4,3,4,1,3,5,5,3,2,4,1,4,2,5,2,3,3,3,4,2,5,1,3,2,5,1,4,5,4,4,4,3,0.6,0.62,0.64,0.6,0.7,Michael Flores,29,Male
2,1,1,4,4,3,1,3,1,2,2,4,1,1,3,5,3,2,2,3,4,1,5,3,1,4,2,3,1,5,5,4,1,1,5,5,5,4,3,4,4,5,1,5,4,5,4,5,1,3,0.44,0.52,0.58,0.74,0.74,Timothy Garrison,27,Female
3,3,1,4,1,4,1,1,1,2,2,3,2,3,2,5,4,2,2,1,1,3,3,4,1,5,5,5,3,2,2,2,1,3,3,1,4,1,4,5,4,4,1,1,1,5,5,5,2,2,0.42,0.52,0.64,0.52,0.6,Nicole Torres,24,Male
2,1,5,2,4,3,4,2,5,3,2,4,5,5,2,3,5,4,4,2,4,3,4,2,2,5,2,4,1,1,4,2,5,1,4,2,3,3,3,2,5,5,4,5,4,2,5,2,4,5,0.62,0.72,0.56,0.58,0.82,Theresa Moody,28,Male
1,5,3,2,2,3,5,5,2,4,4,5,4,1,5,2,2,5,4,2,1,3,5,5,2,3,1,4,1,3,5,1,4,5,3,5,5,5,3,2,2,5,5,2,3,5,3,3,3,5,0.64,0.68,0.56,0.76,0.72,Renee Smith,27,Male
4,3,1,2,1,5,4,3,1,3,1,1,4,2,3,1,1,1,4,3,4,5,2,2,2,3,5,4,4,4,5,3,4,3,1,4,1,5,4,4,3,1,1,1,1,5,5,2,2,5,0.54,0.42,0.7,0.68,0.52,Monica Williams,26,Female
5,4,4,1,1,5,5,4,3,3,1,5,2,1,1,3,3,4,4,1,1,5,4,3,4,3,4,2,2,3,1,2,2,4,2,1,3,3,2,5,5,5,2,5,3,4,1,3,5,3,0.7,0.5,0.62,0.5,0.72,Kristina Reyes,25,Male
4,3,3,4,1,1,4,1,5,3,4,4,1,1,3,2,1,3,3,3,2,4,2,1,2,4,3,4,1,4,5,1,1,5,1,4,1,1,2,5,2,3,3,4,1,5,2,3,3,4,0.58,0.5,0.54,0.52,0.6,Jordan Smith,19,Male
1,2,3,2,5,2,4,4,5,2,5,2,2,1,2,3,1,1,5,3,4,4,5,4,5,2,2,4,5,4,5,3,4,2,3,5,1,2,3,4,5,3,3,4,2,1,1,5,3,2,0.6,0.5,0.78,0.64,0.58,Angela Pearson,27,Male
2,2,5,5,2,2,3,4,5,4,5,2,2,3,3,1,3,1,4,1,1,4,4,1,1,1,4,1,1,4,1,5,5,4,4,2,5,5,2,5,4,5,4,4,4,4,3,2,4,5,0.68,0.5,0.44,0.76,0.78,Catherine Miller,27,Female
2,4,5,1,5,3,4,4,1,3,1,5,1,4,2,1,5,5,3,5,4,1,5,3,3,1,4,4,4,1,3,3,1,3,2,1,3,5,5,3,4,5,2,2,5,1,2,2,2,5,0.64,0.64,0.6,0.58,0.6,Larry Jordan,19,Female
5,5,2,1,1,1,2,3,2,1,2,2,1,2,2,4,3,5,4,3,2,1,3,2,4,5,3,2,5,2,4,4,3,3,4,2,5,5,1,4,1,1,3,3,3,5,3,3,4,1,0.46,0.56,0.58,0.7,0.54,Brian Sutton,21,Female
3,1,4,5,4,4,1,5,1,1,4,3,1,3,5,3,2,2,3,2,2,5,5,3,1,4,2,5,1,5,2,3,5,4,3,1,4,1,4,2,3,5,1,3,2,2,4,4,3,5,0.58,0.56,0.66,0.58,0.64,Michael Lewis,29,Male
2,4,3,5,1,5,4,1,2,3,1,5,4,2,1,3,3,3,5,2,2,3,2,2,5,1,5,1,5,4,2,4,3,3,2,5,2,5,1,2,1,5,2,5,1,3,3,5,3,5,0.6,0.58,0.6,0.58,0.66,Louis Wu,20,Male
3,1,2,5,2,5,3,5,1,4,1,2,5,4,4,3,3,5,1,5,5,2,4,2,5,3,4,4,1,5,4,5,4,3,1,1,1,1,4,5,5,4,3,2,5,5,4,3,1,2,0.62,0.66,0.7,0.58,0.68,Christopher Martin,24,Female
4,2,4,5,3,3,4,2,1,1,1,4,5,3,2,4,4,4,1,1,2,2,4,4,5,3,2,1,4,1,3,2,5,1,3,3,5,3,2,2,1,2,3,2,5,2,5,5,4,3,0.58,0.58,0.56,0.58,0.64,Albert Nelson,24,Female
2,2,5,2,2,2,5,1,2,1,1,4,1,5,2,3,4,2,4,5,5,4,1,5,4,4,1,2,3,5,5,2,2,4,2,5,5,5,2,4,5,2,1,3,2,1,1,5,5,4,0.48,0.62,0.68,0.72,0.58,Thomas Thomas,20,Female
3,5,5,4,3,3,2,1,1,2,5,3,4,5,3,2,4,5,4,2,1,5,3,5,4,2,1,1,5,3,2,1,4,2,3,2,3,4,2,2,3,4,5,3,3,4,3,1,1,5,0.58,0.74,0.6,0.5,0.64,Kathryn Stevens,19,Male
4,4,5,3,2,2,2,1,1,1,3,2,2,4,1,5,5,3,2,4,2,1,1,1,4,4,2,3,4,4,3,2,2,3,4,1,4,4,4,1,2,5,1,1,2,5,3,5,4,4,0.5,0.62,0.52,0.56,0.64,Joshua Miller,27,Female
3,2,1,3,4,3,3,2,5,1,3,2,3,4,2,2,4,3,5,5,5,3,3,4,1,4,3,1,2,5,5,4,3,2,3,3,1,2,4,4,5,2,1,5,1,1,3,4,2,4,0.54,0.66,0.62,0.62,0.56,Christine Ross,28,Male
1,1,4,4,5,4,2,4,4,3,4,1,4,1,5,5,5,2,2,3,1,4,1,4,4,5,1,4,5,1,2,2,4,4,1,2,5,3,1,3,4,3,4,2,5,3,4,1,2,1,0.64,0.64,0.6,0.54,0.58,Russell Lamb,27,Male
1,5,1,1,4,2,2,1,2,1,2,1,5,2,3,3,2,2,5,1,2,4,4,3,4,5,3,2,5,4,4,5,1,5,4,5,5,5,1,5,1,3,2,4,5,1,5,3,5,2,0.4,0.52,0.72,0.8,0.62,Nicholas Hernandez,22,Female
4,5,2,2,2,2,1,4,1,2,4,1,3,2,5,3,4,3,2,4,5,2,1,3,5,1,2,2,3,1,2,2,1,1,5,1,5,2,3,1,1,1,5,2,1,1,3,4,5,3,0.5,0.62,0.5,0.46,0.52,Patricia Smith,21,Male
4,4,4,5,1,4,4,2,5,1,4,4,1,4,3,3,5,3,4,1,2,5,2,4,3,2,5,4,3,3,1,4,5,4,5,1,2,4,5,3,3,1,5,1,2,5,1,5,2,3,0.68,0.64,0.66,0.68,0.56,Ryan Perez,23,Female
2,3,1,5,5,3,5,2,3,1,2,2,1,3,3,4,4,5,5,5,2,3,4,2,2,1,4,1,2,2,2,1,1,1,1,5,4,3,4,3,1,5,4,5,5,2,4,3,5,2,0.6,0.68,0.46,0.5,0.72,Dennis Ford,26,Male
5,4,1,1,5,2,2,1,4,5,4,1,2,5,2,4,2,2,2,2,1,4,3,2,1,2,5,3,1,2,1,5,4,5,3,1,3,2,1,3,3,4,4,5,2,2,1,5,5,1,0.6,0.52,0.48,0.56,0.64,Patricia Johnson,19,Female
4,2,4,4,3,3,1,2,4,4,5,4,3,5,1,3,3,5,3,5,1,4,5,4,2,2,4,1,4,5,4,2,3,5,5,2,3,5,1,2,5,4,3,4,4,2,5,4,3,2,0.62,0.74,0.64,0.64,0.72,Timothy Smith,23,Male
2,2,4,3,3,1,2,1,2,1,1,2,1,5,3,5,4,1,3,4,2,5,1,5,5,3,3,2,2,4,3,3,1,1,5,3,2,5,5,1,1,4,2,5,4,2,2,4,5,2,0.42,0.58,0.64,0.58,0.62,Samantha Hanna,29,Male
3,2,5,4,1,1,1,1,3,4,3,3,4,4,3,5,5,3,1,5,5,2,1,5,3,1,2,4,1,5,5,4,1,2,5,1,3,1,1,3,4,5,1,3,4,4,1,5,5,2,0.5,0.72,0.58,0.52,0.68,Timothy Jimenez,26,Female
4,2,4,3,4,2,2,5,3,4,4,2,4,2,3,4,2,1,1,1,2,4,1,1,3,5,2,2,2,5,2,2,2,1,2,4,1,4,4,5,4,5,3,1,2,4,4,3,1,1,0.66,0.48,0.54,0.54,0.56,John Schmidt,26,Male
1,2,2,3,5,2,1,4,3,4,5,4,1,2,4,4,1,4,5,4,5,5,5,3,5,3,2,3,1,1,3,3,4,5,4,4,4,2,2,3,3,2,3,4,5,2,5,1,5,4,0.54,0.68,0.66,0.68,0.68,Brittany Davila,20,Male
1,4,1,4,2,4,5,5,2,1,5,3,2,2,1,5,2,3,2,5,4,1,2,4,4,3,2,3,5,5,3,2,1,1,1,3,3,4,1,2,4,2,2,3,1,5,4,3,4,2,0.58,0.6,0.66,0.42,0.6,Julie Mack,20,Male
3,5,1,5,3,3,1,5,5,3,1,2,4,2,1,5,5,2,5,4,3,1,5,5,4,2,2,1,2,4,3,2,2,2,4,4,5,1,5,2,2,4,4,2,2,1,3,5,1,5,0.68,0.62,0.58,0.6,0.58,John Raymond,20,Female
3,4,3,2,5,3,4,4,1,3,2,3,2,1,5,4,4,1,5,1,1,2,3,2,5,1,1,5,4,3,3,4,2,3,1,3,4,1,3,3,3,3,5,5,4,2,2,2,2,5,0.64,0.56,0.54,0.54,0.66,Diana Martinez,24,Male
5,3,5,4,1,3,4,2,2,4,2,4,1,3,1,1,1,2,3,1,1,1,3,3,4,2,3,1,5,1,4,4,3,2,1,4,4,5,4,4,4,5,3,3,4,5,5,2,4,1,0.66,0.38,0.48,0.7,0.72,Tony Le,20,Female
5,1,2,4,3,3,4,1,2,3,2,5,1,2,1,2,2,1,2,2,2,3,2,3,3,5,4,4,4,4,2,2,5,3,1,2,1,4,4,3,1,5,1,1,1,4,3,2,1,3,0.56,0.4,0.68,0.54,0.44,Carolyn Bowen,28,Female
5,1,1,5,3,2,3,5,4,1,1,1,2,1,5,4,5,3,5,5,1,3,4,1,2,1,1,5,3,2,5,5,4,3,3,3,1,1,3,4,5,1,5,3,2,3,2,1,5,1,0.6,0.64,0.46,0.64,0.56,Todd Adams,18,Male
4,4,1,1,1,1,5,5,3,3,5,5,5,3,4,2,5,4,1,4,5,2,2,4,2,4,3,5,5,3,1,1,1,5,3,2,4,4,2,3,5,2,1,5,3,5,4,5,4,1,0.56,0.76,0.7,0.52,0.7,Gabriel Baker,23,Female
1,1,4,5,2,3,1,2,2,4,5,1,3,2,1,2,2,1,4,3,5,3,4,5,4,2,3,5,4,5,1,1,5,1,5,2,1,4,2,1,2,4,2,1,3,3,1,2,4,2,0.5,0.48,0.8,0.46,0.48,Kayla Anderson,18,Male
2,3,1,2,5,1,1,3,2,2,2,4,5,1,5,4,2,3,5,1,5,4,4,2,3,4,3,3,3,5,1,2,2,4,1,2,1,5,4,1,1,1,1,1,4,5,3,5,4,1,0.44,0.64,0.72,0.46,0.52,James Richardson,26,Female
2,5,1,2,1,2,3,1,5,4,5,2,4,2,3,2,4,2,2,3,4,3,1,3,3,5,3,3,2,3,2,2,5,5,5,3,2,5,1,1,3,3,2,2,2,4,3,4,4,1,0.52,0.58,0.6,0.62,0.56,Debra Hoover,26,Male
3,5,2,3,1,5,5,4,1,5,1,3,4,5,2,3,5,4,1,2,4,3,4,2,5,5,4,2,1,2,2,1,4,1,3,1,4,4,2,1,3,2,4,4,2,5,5,5,1,2,0.68,0.6,0.64,0.46,0.66,Benjamin Mitchell,19,Female
2,3,3,3,4,5,4,5,2,3,5,4,4,5,1,3,2,1,2,4,3,2,3,4,1,4,3,3,4,5,1,1,4,1,1,5,5,2,1,4,1,4,2,2,2,4,3,5,5,5,0.68,0.62,0.64,0.5,0.66,John Bowen,20,Female
3,3,3,3,2,2,4,5,3,4,1,3,4,2,2,1,3,3,4,5,2,1,3,3,5,1,2,1,3,2,2,5,4,1,2,4,2,4,2,5,2,3,4,3,2,1,5,3,1,4,0.64,0.56,0.46,0.62,0.56,Kristi Hughes,20,Male
3,4,5,5,3,1,3,4,3,3,4,2,1,4,3,3,4,1,4,1,5,2,4,5,4,3,5,3,2,4,3,1,4,4,2,3,1,5,3,5,3,5,1,2,1,5,2,5,5,5,0.68,0.54,0.74,0.62,0.68,Brandy Ellis,24,Male
4,5,4,4,5,1,2,2,1,3,5,3,5,4,3,3,4,2,2,1,4,3,2,4,3,2,3,5,2,5,1,2,1,3,4,2,5,4,2,2,4,3,4,5,2,5,4,2,4,5,0.62,0.64,0.66,0.52,0.76,James Smith DDS,27,Male
1,3,1,5,4,3,2,3,2,3,4,5,4,5,4,1,2,2,5,3,5,2,4,2,1,2,4,5,5,5,2,4,3,1,4,4,4,5,3,2,2,2,3,1,3,5,2,2,5,5,0.54,0.7,0.7,0.64,0.6,Jennifer Gonzales,29,Female
4,1,1,5,2,5,2,4,2,5,5,3,1,4,2,3,4,5,3,4,5,3,4,5,1,2,2,5,1,4,5,5,4,4,3,1,3,2,2,5,2,5,5,3,3,3,4,5,1,4,0.62,0.68,0.64,0.68,0.7,Brian Morrow,24,Female
4,2,3,1,5,5,2,1,1,1,4,3,3,2,5,5,2,1,3,5,2,2,3,3,2,5,5,3,2,3,2,1,2,2,3,1,4,3,4,2,1,5,3,4,1,2,3,3,4,4,0.5,0.66,0.6,0.48,0.6,Jonathan Taylor,20,Male
1,2,4,3,4,3,2,2,3,2,4,1,3,4,5,5,2,1,2,1,4,3,1,2,1,3,4,4,5,1,4,1,1,4,4,5,3,3,4,4,1,2,5,5,5,2,3,3,5,1,0.52,0.56,0.56,0.66,0.64,Taylor Kelley,20,Male
5,1,4,3,1,4,3,2,1,3,4,2,4,2,4,5,4,3,2,4,4,1,4,2,2,2,3,1,4,3,2,5,2,2,5,4,1,4,4,2,4,3,5,3,2,2,3,3,5,3,0.54,0.68,0.52,0.62,0.66,Andrew Webb,18,Female
4,5,5,2,2,1,1,3,4,3,2,1,2,5,2,1,5,3,5,2,1,1,1,2,2,1,4,4,4,5,1,5,2,5,3,4,4,2,5,4,4,3,2,3,1,5,5,3,3,5,0.6,0.56,0.5,0.7,0.68,Bruce Diaz,18,Male
2,5,5,3,3,1,1,3,1,2,4,3,4,3,3,2,1,2,5,1,2,2,4,3,5,1,1,5,1,5,5,1,3,4,4,4,5,4,4,2,5,2,3,5,3,5,4,2,4,2,0.52,0.56,0.58,0.72,0.7,Alec Long,26,Female
5,2,3,4,4,2,4,2,4,4,5,1,1,2,3,2,5,2,2,4,3,1,1,1,4,5,1,5,2,2,1,3,5,3,3,5,3,4,2,1,1,1,4,4,3,1,4,3,3,1,0.68,0.54,0.5,0.6,0.5,Mary Snyder,22,Female
4,5,3,2,5,1,3,3,1,4,4,3,3,2,4,5,2,5,3,3,3,5,3,1,3,2,3,2,1,2,1,1,1,1,4,4,2,5,5,2,2,4,3,1,3,3,1,5,2,4,0.62,0.68,0.5,0.52,0.56,Ray Campos,24,Female
1,1,4,3,3,3,4,3,5,5,5,4,4,2,2,3,4,4,5,3,3,1,1,4,5,5,3,4,4,1,4,1,4,3,4,2,1,1,1,2,5,5,4,3,4,5,5,3,5,4,0.64,0.72,0.62,0.46,0.86,Samuel Stewart,22,Female
4,1,3,2,1,5,1,3,2,2,3,3,2,1,1,1,1,5,5,2,1,1,1,3,5,3,3,1,3,1,3,2,1,1,2,3,4,2,2,3,2,1,4,5,3,3,3,2,3,2,0.48,0.48,0.44,0.46,0.56,Tyler Dunlap,26,Male
4,2,2,2,3,1,3,2,3,2,5,3,2,1,5,2,3,1,2,3,2,3,2,1,2,4,4,1,4,3,4,5,5,1,2,4,4,1,4,1,5,5,1,3,4,2,5,1,1,5,0.48,0.54,0.52,0.62,0.64,Brett Marsh,20,Male
1,1,2,2,1,2,2,5,2,4,5,3,2,4,5,5,2,3,3,3,2,3,5,2,5,3,5,2,4,2,2,3,3,1,3,2,4,3,1,4,3,2,3,4,5,4,2,2,5,3,0.44,0.7,0.66,0.52,0.66,John Rowe,24,Female
1,2,3,2,2,1,5,4,3,5,3,2,5,2,4,3,1,3,5,2,4,3,3,3,5,2,2,4,2,1,2,4,3,3,4,3,4,5,2,5,3,2,3,1,4,1,2,3,2,1,0.56,0.6,0.58,0.7,0.44,Edward Walls,21,Male
3,3,2,2,1,2,5,1,5,4,1,2,4,3,3,5,2,3,3,1,5,2,5,3,5,1,5,3,2,1,5,3,1,1,4,1,5,4,3,2,3,4,5,5,3,4,1,5,4,5,0.56,0.54,0.64,0.58,0.78,Andrea Dunn,29,Female
1,3,4,2,3,2,4,1,5,5,5,5,1,4,5,3,2,1,5,4,4,3,4,2,4,1,4,5,1,4,4,2,4,2,3,4,1,2,4,2,2,4,2,5,3,2,4,4,3,3,0.6,0.7,0.64,0.56,0.64,Nicole Garcia,18,Male
4,2,5,3,4,3,5,3,3,4,5,5,2,5,1,1,5,3,1,4,2,5,2,2,2,2,3,1,2,1,2,2,2,2,3,4,4,2,2,3,5,4,3,3,5,2,5,1,4,3,0.72,0.64,0.44,0.52,0.7,James Carlson,19,Female
2,2,4,2,1,5,4,5,2,4,3,2,3,5,3,5,4,3,1,1,5,3,2,1,4,5,2,4,2,2,1,3,2,1,4,2,4,5,5,1,3,4,4,5,5,2,2,1,2,2,0.62,0.6,0.6,0.56,0.6,Gabrielle Walker,24,Male
4,1,3,1,1,4,4,3,3,5,2,2,5,1,3,3,5,1,5,5,4,1,5,4,2,2,4,5,1,1,2,2,3,4,3,2,2,3,2,5,1,5,2,1,3,5,3,2,5,4,0.58,0.64,0.58,0.56,0.62,Ashley Moran,22,Male
3,3,4,1,2,5,1,4,5,5,2,4,1,4,2,4,4,3,3,5,3,3,4,2,4,4,5,4,2,5,4,5,1,2,3,1,3,4,3,2,1,2,1,5,2,3,3,5,5,1,0.66,0.64,0.72,0.56,0.56,Michael Lopez,25,Female
1,2,3,2,3,4,2,2,4,2,1,3,2,3,4,1,3,3,4,5,5,4,4,1,5,3,4,1,3,4,5,3,3,4,4,4,4,4,3,2,5,2,5,2,2,3,4,4,3,3,0.5,0.58,0.68,0.72,0.66,Leslie Kelley,25,Female
1,5,1,3,5,4,5,5,4,5,1,2,5,5,4,4,5,2,2,4,1,4,4,4,3,1,4,2,4,4,5,1,1,1,4,1,2,5,5,2,4,2,3,3,1,1,4,1,3,5,0.76,0.68,0.62,0.54,0.54,Patrick Floyd,28,Female
5,1,1,2,1,5,3,1,5,4,1,5,1,4,1,2,3,4,2,3,4,2,1,3,1,5,5,2,4,4,2,5,1,3,4,5,1,4,3,1,4,2,3,1,4,3,1,4,3,1,0.56,0.52,0.62,0.58,0.52,Belinda Haney,22,Male
3,5,3,1,3,4,1,1,4,1,2,4,4,2,4,2,5,5,3,5,3,2,4,2,3,2,3,4,2,4,4,2,2,4,3,2,2,2,1,1,3,3,1,3,1,2,3,2,5,3,0.52,0.72,0.58,0.46,0.52,Rebecca Murray,26,Female
5,4,2,2,3,3,4,1,1,3,5,4,3,2,4,1,4,5,1,5,4,2,5,3,5,4,2,1,3,5,5,4,3,4,4,5,5,1,1,5,1,3,5,3,5,3,5,1,3,4,0.56,0.68,0.68,0.74,0.66,Marie Johnson,27,Male
5,2,4,2,4,1,5,3,3,3,5,1,3,1,5,1,4,4,5,2,5,4,4,3,3,4,1,4,5,2,1,2,5,2,5,3,2,4,2,4,5,4,3,3,5,4,1,3,1,1,0.64,0.62,0.7,0.6,0.6,Brian Morrison,19,Male
5,2,1,5,2,2,4,1,5,5,3,3,3,3,4,2,4,5,3,5,5,5,3,4,4,2,1,2,4,5,3,3,5,3,5,3,3,3,4,4,5,2,1,5,2,3,2,4,4,3,0.64,0.7,0.7,0.72,0.62,Matthew Harper,24,Male
2,1,3,2,5,3,4,1,2,4,3,5,1,2,5,1,1,5,1,2,5,4,4,5,4,2,2,1,5,5,4,3,4,1,3,4,4,4,4,1,4,1,4,4,4,2,2,3,3,4,0.54,0.52,0.74,0.64,0.62,Brian Davila,22,Male
5,1,2,3,3,4,3,4,4,5,4,1,5,5,4,1,5,2,5,1,1,2,5,5,3,5,1,4,1,5,3,1,1,3,4,3,2,1,5,3,1,4,4,1,5,4,2,2,2,2,0.68,0.66,0.64,0.52,0.54,Devin Wood,25,Male
2,5,5,1,1,4,5,5,1,1,5,2,1,4,5,4,2,5,3,5,2,1,5,2,5,4,1,5,4,5,2,1,3,4,1,4,5,5,1,5,3,2,5,5,5,5,4,2,4,5,0.6,0.72,0.68,0.62,0.8,Sarah Coleman,22,Male
3,3,2,1,4,2,1,3,2,5,3,1,5,4,2,1,1,5,5,4,1,4,1,2,2,5,2,3,1,3,1,4,5,4,5,5,2,1,5,2,5,3,4,4,5,1,1,5,5,4,0.52,0.62,0.48,0.68,0.74,Savannah Torres,22,Female
3,3,2,2,5,4,3,5,3,4,3,5,2,5,4,5,4,1,4,4,3,5,1,2,4,3,3,5,2,5,4,3,2,3,2,4,5,4,2,3,4,1,3,5,5,4,1,5,3,2,0.68,0.74,0.66,0.64,0.66,Samantha Smith,19,Male
1,4,5,2,4,2,4,2,3,2,3,1,2,2,2,1,2,4,4,4,2,3,5,3,2,1,1,5,3,1,5,3,3,4,1,2,1,5,1,3,1,5,3,5,1,4,3,2,3,4,0.58,0.5,0.52,0.56,0.62,Dana Hoffman,27,Male
2,5,1,4,4,4,2,2,4,5,3,3,3,5,1,4,5,3,3,2,3,1,2,1,2,4,2,1,4,3,3,4,5,1,4,1,5,2,4,3,5,2,4,2,1,4,1,2,5,5,0.66,0.64,0.46,0.64,0.62,Mario Kidd,28,Female
5,4,2,3,1,2,3,4,1,3,2,3,4,2,2,5,1,1,3,2,4,2,3,1,4,4,4,3,2,1,5,2,4,4,4,1,1,2,4,5,3,2,1,1,4,4,3,1,3,4,0.56,0.5,0.56,0.64,0.52,Warren Wheeler,28,Female
4,4,3,5,4,1,4,5,2,4,5,1,1,2,4,5,5,4,5,4,3,2,1,4,1,3,4,2,5,1,5,1,4,1,1,5,3,2,4,1,2,3,2,5,4,3,4,2,2,1,0.72,0.72,0.52,0.54,0.56,Patricia Price,27,Female
1,2,1,2,2,5,3,4,2,4,2,4,5,4,3,1,5,3,5,5,3,2,5,1,1,3,2,1,3,1,5,3,4,3,5,5,2,3,5,1,4,5,3,4,2,2,3,3,5,4,0.52,0.74,0.44,0.72,0.7,Natalie Graham,29,Female
1,5,1,5,5,1,1,3,1,1,4,3,1,3,4,3,4,4,4,1,1,5,1,4,3,2,5,3,2,1,1,4,2,5,1,2,2,5,1,5,3,2,5,5,3,5,4,1,4,2,0.48,0.62,0.54,0.56,0.68,Scott Hampton,18,Male
2,1,4,4,2,5,1,3,3,5,2,2,2,4,1,1,5,4,1,2,1,4,5,5,1,5,3,4,5,4,1,3,1,3,1,4,4,2,2,4,4,1,4,1,2,1,2,2,3,5,0.6,0.48,0.74,0.5,0.5,Aaron Mays,20,Male
1,4,2,1,1,5,4,5,1,5,1,1,5,4,4,1,5,1,5,4,4,3,3,1,1,1,1,4,5,5,5,2,3,4,1,3,5,4,5,1,3,5,5,1,4,1,2,2,2,2,0.58,0.62,0.56,0.66,0.54,Christopher Ramirez,28,Male
2,2,5,2,2,1,5,1,3,5,5,2,1,1,3,2,2,4,3,1,5,5,2,5,1,3,4,3,5,4,3,1,2,1,4,3,5,1,4,3,5,4,1,3,3,3,2,5,3,5,0.56,0.48,0.74,0.54,0.68,Jason Campbell,28,Female
4,5,4,4,4,3,4,5,3,4,4,4,1,3,5,2,3,1,2,5,3,2,1,3,1,4,1,2,1,5,4,3,1,5,2,4,1,2,4,3,1,4,1,3,1,5,2,2,2,4,0.8,0.6,0.46,0.58,0.5,John Mayo,21,Female
2,5,5,3,2,5,1,4,1,1,3,3,4,1,1,1,5,5,1,3,1,5,3,1,3,3,5,4,5,5,1,1,3,2,5,3,2,3,1,4,1,1,5,4,5,4,4,4,2,4,0.58,0.54,0.7,0.5,0.68,Chad Martin,20,Female
5,4,2,3,5,4,1,2,1,5,3,5,5,5,4,1,4,2,3,4,5,2,3,5,5,3,3,5,3,4,2,4,5,5,5,2,2,2,2,2,5,2,4,1,4,1,3,4,1,4,0.64,0.72,0.76,0.62,0.58,Kelly Ryan,27,Female
5,5,3,2,5,3,4,3,5,1,3,4,4,1,2,4,2,3,1,2,5,2,4,5,2,2,5,3,1,4,4,3,4,5,4,5,1,5,4,5,2,3,1,1,5,2,1,2,2,4,0.72,0.52,0.66,0.8,0.46,David Chase,23,Female
1,5,5,1,3,5,1,4,2,3,1,3,1,4,2,3,4,1,2,1,2,5,3,1,2,1,5,3,3,3,1,2,4,3,1,3,4,1,3,4,1,5,3,3,2,3,4,3,3,5,0.6,0.44,0.56,0.52,0.64,Joshua Rice,26,Female
3,5,2,4,2,4,4,2,2,4,3,5,1,5,5,2,1,1,1,5,2,5,5,3,3,1,5,1,1,5,1,3,3,4,5,4,4,5,2,4,5,1,2,3,3,3,1,4,1,5,0.64,0.58,0.62,0.7,0.56,Debra Lopez MD,28,Male
2,1,3,4,3,1,1,1,1,2,2,3,5,3,4,1,5,4,4,2,4,3,1,2,4,4,5,2,2,3,5,4,1,3,3,3,1,3,5,3,1,1,1,5,4,5,2,1,3,2,0.38,0.66,0.6,0.62,0.5,Douglas Smith,25,Male
5,1,5,5,5,2,1,3,2,4,3,5,1,3,3,1,4,3,4,1,3,2,1,1,4,3,3,1,3,3,1,2,4,2,5,5,2,3,4,5,3,3,4,4,5,2,5,3,3,1,0.66,0.56,0.48,0.66,0.66,Elizabeth Reynolds,18,Female
3,2,4,1,4,5,2,5,1,3,4,1,4,2,5,3,4,2,3,1,5,2,3,1,3,3,3,1,2,1,1,5,1,5,1,1,4,4,4,2,1,3,5,1,4,1,5,2,5,5,0.6,0.58,0.48,0.56,0.64,Kari Gaines,20,Male
2,2,1,4,3,4,4,5,5,4,2,2,5,4,5,1,5,3,5,2,2,4,3,4,3,1,4,2,3,2,2,2,2,1,4,5,5,1,1,5,4,3,4,3,1,1,5,3,5,5,0.68,0.68,0.56,0.56,0.68,Kevin Kelley,22,Male
1,1,1,2,2,4,3,1,4,4,2,3,4,5,5,1,2,5,5,3,2,1,5,4,4,2,5,1,4,2,3,4,2,2,5,5,3,3,5,2,4,2,2,1,1,2,3,3,1,3,0.46,0.7,0.6,0.68,0.44,Aimee Hernandez,27,Male
5,2,1,2,2,4,2,2,5,4,1,2,5,2,3,1,2,1,4,4,3,3,1,3,4,3,2,3,3,3,5,4,5,2,1,4,4,3,3,4,1,2,3,5,4,5,1,4,5,5,0.58,0.5,0.56,0.7,0.7,Abigail Thomas,18,Female
1,1,5,5,4,1,3,1,5,1,5,4,4,5,2,1,4,4,3,4,5,5,3,1,4,1,5,1,1,1,3,1,1,1,5,4,1,3,2,4,4,5,3,2,4,2,1,2,4,4,0.54,0.72,0.54,0.5,0.62,Kristy Weaver,18,Female
3,4,4,2,1,1,4,2,3,1,3,3,2,2,3,4,4,3,5,2,2,5,2,1,3,5,3,4,1,1,4,1,2,4,5,3,2,5,4,2,2,2,4,4,3,4,2,5,5,3,0.5,0.62,0.54,0.64,0.68,Oscar Dawson,23,Female
1,3,2,1,3,5,3,2,5,1,4,2,1,5,5,1,1,3,1,5,2,3,4,2,1,1,4,4,2,1,5,3,2,5,5,2,2,1,4,1,3,4,2,3,4,5,2,3,3,2,0.52,0.56,0.48,0.6,0.62,Keith Jenkins,21,Male
3,1,5,2,2,4,2,1,1,5,3,5,2,2,2,1,1,1,3,2,4,4,1,4,1,1,3,2,3,4,4,2,3,3,5,5,1,5,2,2,4,4,3,2,3,4,2,4,5,4,0.52,0.44,0.54,0.64,0.7,Nicole Hines,21,Female
5,5,5,4,3,1,3,2,5,5,4,3,2,2,2,1,3,1,1,5,2,1,5,1,3,2,1,3,5,2,1,3,5,1,2,1,3,2,1,2,3,4,2,3,5,5,1,5,2,4,0.76,0.48,0.5,0.42,0.68,Brittany Gonzales,29,Female
1,5,2,2,3,5,4,3,3,3,4,4,3,5,3,1,3,3,3,5,4,1,5,2,5,2,1,5,5,4,1,2,3,3,2,3,5,1,5,3,4,4,1,4,2,1,1,1,3,5,0.62,0.68,0.68,0.56,0.52,Kathleen Brooks,23,Male
3,5,5,4,4,5,1,4,2,1,3,4,4,1,3,4,3,4,4,4,2,2,3,4,1,3,4,3,4,5,3,4,4,2,4,1,5,1,4,3,1,3,4,1,3,1,1,3,4,1,0.68,0.68,0.62,0.62,0.44,Amber Dickson,22,Female
1,4,5,2,4,4,3,5,2,3,5,2,1,3,3,3,1,1,3,5,5,4,2,1,1,2,1,3,3,3,1,5,5,1,5,4,3,2,2,4,4,4,4,5,5,2,4,4,1,3,0.66,0.54,0.5,0.64,0.72,Thomas Richards,20,Male
3,3,5,2,4,2,5,4,5,4,1,3,3,3,4,2,5,5,1,1,5,3,4,4,2,2,2,2,4,5,2,4,4,1,4,3,4,3,2,2,3,3,2,1,2,4,3,1,3,5,0.74,0.56,0.66,0.58,0.54,Jessica White,25,Male
3,5,4,2,1,1,2,2,3,3,1,1,3,3,5,3,1,5,5,3,5,1,2,5,1,5,4,2,5,3,1,2,5,3,1,1,5,5,1,3,3,4,5,1,2,1,3,5,3,2,0.52,0.6,0.66,0.54,0.58,Mr. Joshua Cooper,23,Male
5,1,1,4,2,2,3,2,2,3,1,4,5,4,1,5,3,3,2,1,4,1,4,1,1,2,3,3,5,2,3,5,5,2,5,4,3,2,3,3,4,1,2,1,3,2,3,5,3,1,0.5,0.58,0.52,0.7,0.5,Eric Clayton,19,Female
5,5,2,3,2,1,1,4,3,2,3,3,2,3,5,2,4,4,1,4,5,4,3,1,3,4,1,3,4,2,5,3,1,1,2,3,4,5,2,1,3,2,5,3,4,2,2,3,4,2,0.56,0.62,0.6,0.54,0.6,Joshua Jones,28,Female
2,5,4,2,1,1,3,2,4,1,2,1,2,1,2,2,3,1,2,3,1,1,5,1,1,2,4,4,3,4,2,3,2,3,5,3,1,3,5,3,2,4,1,5,2,2,2,4,4,2,0.5,0.38,0.52,0.6,0.56,Kristina Campbell,18,Female
5,1,5,4,5,1,1,5,4,2,4,3,2,4,2,2,4,3,4,2,1,1,4,3,3,3,1,2,2,1,4,4,3,5,3,3,2,2,5,5,2,3,2,4,5,2,2,1,2,2,0.66,0.6,0.42,0.72,0.5,Sarah Baker,20,Male
1,1,1,2,4,3,1,1,1,1,2,4,4,1,3,4,5,2,3,4,4,3,5,3,3,4,1,3,1,3,2,2,5,3,3,4,5,4,4,3,3,1,2,3,4,3,5,1,5,4,0.32,0.64,0.6,0.7,0.62,Ashley Russell,22,Female
1,1,5,4,2,2,1,2,4,3,3,2,5,3,4,4,1,2,2,3,1,2,5,4,1,5,5,5,4,2,2,5,1,3,5,3,3,1,2,4,2,4,5,3,1,5,3,2,5,5,0.5,0.58,0.68,0.58,0.7,Mr. Adam Hayden,27,Female
2,3,5,2,1,5,4,2,4,2,1,1,4,1,2,4,2,2,1,4,4,1,4,1,3,5,2,1,4,2,1,2,1,3,1,5,5,1,5,5,4,3,1,4,2,3,3,2,2,1,0.6,0.44,0.54,0.58,0.5,Spencer Brown,23,Female
5,4,2,5,4,2,4,2,2,1,1,4,2,1,5,2,1,3,3,1,5,4,2,3,5,2,5,4,2,3,1,4,2,5,2,3,2,1,4,5,3,1,3,1,3,1,3,1,4,5,0.62,0.46,0.7,0.58,0.5,Carly Peterson,23,Male
3,5,1,2,2,2,1,5,1,2,4,1,4,3,2,1,2,2,4,1,5,5,3,2,5,4,2,5,3,5,1,1,5,1,2,3,4,2,3,2,4,1,3,2,4,5,4,1,4,5,0.48,0.48,0.78,0.48,0.66,Christopher Hendricks,26,Male
2,5,2,3,3,2,2,2,4,4,1,2,4,2,5,5,1,4,5,1,1,3,5,3,3,3,3,2,1,1,1,2,5,1,4,1,3,2,3,5,5,5,5,4,4,5,2,1,1,4,0.58,0.6,0.5,0.54,0.72,Greg Cantu,28,Female
4,4,2,4,3,2,2,4,1,2,4,1,5,4,5,3,1,1,5,1,5,1,5,5,5,2,1,1,2,2,1,4,5,1,5,5,3,2,3,3,5,4,1,5,5,5,4,5,5,2,0.56,0.6,0.58,0.64,0.82,Aaron Sawyer,25,Female
3,4,3,3,2,3,5,5,1,2,4,1,1,3,4,5,3,3,5,5,3,1,2,1,4,4,2,3,2,5,5,3,1,1,5,4,3,2,2,3,4,5,1,1,5,2,3,4,1,1,0.62,0.68,0.54,0.58,0.54,Dr. David Hernandez III,26,Male
4,1,4,5,2,1,4,5,1,2,1,5,1,1,5,3,4,4,4,2,3,1,4,4,4,3,5,2,3,3,3,5,2,2,5,3,1,1,5,1,4,3,5,5,3,5,2,4,3,1,0.58,0.6,0.64,0.56,0.7,Jennifer Hernandez,25,Female
2,1,5,2,4,1,4,4,4,2,2,5,1,5,3,4,2,2,4,5,4,5,4,1,5,4,3,4,1,2,5,4,1,3,5,5,2,5,1,2,3,2,4,5,2,5,4,2,4,3,0.58,0.66,0.66,0.66,0.68,Jared Nelson,28,Female
2,3,5,5,5,3,5,4,1,3,1,3,5,2,3,2,2,5,5,1,4,4,5,4,2,2,3,5,5,3,3,4,3,1,2,2,5,4,3,4,5,5,3,2,5,4,2,2,1,2,0.72,0.58,0.74,0.62,0.62,Michael Moore,21,Female
1,5,2,3,1,4,1,2,5,3,5,5,1,2,4,4,2,5,4,4,5,1,1,1,2,1,2,3,5,1,1,1,3,2,4,5,2,1,4,3,2,2,2,1,1,4,4,5,4,2,0.54,0.72,0.44,0.52,0.54,Adriana Lee,19,Male
1,2,1,4,3,2,1,4,3,1,2,3,3,1,2,2,2,2,5,2,2,5,1,2,3,2,5,1,4,3,2,4,3,4,2,5,4,1,4,1,4,1,1,4,3,5,4,1,3,3,0.44,0.48,0.56,0.6,0.58,Evelyn Jenkins,27,Male
3,5,5,1,3,1,4,3,5,3,5,4,2,4,2,5,3,4,4,3,5,3,4,2,4,2,4,2,2,1,4,3,1,2,4,3,3,3,1,2,3,2,3,5,1,3,2,1,2,4,0.66,0.72,0.58,0.52,0.52,Patricia Wolf,20,Female
4,3,3,3,2,4,4,2,2,5,2,5,3,2,3,2,3,1,3,1,2,2,4,2,2,3,4,3,3,1,3,5,2,5,1,1,1,3,4,5,1,1,1,5,4,1,5,4,5,1,0.64,0.5,0.52,0.6,0.56,Jamie Chen,22,Female
4,2,4,2,5,5,5,4,5,2,4,2,5,2,4,2,1,1,2,3,2,2,4,2,4,3,1,3,4,4,1,5,5,5,5,5,5,1,5,4,2,5,1,5,2,5,5,2,4,2,0.76,0.52,0.58,0.82,0.66,Danielle Jensen,28,Male
4,5,3,5,4,2,3,2,1,4,4,4,1,3,5,4,1,2,5,5,3,5,3,2,2,1,5,4,4,5,4,1,3,1,5,5,4,3,2,1,5,4,3,3,3,5,1,1,3,3,0.66,0.68,0.68,0.58,0.62,Joan Moreno,28,Male
4,4,2,2,4,2,4,2,1,4,3,4,3,3,3,5,3,1,1,3,1,3,5,2,5,2,5,4,3,2,2,4,1,3,4,5,3,3,1,4,2,3,2,1,2,5,5,4,1,2,0.58,0.58,0.64,0.6,0.54,Lisa Lynch,22,Female
5,1,5,3,1,4,3,5,5,3,3,2,3,1,2,5,2,5,5,3,4,5,1,5,1,3,3,1,4,3,4,2,4,3,1,1,3,5,1,4,3,1,2,4,2,3,1,5,2,1,0.7,0.62,0.6,0.56,0.48,Paul Ramirez,24,Female
3,1,1,3,3,5,5,2,5,2,3,1,1,3,5,5,1,2,3,3,5,4,4,2,3,3,4,1,2,1,2,3,5,2,1,4,1,4,4,3,2,2,4,3,1,4,5,1,2,1,0.6,0.54,0.58,0.58,0.5,Justin Martin,22,Female
5,3,2,3,3,1,2,3,4,2,1,5,5,2,4,3,5,5,2,5,1,3,2,3,1,4,1,2,2,4,2,2,4,1,4,1,2,3,5,1,2,2,4,3,4,1,2,2,1,1,0.56,0.74,0.46,0.5,0.44,Brian Williams,27,Male
4,4,2,4,5,1,4,2,2,5,3,3,5,1,1,5,5,5,3,2,1,3,1,4,4,3,1,1,4,2,1,1,4,4,4,4,5,3,1,3,1,2,1,2,1,2,2,1,5,2,0.66,0.66,0.48,0.6,0.38,Joseph Clark,27,Female
2,2,3,2,4,1,1,1,1,5,3,2,5,2,3,4,5,5,1,3,5,5,3,5,1,1,2,1,4,1,5,5,1,4,5,4,5,5,3,4,1,5,5,5,5,3,5,2,1,5,0.44,0.66,0.56,0.82,0.74,Aaron Young,18,Male
2,1,2,1,5,3,1,1,3,5,3,4,3,4,2,1,4,3,4,1,1,1,3,2,3,2,3,3,2,5,3,3,5,5,4,2,2,4,2,4,2,5,1,5,3,2,1,2,2,2,0.48,0.58,0.5,0.68,0.5,Stephen Long,25,Female
5,2,2,5,4,5,2,4,5,1,1,3,5,5,4,4,4,3,4,3,1,4,2,4,5,3,1,1,4,1,2,2,3,4,3,3,3,5,3,4,3,1,1,4,4,1,2,3,1,4,0.7,0.72,0.52,0.64,0.48,Renee Dunlap,19,Female
1,4,4,3,3,4,2,5,5,4,5,1,2,5,4,3,2,5,3,1,2,4,4,1,5,3,2,1,2,1,1,4,2,1,5,5,4,4,4,5,1,3,3,2,2,5,3,5,1,5,0.7,0.62,0.5,0.7,0.6,Christopher Pham,21,Male
2,4,1,1,3,5,3,4,4,4,4,2,3,4,4,2,3,5,2,1,4,4,4,1,3,1,5,1,3,5,3,3,4,5,5,4,1,1,3,4,3,3,5,5,3,5,1,2,3,4,0.62,0.6,0.62,0.66,0.68,Sharon Martin,24,Male
3,1,3,2,2,2,2,3,1,5,3,1,3,5,1,4,3,3,4,3,1,5,3,5,1,1,4,1,3,5,5,3,5,4,4,1,4,3,1,1,4,5,5,2,4,3,5,5,3,2,0.48,0.6,0.58,0.62,0.76,Edward Bryant,18,Male
2,5,1,4,2,4,5,5,4,2,2,1,2,4,1,2,4,1,1,2,1,1,3,2,5,3,4,1,3,1,1,2,1,4,1,3,3,5,1,1,1,4,5,2,3,3,5,2,3,3,0.68,0.4,0.48,0.44,0.62,Courtney Miller,22,Female
5,2,4,2,5,1,3,4,2,3,3,2,3,1,2,4,1,5,3,2,4,1,4,3,1,3,1,2,1,4,5,5,1,3,1,5,1,3,2,4,3,1,1,5,5,5,1,2,5,1,0.62,0.52,0.48,0.6,0.58,Andrea Edwards,23,Female
4,3,1,1,5,4,2,3,3,1,3,4,5,2,1,3,3,5,5,1,4,4,3,3,4,1,1,4,3,4,5,3,1,2,5,2,4,5,5,5,2,2,3,2,1,4,4,3,2,5,0.54,0.64,0.62,0.74,0.56,David Williams,21,Male
2,4,2,1,4,4,2,1,3,3,4,4,5,4,4,5,3,1,2,5,5,3,5,2,3,2,3,2,3,5,5,2,2,3,4,2,5,5,4,2,4,5,3,4,3,2,1,3,5,4,0.52,0.74,0.66,0.68,0.68,Diana Mccormick,19,Female
3,5,3,3,2,5,3,1,4,3,1,1,2,4,4,5,5,5,5,5,2,1,5,2,2,2,1,2,4,1,2,2,3,4,5,2,4,4,2,2,3,2,3,4,1,5,4,3,2,1,0.64,0.74,0.44,0.6,0.56,Billy Lara,22,Female
2,4,5,2,3,3,2,5,5,3,5,5,1,3,2,5,1,1,5,4,4,2,1,2,5,4,2,3,3,5,1,5,3,3,1,5,2,1,3,4,4,4,4,1,4,4,1,4,4,2,0.68,0.64,0.62,0.56,0.64,William Herrera,20,Male
4,1,4,5,3,2,3,4,3,5,3,2,1,3,2,3,1,2,2,1,1,1,2,1,4,3,5,1,2,5,1,3,4,1,5,4,4,3,3,1,5,1,2,5,4,1,3,2,3,4,0.68,0.4,0.5,0.58,0.6,Tina Porter,22,Male
4,2,3,4,3,2,5,5,3,1,3,5,3,3,5,1,5,4,5,1,5,1,5,3,5,5,2,3,3,3,1,4,3,3,5,4,3,3,4,5,2,5,2,2,4,3,3,4,1,4,0.64,0.7,0.7,0.7,0.6,Kimberly Lucas,25,Female
3,4,3,4,2,3,3,1,3,4,4,1,2,1,3,5,5,3,2,2,3,2,2,4,5,4,3,5,4,2,5,5,1,3,1,3,2,4,3,5,2,1,4,5,3,2,4,1,2,2,0.6,0.56,0.68,0.64,0.52,Michelle Rivera,28,Male
4,4,3,2,2,1,1,1,1,3,2,2,2,3,5,2,3,3,1,2,1,5,4,2,5,4,1,5,3,3,2,3,5,4,3,5,2,4,3,4,5,1,3,1,4,5,3,4,4,4,0.44,0.5,0.66,0.7,0.68,Ashley Ortega,21,Female
2,5,1,3,3,4,4,2,1,3,1,3,2,1,4,4,1,4,2,5,4,5,4,3,5,4,2,5,5,4,3,5,4,1,4,1,3,2,1,4,5,3,2,3,2,2,1,5,5,4,0.56,0.54,0.82,0.56,0.64,Katherine Perez,19,Male
5,5,5,5,5,1,2,5,2,1,4,5,2,4,4,2,2,1,5,4,3,2,4,3,2,5,4,5,1,2,5,4,1,4,4,1,3,5,5,3,2,4,4,5,4,5,2,2,3,2,0.72,0.66,0.62,0.7,0.66,Samuel Meadows,27,Male
1,3,5,1,3,3,4,5,1,2,4,5,1,1,5,5,2,4,2,2,1,4,3,2,5,2,2,4,2,3,3,2,3,3,1,4,4,4,3,3,2,1,2,2,1,4,5,1,2,5,0.56,0.62,0.56,0.6,0.5,Brian Holmes,20,Female
2,5,4,3,3,2,4,2,1,3,2,2,3,5,3,5,1,3,3,3,1,2,5,2,4,5,3,2,2,4,3,3,5,4,5,5,2,4,5,1,1,1,2,1,4,5,3,1,3,1,0.58,0.6,0.6,0.74,0.44,Marilyn West,21,Female
4,5,3,4,2,4,1,5,2,5,3,3,5,3,3,3,3,4,2,2,5,2,3,3,5,4,2,4,1,5,3,1,5,2,3,1,5,2,5,3,4,5,5,4,2,3,3,2,2,1,0.7,0.62,0.68,0.6,0.62,Alice Collins,25,Male
4,1,3,3,4,5,1,4,4,5,2,5,5,1,1,1,2,1,4,3,2,4,4,2,3,4,2,5,5,4,2,2,4,4,2,1,3,2,1,3,1,2,5,2,3,3,2,4,2,5,0.68,0.5,0.7,0.48,0.58,David Dunn,25,Male
4,2,5,3,5,5,1,2,1,5,5,1,4,4,4,2,5,2,1,3,4,2,4,1,4,5,2,4,5,3,4,2,4,1,5,2,4,2,1,5,3,4,2,2,5,5,1,5,5,1,0.66,0.62,0.68,0.6,0.66,Richard Dominguez,22,Male
1,1,5,3,3,3,4,5,2,2,2,1,1,4,1,2,4,2,1,1,3,3,2,3,4,5,5,2,4,4,4,1,4,4,4,5,3,5,2,1,1,1,4,5,3,4,3,2,1,5,0.58,0.38,0.7,0.66,0.58,Lisa Galloway,22,Male
2,4,2,2,1,3,5,3,1,4,2,2,2,5,1,5,4,2,2,4,2,4,1,5,2,5,4,3,1,4,2,3,1,3,5,5,1,4,4,2,5,5,3,4,1,5,5,3,4,2,0.54,0.58,0.62,0.6,0.74,Ronald Ortega,18,Male
5,5,3,3,2,3,2,2,5,2,1,5,1,5,3,5,4,1,4,1,2,5,1,3,2,5,1,5,2,3,2,4,4,2,2,4,4,4,4,5,4,1,1,1,4,1,3,3,1,4,0.64,0.6,0.58,0.7,0.46,Christopher Bowen,23,Female
2,5,5,5,1,4,5,4,5,2,5,4,1,2,4,1,2,4,1,5,5,1,1,4,3,2,1,1,3,3,3,3,3,1,4,1,4,1,2,2,1,4,3,4,3,2,4,3,4,1,0.76,0.58,0.48,0.48,0.58,Samantha Smith,27,Female
5,1,3,5,2,3,3,4,3,4,4,4,5,4,3,2,4,5,3,4,5,5,1,1,5,5,4,1,3,1,1,5,1,1,1,1,5,4,4,3,4,2,5,3,5,5,4,4,1,3,0.66,0.76,0.62,0.52,0.72,Kathleen Cruz,26,Female
1,4,4,3,2,3,3,3,5,1,3,3,1,5,3,3,4,5,4,1,3,2,5,5,4,5,2,3,1,5,1,1,5,5,5,2,1,4,3,5,5,4,5,5,2,1,2,5,1,3,0.58,0.64,0.7,0.64,0.66,Jillian Luna,23,Female
5,2,2,1,5,5,2,3,1,5,2,1,3,2,3,2,5,1,2,5,1,5,3,1,1,5,3,2,4,4,5,4,4,3,2,3,1,1,1,1,5,1,2,3,2,2,4,1,3,1,0.62,0.52,0.58,0.5,0.48,Elizabeth Robinson,24,Female
4,2,4,5,5,4,4,4,3,2,5,3,3,1,3,4,3,3,5,2,4,3,5,1,2,2,3,4,2,5,2,5,1,5,2,2,4,1,1,2,2,4,1,2,3,1,1,3,4,5,0.74,0.64,0.62,0.5,0.52,Justin Hernandez,27,Male
3,1,4,3,2,1,4,4,2,4,1,1,3,5,1,2,4,5,3,3,1,4,4,2,2,3,2,1,3,4,3,2,4,4,3,2,1,4,1,2,3,1,3,1,2,2,4,4,2,1,0.56,0.56,0.52,0.52,0.46,Anthony Rodriguez,20,Male
5,4,4,4,1,1,4,4,5,1,1,4,5,3,1,5,3,4,3,4,1,2,2,5,3,3,5,5,5,3,3,2,2,3,3,1,2,1,5,4,2,4,3,5,2,2,3,3,2,3,0.66,0.66,0.68,0.52,0.58,Cynthia Castro,28,Female
5,1,1,3,5,1,2,4,4,2,2,3,2,5,3,2,3,3,5,3,5,5,5,5,1,5,4,5,2,2,2,4,4,4,4,3,1,3,1,2,1,1,5,4,3,1,4,3,2,4,0.56,0.62,0.78,0.56,0.56,Jaime Kane,29,Male
4,3,3,2,4,3,5,2,5,1,5,5,4,5,5,1,4,1,3,5,4,1,1,5,5,5,2,2,5,4,1,4,3,3,5,4,1,4,2,4,3,2,4,1,2,2,5,2,2,2,0.64,0.76,0.68,0.62,0.5,Emily Lewis,18,Male
2,1,5,1,5,3,5,2,3,5,3,2,2,4,2,4,3,4,2,5,5,2,1,1,5,4,5,4,1,1,4,5,5,4,1,5,2,2,3,4,3,3,3,5,3,3,2,4,3,3,0.64,0.62,0.58,0.7,0.64,Beth Park,28,Male
1,4,4,2,5,4,1,5,1,1,3,3,3,5,4,2,3,2,2,5,3,5,2,3,1,2,4,5,1,4,3,3,5,1,5,4,5,3,3,5,1,4,2,2,5,5,1,2,3,2,0.56,0.64,0.6,0.74,0.54,Heather Clark,26,Male
1,5,5,1,4,5,3,4,2,4,5,4,1,2,5,5,4,1,5,1,4,3,4,2,2,1,1,4,2,2,2,3,3,1,3,3,4,3,4,1,5,3,3,3,1,4,3,1,4,2,0.68,0.66,0.5,0.54,0.58,Jennifer Wall,24,Female
4,4,4,2,2,4,3,1,3,3,3,5,3,2,2,3,1,5,4,2,3,2,2,3,3,2,3,1,2,4,3,4,1,1,1,3,3,1,3,4,1,2,4,1,1,4,3,2,5,4,0.6,0.6,0.5,0.48,0.54,Alejandro Saunders,29,Male
5,4,5,2,3,2,1,4,2,2,5,3,4,3,5,1,2,4,3,2,1,4,1,2,2,1,3,3,3,1,3,5,5,2,4,4,2,4,1,2,5,1,1,4,1,4,5,1,3,1,0.6,0.64,0.42,0.64,0.52,Jenna Davidson,19,Male
2,1,1,2,1,5,3,5,4,3,4,3,4,5,1,1,3,1,3,2,2,3,2,2,5,4,4,3,4,5,1,4,4,4,1,5,2,1,5,2,3,2,1,2,3,5,2,5,3,1,0.54,0.54,0.68,0.58,0.54,Ashley Jones,28,Male
4,2,3,1,5,3,5,2,1,5,3,4,1,3,5,1,5,5,5,1,2,3,2,5,1,5,5,1,5,5,1,2,3,3,5,3,1,1,3,4,4,2,4,5,2,3,5,1,2,1,0.62,0.66,0.68,0.52,0.58,Justin Thomas,29,Male
3,3,3,4,2,4,2,1,5,1,3,2,3,5,1,4,2,5,3,5,3,1,4,1,3,3,3,4,4,3,4,3,4,2,5,2,1,1,2,4,4,4,4,2,5,5,4,3,3,5,0.56,0.66,0.58,0.56,0.78,Teresa Garner,18,Female
1,5,4,3,3,1,5,2,1,1,2,2,1,4,3,2,3,3,4,1,4,2,1,4,3,1,4,3,4,3,5,2,5,4,4,3,1,5,2,4,2,1,2,1,2,4,5,4,2,4,0.52,0.5,0.58,0.7,0.54,Nicole Jones,20,Male
1,5,4,4,2,5,2,5,1,3,1,1,3,4,5,4,1,3,4,2,4,1,1,3,3,3,1,3,2,5,5,1,4,2,3,5,4,3,2,1,3,3,2,4,5,1,5,3,5,4,0.64,0.56,0.52,0.6,0.7,Julie Holmes,25,Male
4,1,4,2,4,4,5,2,2,2,1,2,4,1,3,4,5,4,1,1,5,4,2,5,2,3,1,3,3,2,1,2,5,2,3,1,1,5,2,3,2,1,1,4,5,2,3,3,4,3,0.6,0.52,0.6,0.5,0.56,Logan Evans,23,Male
3,4,4,1,5,3,4,2,5,4,2,4,1,3,1,4,3,3,2,1,1,4,5,2,2,4,4,3,3,3,5,5,5,2,5,3,5,4,1,4,5,3,2,4,4,5,5,2,5,1,0.7,0.48,0.62,0.78,0.72,Joseph Moore,26,Male
3,3,2,5,5,1,4,4,4,5,2,5,2,5,4,4,2,2,5,1,5,3,4,4,5,5,2,5,1,2,5,5,2,5,4,4,4,3,1,1,1,3,2,3,1,5,1,5,4,5,0.72,0.64,0.72,0.68,0.6,Patrick Goodman,23,Female
4,3,4,4,1,2,5,1,4,4,2,4,1,3,1,3,1,3,3,5,1,1,5,1,5,2,2,5,2,3,5,5,1,2,3,4,5,1,2,5,4,3,3,3,2,2,1,1,1,3,0.64,0.52,0.54,0.66,0.46,Jordan Keller,25,Female
5,1,3,2,1,2,3,2,2,4,4,1,1,3,5,5,3,4,5,2,5,3,3,1,1,2,4,3,1,2,4,4,3,2,3,4,4,5,5,5,1,1,3,4,3,1,2,5,1,4,0.5,0.66,0.5,0.78,0.5,Hannah White,26,Male
1,4,3,3,1,4,2,5,5,2,1,3,1,2,5,4,5,4,2,3,2,5,3,4,1,4,3,5,3,5,3,1,2,1,4,4,1,5,5,1,1,1,3,4,3,5,3,2,4,4,0.6,0.6,0.7,0.54,0.6,Bridget Cruz,22,Female
4,5,3,2,4,4,5,2,2,1,3,4,4,3,4,4,3,5,3,5,4,5,5,4,1,1,4,1,5,5,4,1,2,5,2,1,1,5,4,1,4,5,3,3,1,3,2,3,5,5,0.64,0.76,0.7,0.52,0.68,Anthony Briggs,20,Female
2,1,1,3,5,5,4,2,3,3,2,1,3,5,1,5,1,4,2,2,4,1,4,4,2,5,5,5,3,1,4,3,1,3,5,2,5,3,3,5,5,1,2,3,3,1,1,3,3,3,0.58,0.52,0.68,0.68,0.5,Aaron Lindsey,25,Female
5,4,2,2,5,2,1,2,2,2,2,4,5,1,2,1,1,4,5,5,1,2,3,4,3,5,4,5,3,1,2,4,3,3,5,3,3,4,2,4,5,2,2,4,3,2,3,2,3,4,0.54,0.6,0.62,0.66,0.6,Mia Foster,21,Female
4,2,3,2,5,2,1,1,3,5,2,1,5,2,1,2,1,2,4,4,2,4,4,1,2,5,1,5,1,5,3,1,5,2,4,4,2,3,3,5,1,5,1,4,4,1,4,4,4,2,0.56,0.48,0.6,0.64,0.6,Nancy Edwards,26,Female
3,1,5,3,2,4,5,2,2,4,2,2,3,4,4,1,2,4,4,3,4,2,2,2,4,1,2,5,1,3,2,3,3,2,4,1,4,4,1,5,2,1,4,1,4,2,5,3,2,5,0.62,0.58,0.52,0.58,0.58,Andrew Patrick,26,Female
4,5,5,3,4,5,3,4,3,2,5,1,4,5,1,5,5,5,3,5,5,5,2,3,3,5,4,3,1,5,1,1,3,2,2,5,1,3,1,2,2,3,4,4,1,5,1,4,4,3,0.76,0.78,0.72,0.42,0.62,Stephanie Leblanc,24,Female
2,5,5,5,2,5,4,5,4,1,5,1,4,3,4,5,2,1,5,3,3,4,3,2,5,3,5,2,2,2,4,2,3,4,2,5,1,5,3,2,1,2,1,2,3,1,4,2,5,4,0.76,0.66,0.62,0.62,0.5,Joseph Lloyd,23,Male
5,5,4,5,5,2,5,4,3,4,3,2,1,2,4,4,5,4,1,4,2,5,4,3,1,3,4,3,1,2,3,3,1,4,1,3,3,1,3,2,5,3,5,5,3,1,3,2,4,4,0.84,0.6,0.56,0.48,0.7,Amanda Oconnor,25,Male
3,5,5,1,2,3,2,1,4,2,3,2,4,2,4,1,1,4,5,1,3,4,3,5,2,5,4,3,4,4,1,4,4,5,1,5,4,1,4,3,5,2,2,1,3,5,1,3,2,1,0.56,0.54,0.74,0.64,0.5,Michael Jones,27,Female
4,2,3,2,5,1,3,1,5,5,4,1,5,5,4,2,3,2,2,1,1,4,4,2,1,4,1,5,3,3,5,2,1,2,1,2,1,3,2,5,3,2,4,5,3,5,4,5,1,2,0.62,0.58,0.56,0.48,0.68,Joshua Combs,20,Female
4,4,3,5,5,1,3,4,3,2,1,5,5,2,5,3,3,3,1,4,2,1,4,3,4,4,4,4,2,3,5,5,3,4,5,3,5,2,3,2,5,3,4,4,5,4,1,4,4,1,0.68,0.64,0.62,0.74,0.7,Matthew Reed,28,Male
2,3,1,5,2,5,4,2,2,5,5,4,4,4,4,4,2,2,1,1,5,2,3,3,3,2,3,2,2,2,3,5,2,1,1,4,4,4,4,2,2,5,3,4,3,4,4,3,2,1,0.62,0.62,0.54,0.6,0.62,David Brooks,29,Female
5,4,5,1,2,1,5,1,2,3,3,2,1,1,1,5,5,2,5,1,1,4,2,5,1,4,4,2,4,4,5,2,3,3,2,1,4,4,3,2,2,5,3,2,3,3,2,2,2,3,0.58,0.52,0.62,0.58,0.54,Christopher Singleton,21,Male
1,3,3,3,3,5,4,3,1,1,5,5,4,5,1,2,5,4,3,3,3,2,4,4,3,2,3,1,3,2,3,4,2,1,2,3,3,5,3,4,2,2,4,5,5,2,1,1,3,4,0.54,0.74,0.54,0.6,0.58,Nathan Parker,22,Male
5,2,1,5,1,3,1,3,1,3,4,4,1,3,1,3,2,4,5,2,2,4,3,2,4,2,5,2,3,5,1,4,5,4,3,3,3,3,1,4,3,4,5,1,1,5,5,3,3,3,0.5,0.58,0.64,0.62,0.66,Gregory Nelson,26,Female
4,4,4,2,1,5,2,1,4,4,2,3,1,3,1,1,4,5,2,5,3,3,1,3,4,2,5,4,4,5,3,2,3,3,3,2,3,3,1,4,2,5,1,1,3,2,3,4,4,1,0.62,0.54,0.68,0.54,0.52,Elizabeth Flores,21,Male
3,5,4,2,3,5,3,5,5,3,2,4,3,5,4,5,4,1,3,3,5,1,5,4,5,2,3,2,2,3,3,5,3,1,5,3,5,3,4,4,1,5,4,1,4,5,1,3,1,3,0.76,0.68,0.64,0.72,0.56,Carla Patton,26,Female
1,1,3,1,1,4,1,1,2,3,4,1,3,3,3,3,1,2,4,4,5,1,4,1,3,5,2,3,4,1,5,4,1,5,3,5,1,2,2,3,3,1,3,3,5,3,1,1,5,1,0.36,0.56,0.58,0.62,0.52,Tammy Lozano,20,Female
5,1,2,1,4,2,3,3,5,2,2,3,4,1,1,5,2,4,1,3,3,3,4,1,5,3,2,1,1,3,2,3,4,1,5,4,5,3,3,4,1,5,3,5,2,1,2,4,1,2,0.56,0.52,0.52,0.68,0.52,Wesley Ramirez,19,Female
2,5,1,1,3,3,1,5,1,2,3,1,5,2,3,5,1,1,2,2,3,4,4,4,5,3,1,3,5,5,4,3,2,1,3,4,3,5,5,1,4,3,2,2,3,2,5,4,2,3,0.48,0.5,0.74,0.62,0.6,Kathryn Allen,20,Female
4,2,5,3,5,5,2,2,4,5,5,1,5,2,4,3,5,2,2,1,4,1,3,5,1,2,5,1,3,2,1,2,1,1,4,1,1,1,2,3,2,5,5,2,5,5,2,1,4,5,0.74,0.6,0.54,0.34,0.72,James Walker,23,Female
2,3,5,2,2,3,5,5,3,1,3,3,1,3,2,2,4,4,5,5,3,3,2,5,4,2,5,1,2,4,4,2,3,4,5,3,3,4,1,4,3,2,5,1,3,5,4,2,1,1,0.62,0.64,0.62,0.66,0.54,Tracy Sanchez,25,Female
3,3,2,3,4,5,1,4,2,3,3,3,3,2,1,4,1,4,2,3,5,5,3,2,3,4,4,4,1,1,2,5,4,2,5,1,3,1,3,1,3,1,1,4,5,2,1,1,2,1,0.6,0.52,0.64,0.54,0.42,Ryan White,24,Male
2,2,1,4,5,1,3,1,1,2,5,1,4,1,4,5,3,1,4,2,3,4,5,1,4,2,2,4,5,2,5,4,5,4,5,4,1,4,4,4,4,2,3,4,3,1,5,5,4,5,0.44,0.6,0.64,0.8,0.72,Matthew Powell,18,Male
5,3,4,3,1,4,3,4,2,2,3,1,5,4,1,3,3,5,5,1,5,1,5,5,4,5,4,1,3,3,1,5,5,1,1,3,5,1,3,1,5,2,5,4,1,3,2,2,3,5,0.62,0.62,0.72,0.52,0.64,Carla Martin,23,Female
2,3,2,2,2,5,4,3,2,4,2,5,2,2,1,1,3,1,3,4,3,4,1,3,1,1,4,4,5,5,4,5,3,3,4,1,5,4,4,3,5,4,4,3,1,4,5,1,1,1,0.58,0.48,0.62,0.72,0.58,Maureen Johnson,20,Male
5,5,4,4,3,5,1,5,3,5,1,3,1,5,2,1,2,5,1,3,2,1,2,5,2,3,4,5,3,2,2,5,2,4,2,1,2,2,2,2,3,1,5,4,4,4,2,4,1,2,0.8,0.48,0.58,0.48,0.6,Gregory Melendez,20,Male
2,2,3,5,5,1,4,3,2,4,5,1,1,5,2,1,1,5,5,5,5,3,2,2,1,1,2,3,1,5,5,3,2,4,3,3,5,1,5,4,5,5,1,4,1,2,4,2,3,4,0.62,0.62,0.5,0.7,0.62,Michael Roth,24,Male
3,1,4,2,5,4,3,4,3,2,2,5,4,2,3,5,1,3,5,1,4,5,3,2,3,2,3,5,1,2,3,5,5,2,5,2,4,3,5,5,2,5,2,1,3,1,1,5,4,2,0.62,0.62,0.6,0.78,0.52,Samuel Diaz,20,Male
5,4,4,1,3,4,1,1,4,1,5,5,4,1,4,4,3,2,1,3,1,3,3,4,5,2,1,4,2,1,5,1,2,4,1,4,4,4,4,3,4,1,2,4,2,3,1,4,3,2,0.56,0.64,0.52,0.64,0.52,Melissa Brewer,29,Female
3,3,3,3,3,2,5,2,2,3,4,3,5,5,5,3,3,2,5,3,5,1,4,3,3,4,5,4,4,2,2,2,3,1,4,2,4,4,3,3,3,3,5,3,5,2,5,5,4,4,0.58,0.76,0.7,0.56,0.78,Anna Smith,24,Male
1,1,4,4,2,2,2,1,5,3,2,1,1,2,1,3,5,3,3,2,2,3,1,5,1,5,1,3,2,1,2,1,5,2,1,2,2,4,5,2,2,2,4,2,4,4,4,1,2,3,0.5,0.46,0.48,0.52,0.56,Katelyn Smith,18,Male
3,5,4,4,1,1,4,1,4,1,3,4,1,3,4,2,2,5,2,5,3,5,5,1,4,1,5,2,1,3,4,3,1,1,4,1,1,4,2,4,3,4,1,4,1,1,1,4,5,5,0.56,0.62,0.6,0.5,0.58,Nathaniel Estes,21,Male
4,3,2,1,2,3,5,4,1,1,4,4,2,5,3,1,3,2,1,1,2,1,3,1,2,3,5,1,5,2,4,2,4,5,4,2,3,1,2,4,1,2,1,4,5,1,5,2,5,5,0.52,0.52,0.5,0.62,0.62,Laura Williamson,18,Female
2,2,4,4,4,3,5,4,5,2,4,5,3,5,2,2,1,4,1,5,2,1,4,1,1,1,1,1,3,1,5,2,1,4,2,1,3,3,2,2,4,2,2,4,3,4,1,4,5,2,0.7,0.64,0.32,0.5,0.62,Taylor Schroeder,23,Male
1,2,3,1,5,5,2,2,5,5,4,4,4,2,5,1,3,1,1,5,4,1,5,2,1,3,1,1,2,5,1,5,1,4,5,3,3,1,4,4,1,4,1,5,5,4,2,1,5,1,0.62,0.6,0.5,0.62,0.58,Daniel Torres,25,Female
3,1,5,1,3,2,4,3,2,2,4,4,5,1,5,5,2,2,5,5,5,5,1,1,4,5,3,2,2,2,1,2,2,4,2,5,1,4,3,2,3,3,4,4,4,4,1,1,4,2,0.52,0.76,0.6,0.52,0.6,Katie Hughes,29,Female
1,4,5,5,2,3,3,3,4,3,1,3,3,5,1,3,2,3,4,5,2,1,4,2,4,1,1,5,2,3,4,2,4,2,1,3,3,2,5,1,5,1,4,5,3,5,3,3,1,1,0.66,0.6,0.5,0.54,0.62,Patrick Rich,28,Male
3,3,3,4,4,4,4,2,3,5,3,3,1,2,5,2,1,3,2,1,3,1,4,4,5,1,1,4,2,4,3,1,1,4,1,3,1,5,4,5,3,4,3,5,5,5,5,3,5,3,0.7,0.46,0.58,0.56,0.82,Debbie Waters,24,Female
2,3,2,2,1,1,1,3,4,3,1,5,3,2,5,5,5,5,5,3,4,1,5,2,2,3,5,4,4,2,3,2,1,3,2,3,1,3,5,5,3,1,5,4,1,2,2,1,4,4,0.44,0.78,0.64,0.56,0.54,Wanda Koch,22,Male
5,3,3,5,2,2,4,2,3,4,1,1,2,4,2,4,3,3,1,4,2,1,5,5,1,4,3,2,5,2,5,1,3,2,3,3,4,3,5,4,4,2,1,3,4,5,5,3,3,3,0.66,0.5,0.6,0.66,0.66,Kristine Lynch,22,Female
3,3,1,2,2,3,2,2,3,4,4,2,1,3,4,3,4,1,5,3,2,1,2,3,1,5,5,1,5,4,4,2,1,4,2,4,5,2,2,2,2,4,4,1,2,3,5,1,4,1,0.5,0.6,0.58,0.56,0.54,Crystal Harvey,28,Female
4,1,3,5,3,4,5,3,5,5,5,2,1,2,1,1,4,1,3,1,3,5,3,5,3,4,4,2,5,5,5,2,5,1,5,3,4,5,1,3,3,3,1,1,3,2,4,3,1,2,0.76,0.42,0.78,0.68,0.46,Miss Patricia Bryant,21,Female
1,4,4,1,2,3,2,4,2,5,5,4,1,1,4,3,5,4,1,1,3,3,3,2,2,2,3,1,5,4,1,5,1,3,5,3,5,1,5,5,4,3,1,2,2,5,1,3,2,3,0.56,0.58,0.56,0.68,0.52,Monica Schultz,28,Male
2,2,5,2,3,5,2,5,1,5,2,3,1,4,1,4,4,3,2,2,1,1,3,2,2,5,5,1,3,4,1,1,3,2,5,3,3,2,5,3,5,1,1,1,5,5,4,5,5,3,0.64,0.52,0.54,0.56,0.7,Evan Schultz,23,Female
2,3,3,3,2,3,3,4,2,4,5,1,3,2,2,3,3,4,2,4,5,5,4,2,2,3,5,4,5,1,3,5,1,1,3,3,1,2,2,3,2,3,2,3,5,2,1,4,1,2,0.58,0.58,0.72,0.48,0.5,Ronald Cantrell,23,Male
4,1,2,2,3,4,1,1,5,3,1,4,4,1,3,5,4,1,5,1,1,3,2,1,3,2,2,2,4,4,1,3,4,5,2,4,4,4,4,4,2,3,2,4,3,5,4,1,1,5,0.52,0.58,0.48,0.7,0.6,Jason Brown,18,Male
5,3,1,2,2,3,2,4,3,3,5,4,1,2,1,3,2,1,1,3,2,2,3,4,3,2,3,1,1,1,5,5,2,2,5,4,1,4,2,4,5,2,5,4,1,5,1,1,4,3,0.56,0.46,0.44,0.68,0.62,Hannah Campbell,21,Male
1,4,5,3,3,3,1,2,3,1,5,1,4,1,4,3,4,3,5,5,4,1,4,1,5,4,1,5,1,4,4,4,1,2,1,1,3,5,5,1,2,3,5,5,1,5,1,3,3,1,0.52,0.7,0.6,0.54,0.58,Lauren Smith,25,Male
4,1,1,3,1,5,3,1,4,3,3,3,3,5,3,3,5,3,2,1,2,3,3,4,3,5,2,2,1,4,5,4,3,3,5,2,3,3,4,3,2,3,2,3,1,5,5,5,4,3,0.52,0.62,0.58,0.7,0.66,Susan Mata,21,Male
2,1,4,4,3,1,3,5,4,4,2,3,4,2,1,1,4,1,1,3,4,4,1,5,4,3,1,3,3,2,2,5,4,1,1,1,4,3,3,5,4,5,1,3,1,5,2,3,1,1,0.62,0.44,0.6,0.58,0.52,Brian Dean,21,Male
1,4,4,2,2,5,4,2,5,5,4,5,2,4,5,4,2,2,5,3,5,5,5,5,1,1,2,5,3,4,3,2,2,4,2,3,3,3,1,2,5,4,1,5,4,2,5,5,2,1,0.68,0.72,0.72,0.5,0.68,Mr. Mark Myers,19,Female
1,5,1,2,1,1,4,2,2,2,3,4,2,4,3,5,4,5,1,3,4,1,4,1,4,2,1,1,5,4,2,5,4,1,2,2,2,5,3,3,4,3,2,5,4,1,4,1,2,4,0.42,0.68,0.54,0.58,0.6,Yvette Yu,18,Male
2,3,3,2,1,3,5,2,5,1,2,1,1,3,2,3,5,4,1,2,5,4,1,2,3,5,1,5,2,5,3,1,2,4,5,5,5,2,1,3,3,3,4,3,1,2,3,3,3,4,0.54,0.48,0.66,0.62,0.58,Renee Wilson,19,Female
4,2,4,2,4,2,5,4,3,1,3,4,4,4,3,4,1,1,5,4,1,3,4,1,3,1,3,5,5,3,4,1,3,4,4,3,3,2,1,4,1,1,2,3,2,2,5,5,2,4,0.62,0.66,0.58,0.58,0.54,Natasha Fleming,24,Female
4,4,2,4,1,1,2,5,5,3,5,5,3,3,1,3,2,4,3,1,4,1,1,1,5,3,2,3,3,3,5,2,5,1,2,2,5,4,3,1,3,3,1,2,3,4,2,4,4,4,0.62,0.6,0.52,0.6,0.6,Steven Elliott,24,Male
3,4,3,5,2,4,5,2,1,4,5,2,5,3,3,2,4,5,1,4,3,5,4,1,5,5,3,3,2,1,1,3,5,5,2,3,3,4,5,3,1,1,3,3,4,5,1,4,4,4,0.66,0.68,0.64,0.68,0.6,Miss Melissa Ayers,26,Male
4,5,1,4,1,4,1,5,5,3,3,4,2,1,2,5,2,4,2,5,3,1,3,3,5,3,5,4,1,4,2,3,1,3,2,2,2,3,5,2,5,2,5,4,2,5,5,2,5,1,0.66,0.6,0.64,0.5,0.72,Jennifer Perez,20,Male
4,2,1,4,5,4,1,3,1,1,3,3,5,2,5,4,5,5,2,1,2,5,1,4,2,2,3,5,2,1,1,5,2,2,3,5,5,2,4,4,5,2,1,3,2,5,1,1,5,4,0.52,0.7,0.54,0.66,0.58,Aaron Ramos,27,Female
5,4,5,4,5,3,5,4,1,2,1,5,2,4,4,2,5,4,4,2,5,2,3,3,2,5,1,1,3,2,2,3,5,4,5,5,4,5,1,4,4,4,3,3,2,4,5,5,4,3,0.76,0.66,0.54,0.76,0.74,Monica Thompson,26,Female
5,4,4,1,5,1,4,1,4,1,1,1,1,3,2,5,4,5,4,3,2,2,4,5,3,2,4,3,3,1,5,4,2,3,4,4,3,4,3,3,4,2,1,2,2,2,5,2,2,1,0.6,0.58,0.58,0.7,0.46,Kimberly Ray,22,Female
